timestamp,machine_id,temperature,vibration,health
2026-05-17 11:42:11,M1,90.04,3.86
2026-05-17 11:42:13,M2,68.1,3.52
2026-05-17 11:42:15,M1,65.6,3.95
2026-05-17 11:42:17,M1,69.01,1.75
2026-05-17 11:42:19,M1,75.05,4.41
2026-05-17 11:42:21,M3,55.23,2.64
2026-05-17 11:42:23,M2,63.51,2.67
2026-05-17 11:42:25,M3,90.89,1.63
2026-05-17 11:42:27,M3,76.19,2.37
2026-05-17 11:42:29,M1,87.69,3.11
2026-05-17 11:42:31,M1,59.76,1.33
2026-05-17 11:42:33,M3,75.13,1.03
2026-05-17 11:42:35,M1,61.17,3.37
2026-05-17 11:42:37,M1,79.49,1.73
2026-05-17 11:42:39,M1,63.63,4.3
2026-05-17 11:42:41,M2,78.06,2.06
2026-05-17 11:42:43,M3,75.13,3.34
2026-05-17 11:42:45,M3,78.64,2.21
2026-05-17 11:42:47,M2,83.16,1.64
2026-05-17 11:42:49,M2,79.72,1.16
2026-05-17 11:42:51,M1,77.27,4.31
2026-05-17 11:42:53,M2,89.3,4.26
2026-05-17 11:42:55,M3,60.47,2.6
2026-05-17 11:42:57,M1,58.38,2.81
2026-05-17 11:42:59,M2,66.42,2.47
2026-05-17 11:43:01,M2,75.59,4.03
2026-05-17 11:43:03,M3,74.48,2.74
2026-05-17 11:43:05,M2,57.04,1.95
2026-05-17 11:43:07,M3,59.6,2.61
2026-05-17 11:43:09,M2,57.71,2.43
2026-05-17 11:43:11,M3,75.65,4.23
2026-05-17 11:43:13,M1,67.03,3.33
2026-05-17 11:43:15,M3,91.54,4.82
2026-05-17 11:43:17,M1,63.15,4.98
2026-05-17 11:43:19,M2,87.2,1.74
2026-05-17 11:45:06,M1,91.45,1.47
2026-05-17 11:45:08,M1,78.94,2.07
2026-05-17 11:45:10,M1,75.84,1.17
2026-05-17 11:45:12,M3,67.07,3.07
2026-05-17 11:45:14,M3,70.54,1.14
2026-05-17 11:45:16,M2,93.01,4.08
2026-05-17 11:45:18,M3,68.99,1.3
2026-05-17 11:45:20,M2,78.61,3.67
2026-05-17 11:45:22,M2,67.18,2.74
2026-05-17 11:45:24,M2,62.38,3.14
2026-05-17 11:45:26,M1,57.11,3.14
2026-05-17 11:45:28,M1,85.37,1.2
2026-05-17 11:45:30,M3,71.66,3.98
2026-05-17 11:45:32,M1,91.46,4.82
2026-05-17 11:45:34,M2,55.99,1.02
2026-05-17 11:45:36,M3,94.0,4.18
2026-05-17 11:45:38,M1,76.18,2.71
2026-05-17 11:45:40,M1,69.51,3.57
2026-05-17 11:45:42,M2,91.75,4.12
2026-05-17 11:45:44,M3,92.24,1.86
2026-05-17 11:45:46,M3,58.31,1.94
2026-05-17 11:45:48,M2,66.81,3.98
2026-05-17 11:45:50,M3,83.63,2.68
2026-05-17 11:45:52,M2,56.63,3.08
2026-05-17 11:45:54,M1,92.17,2.44
2026-05-17 11:45:56,M2,64.28,1.93
2026-05-17 11:45:58,M2,90.25,1.78
2026-05-17 11:46:00,M3,75.19,4.64
2026-05-17 11:46:02,M3,77.68,3.35
2026-05-17 11:46:04,M3,57.3,1.4
2026-05-17 11:46:06,M2,83.86,1.78
2026-05-17 11:46:08,M2,81.59,3.4
2026-05-17 11:46:10,M1,58.08,4.61
2026-05-17 11:46:12,M3,61.11,2.61
2026-05-17 11:46:14,M1,89.03,4.78
2026-05-17 11:46:16,M1,64.69,1.33
2026-05-17 11:46:18,M2,76.44,3.65
2026-05-17 11:46:20,M2,69.97,3.98
2026-05-17 11:46:22,M1,78.85,2.41
2026-05-17 11:46:24,M1,83.58,4.76
2026-05-17 11:46:26,M2,58.3,3.59
2026-05-17 11:46:28,M2,70.39,4.65
2026-05-17 11:46:30,M3,67.27,4.92
2026-05-17 12:01:05,M2,65.72,4.01
2026-05-17 12:01:07,M1,64.66,4.63
2026-05-17 12:01:09,M1,61.51,4.03
2026-05-17 12:01:11,M2,81.22,1.51
2026-05-17 12:01:13,M3,83.5,1.25
2026-05-17 12:01:15,M2,58.63,3.71
2026-05-17 12:01:17,M1,86.23,2.72
2026-05-17 12:01:19,M3,89.67,4.05
2026-05-17 12:01:21,M2,57.82,4.1
2026-05-17 12:01:23,M3,55.33,3.53
2026-05-17 12:01:25,M3,87.78,2.73
2026-05-17 12:01:27,M1,60.31,4.02
2026-05-17 12:01:29,M3,79.56,1.23
2026-05-17 12:01:31,M3,68.1,1.88
2026-05-17 12:01:33,M2,87.92,1.16
2026-05-17 12:01:35,M3,66.56,1.99
2026-05-17 12:01:37,M2,65.3,4.85
2026-05-17 12:01:39,M3,93.93,1.48
2026-05-17 12:01:41,M1,71.6,1.6
2026-05-17 12:01:43,M2,77.93,1.64
2026-05-17 12:01:45,M2,58.18,2.42
2026-05-17 12:01:47,M2,93.4,3.79
2026-05-17 12:01:49,M2,87.93,2.79
2026-05-17 12:01:51,M3,90.73,4.98
2026-05-17 12:01:53,M1,84.61,3.41
2026-05-17 12:01:55,M1,58.62,4.54
2026-05-17 12:01:57,M3,61.31,2.31
2026-05-17 12:01:59,M1,89.92,2.41
2026-05-17 12:02:01,M3,56.36,3.23
2026-05-17 12:02:03,M3,84.5,1.11
2026-05-17 12:02:05,M2,75.04,4.23
2026-05-17 12:02:07,M2,62.54,1.37
2026-05-17 12:02:09,M2,81.93,3.86
2026-05-17 12:02:11,M3,78.81,1.2
2026-05-17 12:02:13,M3,80.56,1.93
2026-05-17 12:02:15,M1,74.82,3.73
2026-05-17 12:02:17,M1,89.15,1.04
2026-05-17 12:02:19,M1,83.4,4.56
2026-05-17 12:02:21,M3,61.93,2.26
2026-05-17 12:02:23,M2,65.05,2.33
2026-05-17 12:02:26,M1,63.72,4.48
2026-05-17 12:02:28,M3,93.85,3.33
2026-05-17 12:02:30,M1,71.81,4.47
2026-05-17 12:02:32,M3,93.9,3.59
2026-05-17 12:02:34,M3,80.37,1.97
2026-05-17 12:02:36,M1,86.55,1.86
2026-05-17 12:02:38,M2,74.35,4.3
2026-05-17 12:02:40,M3,60.95,4.09
2026-05-17 12:02:42,M1,82.18,2.2
2026-05-17 12:02:44,M1,75.92,3.26
2026-05-17 12:02:56,M3,63.63,3.8
2026-05-17 12:02:58,M1,90.74,3.36
2026-05-17 12:03:00,M1,77.65,3.97
2026-05-17 12:03:02,M3,68.61,1.63
2026-05-17 12:03:04,M2,92.84,3.3
2026-05-17 12:03:06,M3,73.32,4.33
2026-05-17 12:03:08,M1,84.19,2.93
2026-05-17 12:03:10,M3,58.92,2.41
2026-05-17 12:03:12,M3,82.65,1.83
2026-05-17 12:03:14,M2,77.31,2.32
2026-05-17 12:03:16,M3,68.09,3.17
2026-05-17 12:03:18,M3,93.75,1.84
2026-05-17 12:03:20,M3,88.43,4.73
2026-05-17 12:03:22,M3,62.91,4.73
2026-05-17 12:03:24,M3,65.77,1.98
2026-05-17 12:03:26,M2,62.66,3.81
2026-05-17 12:03:28,M2,85.1,1.86
2026-05-17 12:03:30,M3,89.76,2.04
2026-05-17 12:03:32,M2,59.19,1.9
2026-05-17 12:03:34,M1,84.22,2.32
2026-05-17 12:03:36,M2,79.94,3.58
2026-05-17 12:03:38,M1,93.51,1.49
2026-05-17 12:03:40,M3,87.83,4.86
2026-05-17 12:03:42,M1,57.83,4.42
2026-05-17 12:03:44,M1,80.08,4.99
2026-05-17 12:03:46,M1,86.39,2.27
2026-05-17 12:03:48,M2,67.82,1.04
2026-05-17 12:03:50,M2,89.71,4.4
2026-05-17 12:03:52,M3,63.8,1.52
2026-05-17 12:03:54,M3,77.99,2.45
2026-05-17 12:03:56,M1,90.32,1.63
2026-05-17 12:03:58,M1,86.23,1.53
2026-05-17 12:04:00,M2,67.97,3.09
2026-05-17 12:04:02,M3,69.06,2.27
2026-05-17 12:04:04,M1,69.4,4.68
2026-05-17 12:04:06,M2,67.37,3.48
2026-05-17 12:04:08,M1,64.76,1.1
2026-05-17 12:04:10,M1,59.14,2.69
2026-05-17 12:04:12,M2,64.43,1.84
2026-05-17 12:04:14,M3,65.82,3.26
2026-05-17 12:04:16,M2,66.99,2.25
2026-05-17 12:04:18,M3,67.13,1.95
2026-05-17 12:04:20,M3,60.73,4.42
2026-05-17 12:04:22,M3,58.67,3.86
2026-05-17 12:04:24,M1,56.45,3.12
2026-05-17 12:04:26,M1,55.23,1.17
2026-05-17 12:04:28,M1,60.59,2.74
2026-05-17 12:04:30,M2,75.23,3.43
2026-05-17 12:04:32,M3,81.69,2.68
2026-05-17 12:04:34,M3,83.03,2.56
2026-05-17 12:04:36,M3,83.91,4.34
2026-05-17 12:04:38,M2,87.47,4.61
2026-05-17 12:04:40,M2,64.85,1.72
2026-05-17 12:04:42,M1,61.77,2.32
2026-05-17 12:04:44,M2,89.91,4.28
2026-05-17 12:04:46,M1,58.1,2.85
2026-05-17 12:04:48,M1,89.46,1.3
2026-05-17 12:04:50,M3,83.5,3.87
2026-05-17 12:04:52,M2,88.96,3.44
2026-05-17 12:04:54,M1,76.01,4.7
2026-05-17 12:04:56,M3,72.08,4.61
2026-05-17 12:04:58,M1,55.99,2.96
2026-05-17 12:05:00,M2,75.38,1.4
2026-05-17 12:05:02,M3,65.98,1.67
2026-05-17 12:05:04,M3,86.65,4.57
2026-05-17 12:05:06,M1,88.86,2.93
2026-05-17 12:05:08,M3,55.31,4.58
2026-05-17 12:05:10,M3,69.95,2.6
2026-05-17 12:05:12,M2,74.17,1.63
2026-05-17 12:05:14,M1,82.06,1.23
2026-05-17 12:05:16,M3,68.8,3.04
2026-05-17 12:05:18,M3,67.8,1.88
2026-05-17 12:05:20,M1,67.02,4.72
2026-05-17 12:05:22,M2,61.42,3.23
2026-05-17 12:05:24,M1,83.3,1.53
2026-05-17 12:05:26,M1,92.53,4.89
2026-05-17 12:05:28,M1,65.3,1.97
2026-05-17 12:05:30,M2,77.12,1.6
2026-05-17 12:05:32,M2,62.92,4.98
2026-05-17 12:05:34,M3,66.94,1.33
2026-05-17 12:05:36,M3,90.71,4.57
2026-05-17 12:05:38,M2,79.97,4.09
2026-05-17 12:05:40,M3,94.39,4.43
2026-05-17 12:05:42,M3,86.76,2.06
2026-05-17 12:05:44,M2,85.4,1.34
2026-05-17 12:05:46,M3,73.13,1.69
2026-05-17 12:05:48,M3,73.6,4.37
2026-05-17 12:05:50,M1,68.73,3.54
2026-05-17 12:05:52,M2,81.71,3.79
2026-05-17 12:05:54,M1,73.04,4.61
2026-05-17 12:05:56,M3,85.54,1.14
2026-05-17 12:05:58,M2,82.65,3.31
2026-05-17 12:06:00,M3,74.03,2.23
2026-05-17 12:06:02,M3,88.77,1.57
2026-05-17 12:06:04,M2,68.97,3.76
2026-05-17 12:06:06,M1,60.13,2.08
2026-05-17 12:06:08,M3,56.68,1.23
2026-05-17 12:06:10,M3,83.58,1.16
2026-05-17 12:06:12,M1,87.3,3.22
2026-05-17 12:06:14,M3,84.1,2.58
2026-05-17 12:06:16,M1,63.73,1.55
2026-05-17 12:06:18,M1,90.74,1.01
2026-05-17 12:06:20,M2,82.46,2.28
2026-05-17 12:06:22,M3,71.64,1.66
2026-05-17 12:06:24,M2,66.59,3.33
2026-05-17 12:06:26,M1,69.0,1.04
2026-05-17 12:06:28,M3,94.69,1.95
2026-05-17 12:06:30,M3,72.02,1.44
2026-05-17 12:06:32,M3,66.74,3.03
2026-05-17 12:06:34,M2,57.1,4.96
2026-05-17 12:06:36,M3,59.62,2.35
2026-05-17 12:06:38,M3,72.86,2.83
2026-05-17 12:06:40,M3,66.18,4.36
2026-05-17 12:06:42,M1,60.25,1.72
2026-05-17 12:06:44,M2,85.18,3.26
2026-05-17 12:06:46,M2,92.16,1.42
2026-05-17 12:06:48,M3,76.88,4.11
2026-05-17 12:06:50,M2,65.25,2.22
2026-05-17 12:06:52,M2,64.35,4.88
2026-05-17 12:06:54,M3,75.42,3.61
2026-05-17 12:06:56,M3,92.61,2.68
2026-05-17 12:06:58,M2,64.38,1.3
2026-05-17 12:07:00,M2,89.2,3.78
2026-05-17 12:07:02,M2,72.87,1.07
2026-05-17 12:07:04,M2,61.99,3.07
2026-05-17 12:07:06,M2,76.83,2.16
2026-05-17 12:07:08,M2,88.31,4.26
2026-05-17 12:07:10,M1,58.85,3.1
2026-05-17 12:07:12,M2,64.19,3.25
2026-05-17 12:07:14,M1,80.9,2.27
2026-05-17 12:07:16,M3,86.86,2.43
2026-05-17 12:07:18,M3,82.69,3.22
2026-05-17 12:07:20,M3,88.56,2.3
2026-05-17 12:07:22,M3,80.75,2.5
2026-05-17 12:07:24,M3,88.14,4.59
2026-05-17 12:07:26,M2,70.01,1.31
2026-05-17 12:07:28,M1,74.89,3.22
2026-05-17 12:07:30,M3,85.31,3.93
2026-05-17 12:07:32,M3,63.81,3.09
2026-05-17 12:07:34,M1,62.04,3.86
2026-05-17 12:07:36,M2,94.44,4.67
2026-05-17 12:07:38,M2,80.98,4.37
2026-05-17 12:07:40,M2,86.8,2.75
2026-05-17 12:07:42,M3,87.05,1.41
2026-05-17 12:07:44,M1,87.9,4.3
2026-05-17 12:07:46,M3,68.13,2.15
2026-05-17 12:07:48,M2,77.6,4.98
2026-05-17 12:07:50,M1,90.65,2.58
2026-05-17 12:07:52,M1,59.31,3.86
2026-05-17 12:07:54,M1,78.03,4.19
2026-05-17 12:07:57,M3,63.54,3.59
2026-05-17 12:07:59,M3,77.44,4.69
2026-05-17 12:08:01,M2,59.44,1.76
2026-05-17 12:08:03,M1,80.31,2.26
2026-05-17 12:08:05,M1,76.49,1.54
2026-05-17 12:08:07,M1,73.89,3.95
2026-05-17 12:08:09,M3,78.69,3.62
2026-05-17 12:08:11,M3,92.88,4.36
2026-05-17 12:08:13,M3,77.11,4.41
2026-05-17 12:08:15,M2,81.52,1.28
2026-05-17 12:08:17,M2,60.21,2.75
2026-05-17 12:08:19,M1,75.26,1.68
2026-05-17 12:08:21,M2,59.53,4.34
2026-05-17 12:08:23,M1,77.17,3.32
2026-05-17 12:08:25,M3,61.84,1.68
2026-05-17 12:08:27,M3,68.56,1.56
2026-05-17 12:08:29,M3,90.52,2.82
2026-05-17 12:08:31,M2,80.09,3.93
2026-05-17 12:08:33,M3,60.26,3.02
2026-05-17 12:08:35,M2,85.1,2.69
2026-05-17 12:08:37,M3,90.83,2.06
2026-05-17 12:08:39,M1,56.62,1.29
2026-05-17 12:08:41,M2,90.06,3.83
2026-05-17 12:08:43,M2,92.69,3.23
2026-05-17 12:08:45,M3,94.85,4.04
2026-05-17 12:08:47,M2,56.44,4.54
2026-05-17 12:08:49,M1,66.36,4.57
2026-05-17 12:08:51,M3,67.56,1.57
2026-05-17 12:08:53,M2,75.22,4.53
2026-05-17 12:08:55,M2,84.15,1.41
2026-05-17 12:08:57,M3,88.57,4.84
2026-05-17 12:08:59,M2,69.35,2.31
2026-05-17 12:09:01,M2,71.66,4.22
2026-05-17 12:09:03,M2,77.86,4.25
2026-05-17 12:09:05,M2,60.22,1.17
2026-05-17 12:09:07,M2,60.45,2.74
2026-05-17 12:09:09,M1,94.5,3.83
2026-05-17 12:09:11,M1,79.61,2.99
2026-05-17 12:09:13,M2,63.4,3.15
2026-05-17 12:09:15,M2,94.9,1.28
2026-05-17 12:09:17,M3,77.77,4.9
2026-05-17 12:09:19,M1,74.57,4.55
2026-05-17 12:09:21,M2,60.03,3.68
2026-05-17 12:09:23,M2,68.04,1.93
2026-05-17 12:09:25,M3,61.4,1.96
2026-05-17 12:09:27,M3,77.17,4.03
2026-05-17 12:09:29,M1,71.78,3.37
2026-05-17 12:09:31,M3,77.9,1.12
2026-05-17 12:09:33,M1,63.92,3.5
2026-05-17 12:09:35,M1,90.08,1.92
2026-05-17 12:09:37,M2,85.86,3.5
2026-05-17 12:09:39,M2,89.57,4.07
2026-05-17 12:09:41,M2,67.08,4.92
2026-05-17 12:09:43,M2,92.87,1.1
2026-05-17 12:09:45,M2,74.56,2.28
2026-05-17 12:09:47,M1,79.42,3.9
2026-05-17 12:09:49,M3,65.09,2.56
2026-05-17 12:09:51,M2,60.52,2.33
2026-05-17 12:09:53,M3,62.75,3.23
2026-05-17 12:09:55,M1,93.76,3.5
2026-05-17 12:09:57,M3,85.51,2.48
2026-05-17 12:09:59,M3,93.44,4.55
2026-05-17 12:10:01,M1,59.26,4.1
2026-05-17 12:10:03,M2,83.01,2.95
2026-05-17 12:10:05,M3,61.97,4.0
2026-05-17 12:10:07,M2,60.74,4.12
2026-05-17 12:10:09,M3,58.69,2.48
2026-05-17 12:10:11,M3,62.24,1.29
2026-05-17 12:10:13,M3,80.69,4.82
2026-05-17 12:10:15,M2,60.88,4.65
2026-05-17 12:10:17,M3,91.2,2.11
2026-05-17 12:10:19,M1,67.23,4.19
2026-05-17 12:10:21,M2,82.43,3.4
2026-05-17 12:10:23,M3,64.4,2.68
2026-05-17 12:10:25,M3,59.46,4.33
2026-05-17 12:10:27,M3,80.9,3.43
2026-05-17 12:10:29,M3,80.79,1.21
2026-05-17 12:10:31,M3,64.44,4.07
2026-05-17 12:10:33,M2,78.33,1.25
2026-05-17 12:10:35,M3,62.39,4.65
2026-05-17 12:10:37,M3,88.76,4.66
2026-05-17 12:10:39,M3,57.54,1.25
2026-05-17 12:10:41,M2,78.23,3.87
2026-05-17 12:10:43,M2,94.84,4.63
2026-05-17 12:10:45,M3,64.93,1.63
2026-05-17 12:10:47,M1,82.07,4.05
2026-05-17 12:10:49,M2,69.45,4.11
2026-05-17 12:10:51,M2,67.92,2.16
2026-05-17 12:10:53,M1,83.62,2.6
2026-05-17 12:10:55,M2,61.51,2.8
2026-05-17 12:10:57,M3,67.74,4.95
2026-05-17 12:10:59,M1,90.9,4.44
2026-05-17 12:11:01,M1,82.35,4.18
2026-05-17 12:11:03,M1,56.57,4.24
2026-05-17 12:11:05,M2,55.4,2.62
2026-05-17 12:11:07,M2,67.06,4.03
2026-05-17 12:11:09,M3,64.17,4.69
2026-05-17 12:11:11,M2,55.21,3.93
2026-05-17 12:11:13,M2,81.77,1.13
2026-05-17 12:11:15,M3,85.58,3.91
2026-05-17 12:11:17,M3,91.35,3.91
2026-05-17 12:11:19,M2,93.81,4.6
2026-05-17 12:11:21,M1,77.88,2.61
2026-05-17 12:11:23,M2,89.25,1.91
2026-05-17 12:11:25,M2,87.36,1.21
2026-05-17 12:11:27,M3,90.14,1.29
2026-05-17 12:11:29,M1,79.64,2.48
2026-05-17 12:11:31,M3,77.86,1.3
2026-05-17 12:11:33,M2,89.65,2.92
2026-05-17 12:11:35,M3,94.2,1.03
2026-05-17 12:11:37,M3,88.54,2.96
2026-05-17 12:11:39,M3,72.12,1.05
2026-05-17 12:11:41,M2,77.44,1.87
2026-05-17 12:11:43,M1,59.87,2.96
2026-05-17 12:11:45,M1,73.19,1.89
2026-05-17 12:11:47,M1,74.28,1.72
2026-05-17 12:11:49,M3,78.13,2.78
2026-05-17 12:11:51,M1,56.04,4.97
2026-05-17 12:11:53,M2,90.47,1.87
2026-05-17 12:11:55,M2,63.18,1.86
2026-05-17 12:11:57,M2,93.64,1.47
2026-05-17 12:11:59,M1,90.44,1.87
2026-05-17 12:12:01,M1,92.32,3.22
2026-05-17 12:12:03,M1,58.2,3.75
2026-05-17 12:12:05,M1,61.75,1.98
2026-05-17 12:12:07,M1,81.29,4.03
2026-05-17 12:12:09,M3,58.03,4.51
2026-05-17 12:12:11,M1,88.47,1.36
2026-05-17 12:12:13,M1,58.92,3.97
2026-05-17 12:12:15,M2,77.23,2.34
2026-05-17 12:12:17,M2,62.93,4.33
2026-05-17 12:12:19,M2,86.86,4.95
2026-05-17 12:12:21,M1,66.62,4.94
2026-05-17 12:12:23,M1,67.35,4.79
2026-05-17 12:12:25,M1,61.57,1.79
2026-05-17 12:12:27,M1,66.37,1.2
2026-05-17 12:12:29,M1,60.37,2.68
2026-05-17 12:12:31,M2,79.45,4.04
2026-05-17 12:12:33,M2,79.17,4.69
2026-05-17 12:12:35,M3,65.73,2.62
2026-05-17 12:12:37,M1,84.72,1.21
2026-05-17 12:12:39,M1,86.19,3.53
2026-05-17 12:12:41,M1,58.57,1.06
2026-05-17 12:12:43,M1,59.89,4.99
2026-05-17 12:12:45,M3,90.9,4.77
2026-05-17 12:12:47,M1,59.99,1.6
2026-05-17 12:12:49,M2,80.49,1.29
2026-05-17 12:12:51,M3,91.34,2.18
2026-05-17 12:12:53,M2,93.02,1.69
2026-05-17 12:12:55,M3,69.21,1.34
2026-05-17 12:12:57,M3,66.24,1.23
2026-05-17 12:12:59,M1,58.49,2.16
2026-05-17 12:13:01,M2,58.39,4.32
2026-05-17 12:13:03,M1,91.56,4.1
2026-05-17 12:13:05,M3,81.02,2.26
2026-05-17 12:13:07,M2,58.22,3.81
2026-05-17 12:13:09,M2,62.56,3.94
2026-05-17 12:13:11,M2,69.51,3.15
2026-05-17 12:13:13,M2,80.96,2.53
2026-05-17 12:13:15,M3,74.26,1.07
2026-05-17 12:13:17,M1,88.91,2.3
2026-05-17 12:13:19,M3,94.03,3.4
2026-05-17 12:13:21,M1,67.65,4.33
2026-05-17 12:13:23,M2,64.46,4.51
2026-05-17 12:13:25,M2,69.6,4.52
2026-05-17 12:13:27,M3,86.88,3.37
2026-05-17 12:13:29,M3,83.56,1.16
2026-05-17 12:13:31,M3,62.46,1.68
2026-05-17 12:13:33,M1,58.35,2.19
2026-05-17 12:13:35,M2,86.4,2.47
2026-05-17 12:13:37,M1,90.98,4.58
2026-05-17 12:13:39,M3,92.24,3.94
2026-05-17 12:13:41,M3,82.94,2.86
2026-05-17 12:13:43,M3,92.22,2.06
2026-05-17 12:13:45,M1,74.48,2.79
2026-05-17 12:13:47,M2,73.7,4.53
2026-05-17 12:13:49,M3,90.12,2.53
2026-05-17 12:13:51,M3,67.38,2.08
2026-05-17 12:13:53,M3,93.75,1.94
2026-05-17 12:13:55,M2,62.77,3.44
2026-05-17 12:13:57,M3,62.37,4.12
2026-05-17 12:13:59,M2,78.79,3.95
2026-05-17 12:14:01,M2,76.47,3.97
2026-05-17 12:14:03,M1,67.3,3.42
2026-05-17 12:14:05,M1,71.24,2.05
2026-05-17 12:14:07,M2,93.71,4.6
2026-05-17 12:14:09,M2,68.91,2.31
2026-05-17 12:14:11,M3,94.57,1.91
2026-05-17 12:14:13,M2,88.5,1.61
2026-05-17 12:14:15,M3,61.12,4.84
2026-05-17 12:14:17,M1,58.95,3.06
2026-05-17 12:14:19,M2,68.21,3.6
2026-05-17 12:14:21,M3,82.81,2.1
2026-05-17 12:14:23,M2,75.08,3.72
2026-05-17 12:14:25,M1,70.02,2.7
2026-05-17 12:14:27,M3,88.27,3.25
2026-05-17 12:14:29,M2,87.41,3.87
2026-05-17 12:14:31,M1,74.82,1.87
2026-05-17 12:14:33,M2,65.27,2.98
2026-05-17 12:14:35,M1,55.23,3.4
2026-05-17 12:14:37,M3,55.2,1.96
2026-05-17 12:14:39,M1,62.8,2.6
2026-05-17 12:14:41,M2,56.55,3.39
2026-05-17 12:14:43,M1,69.76,1.17
2026-05-17 12:14:45,M2,67.6,1.96
2026-05-17 12:14:47,M1,70.04,3.08
2026-05-17 12:14:49,M1,62.42,1.13
2026-05-17 12:14:51,M1,79.98,1.73
2026-05-17 12:14:53,M3,55.22,4.93
2026-05-17 12:14:55,M2,93.69,1.49
2026-05-17 12:14:57,M3,94.04,4.13
2026-05-17 12:14:59,M3,67.36,1.99
2026-05-17 12:15:01,M1,86.9,1.05
2026-05-17 12:15:03,M3,68.26,3.99
2026-05-17 12:15:05,M1,88.6,3.02
2026-05-17 12:15:07,M1,91.47,2.25
2026-05-17 12:15:09,M3,67.73,2.25
2026-05-17 12:15:11,M3,57.15,1.3
2026-05-17 12:15:13,M3,57.1,3.3
2026-05-17 12:15:15,M3,71.39,4.36
2026-05-17 12:15:17,M2,83.06,3.6
2026-05-17 12:15:19,M2,76.67,2.28
2026-05-17 12:15:21,M3,67.72,4.95
2026-05-17 12:15:23,M1,91.92,1.4
2026-05-17 12:15:25,M2,88.87,4.09
2026-05-17 12:15:27,M3,72.5,4.09
2026-05-17 12:15:29,M1,84.12,3.36
2026-05-17 12:15:31,M1,81.9,3.5
2026-05-17 12:15:33,M2,57.71,1.04
2026-05-17 12:15:35,M2,62.79,1.67
2026-05-17 12:15:37,M2,60.92,4.68
2026-05-17 12:15:39,M3,72.7,1.21
2026-05-17 12:15:41,M2,87.54,3.48
2026-05-17 12:15:43,M2,94.79,2.33
2026-05-17 12:15:45,M1,61.73,1.48
2026-05-17 12:15:47,M2,72.86,1.79
2026-05-17 12:15:49,M1,67.31,4.1
2026-05-17 12:15:51,M3,87.88,4.6
2026-05-17 12:15:53,M3,66.76,1.24
2026-05-17 12:15:55,M3,75.12,1.39
2026-05-17 12:15:57,M3,84.91,1.3
2026-05-17 12:15:59,M1,73.51,3.78
2026-05-17 12:16:01,M3,67.11,4.9
2026-05-17 12:16:03,M1,56.14,1.66
2026-05-17 12:16:05,M3,65.01,1.16
2026-05-17 12:16:07,M1,92.29,1.15
2026-05-17 12:16:09,M1,80.7,3.12
2026-05-17 12:16:11,M2,57.41,3.6
2026-05-17 12:16:13,M3,74.68,2.35
2026-05-17 12:16:15,M3,75.17,1.52
2026-05-17 12:16:17,M1,77.4,1.38
2026-05-17 12:16:19,M1,77.38,3.74
2026-05-17 12:16:21,M3,94.58,1.08
2026-05-17 12:16:23,M3,89.92,3.61
2026-05-17 12:16:25,M1,60.13,2.45
2026-05-17 12:16:27,M1,94.33,4.72
2026-05-17 12:16:29,M1,55.47,4.93
2026-05-17 12:16:31,M3,63.48,3.35
2026-05-17 12:16:33,M1,76.68,4.87
2026-05-17 12:16:35,M3,60.29,3.29
2026-05-17 12:16:37,M2,64.14,3.07
2026-05-17 12:16:39,M1,66.42,4.25
2026-05-17 12:16:41,M2,94.37,3.59
2026-05-17 12:16:43,M3,76.08,1.08
2026-05-17 12:16:45,M2,61.63,4.33
2026-05-17 12:16:47,M1,56.63,3.53
2026-05-17 12:16:49,M1,74.15,2.58
2026-05-17 12:16:51,M1,87.19,2.16
2026-05-17 12:16:53,M1,70.17,1.9
2026-05-17 12:16:55,M1,75.09,3.53
2026-05-17 12:16:57,M3,84.18,1.28
2026-05-17 12:16:59,M3,64.78,3.03
2026-05-17 12:17:01,M1,63.15,2.6
2026-05-17 12:17:03,M2,64.98,3.85
2026-05-17 12:17:05,M2,56.31,4.85
2026-05-17 12:17:07,M2,77.99,1.63
2026-05-17 12:17:09,M2,82.99,1.44
2026-05-17 12:17:11,M3,55.92,1.68
2026-05-17 12:17:13,M1,77.39,4.09
2026-05-17 12:17:15,M1,94.88,2.19
2026-05-17 12:17:17,M3,84.0,1.96
2026-05-17 12:17:19,M1,93.64,4.52
2026-05-17 12:17:21,M3,71.91,1.1
2026-05-17 12:17:23,M3,73.73,2.75
2026-05-17 12:17:25,M1,76.94,1.77
2026-05-17 12:17:27,M3,60.6,4.64
2026-05-17 12:17:29,M3,84.23,3.44
2026-05-17 12:17:31,M2,84.97,1.03
2026-05-17 12:17:33,M1,55.45,3.7
2026-05-17 12:17:35,M1,57.7,4.44
2026-05-17 12:17:37,M2,55.02,1.08
2026-05-17 12:17:39,M2,87.33,1.88
2026-05-17 12:17:41,M1,88.91,1.11
2026-05-17 12:17:44,M3,67.66,2.43
2026-05-17 12:17:46,M3,82.32,3.8
2026-05-17 12:17:48,M3,84.98,4.77
2026-05-17 12:17:50,M2,84.6,4.45
2026-05-17 12:17:52,M3,74.35,1.32
2026-05-17 12:17:54,M2,68.37,1.59
2026-05-17 12:17:56,M2,74.45,3.06
2026-05-17 12:17:58,M1,92.46,3.5
2026-05-17 12:18:00,M2,89.34,4.99
2026-05-17 12:18:02,M1,76.53,3.79
2026-05-17 12:18:04,M2,55.34,1.06
2026-05-17 12:18:06,M2,93.09,2.07
2026-05-17 12:18:08,M3,61.01,1.8
2026-05-17 12:18:10,M1,72.33,1.27
2026-05-17 12:18:12,M3,88.05,2.22
2026-05-17 12:18:14,M1,80.78,4.19
2026-05-17 12:18:16,M1,87.68,2.97
2026-05-17 12:18:18,M1,92.44,2.32
2026-05-17 12:18:20,M2,58.16,4.95
2026-05-17 12:18:22,M2,57.29,2.56
2026-05-17 12:18:24,M2,81.02,3.88
2026-05-17 12:18:26,M2,90.56,3.13
2026-05-17 12:18:28,M2,60.19,4.14
2026-05-17 12:18:30,M1,88.15,2.96
2026-05-17 12:18:32,M3,74.3,4.85
2026-05-17 12:18:34,M3,83.09,2.39
2026-05-17 12:18:36,M3,84.42,2.58
2026-05-17 12:18:38,M1,77.75,2.21
2026-05-17 12:18:40,M2,62.39,3.56
2026-05-17 12:18:42,M3,73.77,2.51
2026-05-17 12:18:44,M1,80.84,5.0
2026-05-17 12:18:46,M1,83.31,4.51
2026-05-17 12:18:48,M2,91.66,4.59
2026-05-17 12:18:50,M2,84.94,4.01
2026-05-17 12:18:52,M3,77.31,2.45
2026-05-17 12:18:54,M2,86.0,2.01
2026-05-17 12:18:56,M3,80.85,4.72
2026-05-17 12:18:58,M2,59.95,4.61
2026-05-17 12:19:00,M1,57.5,4.61
2026-05-17 12:19:02,M3,86.92,2.33
2026-05-17 12:19:04,M1,65.34,1.39
2026-05-17 12:19:06,M1,69.27,1.68
2026-05-17 12:19:08,M2,84.41,2.95
2026-05-17 12:19:10,M3,83.59,2.56
2026-05-17 12:19:12,M2,69.93,3.44
2026-05-17 12:19:14,M1,55.73,1.44
2026-05-17 12:19:16,M2,79.9,2.43
2026-05-17 12:19:18,M1,74.07,4.32
2026-05-17 12:19:20,M2,84.38,3.77
2026-05-17 12:19:22,M2,93.6,2.9
2026-05-17 12:19:24,M3,94.31,2.55
2026-05-17 12:19:26,M2,84.49,3.24
2026-05-17 12:19:28,M2,94.31,2.33
2026-05-17 12:19:30,M2,68.39,4.64
2026-05-17 12:19:32,M2,61.3,1.74
2026-05-17 12:19:34,M3,59.59,1.71
2026-05-17 12:19:36,M3,77.52,3.1
2026-05-17 12:19:38,M2,68.96,2.92
2026-05-18 07:46:20,M3,91.68,3.54
2026-05-18 07:46:22,M1,93.63,2.81
2026-05-18 07:46:24,M2,58.25,4.64
2026-05-18 07:46:26,M1,78.26,2.8
2026-05-18 07:46:28,M3,71.22,4.7
2026-05-18 07:46:30,M2,75.43,2.06
2026-05-18 07:46:32,M2,81.81,4.96
2026-05-18 07:46:34,M3,77.66,1.35
2026-05-18 07:46:36,M1,68.15,1.69
2026-05-18 07:46:38,M1,93.42,2.73
2026-05-18 07:46:40,M3,62.81,1.02
2026-05-18 07:46:42,M2,91.92,1.54
2026-05-18 07:46:44,M2,73.46,1.71
2026-05-18 07:46:46,M1,72.15,4.06
2026-05-18 07:46:48,M3,66.04,4.8
2026-05-18 07:46:50,M2,55.42,3.33
2026-05-18 07:46:52,M3,90.37,3.48
2026-05-18 07:46:54,M3,82.82,4.87
2026-05-18 07:46:56,M1,75.4,1.89
2026-05-18 07:46:58,M2,91.15,3.79
2026-05-18 07:47:00,M2,56.26,1.92
2026-05-18 07:47:02,M3,64.04,2.66
2026-05-18 07:47:04,M3,71.47,1.5
2026-05-18 07:47:06,M1,94.92,1.75
2026-05-18 07:47:08,M3,93.11,2.67
2026-05-18 07:47:10,M1,78.56,1.63
2026-05-18 07:47:12,M1,65.89,3.82
2026-05-18 07:47:14,M3,82.36,4.14
2026-05-18 07:47:16,M2,68.7,3.45
2026-05-18 07:47:18,M3,80.74,3.57
2026-05-18 07:47:20,M3,58.67,4.61
2026-05-18 07:47:22,M2,63.61,2.96
2026-05-18 07:47:24,M2,81.79,2.14
2026-05-18 07:47:26,M3,60.88,3.18
2026-05-18 07:47:28,M3,92.96,2.39
2026-05-18 07:47:30,M1,89.98,2.32
2026-05-18 07:47:32,M2,66.53,4.43
2026-05-18 07:47:34,M3,85.97,1.11
2026-05-18 07:47:36,M2,58.36,1.24
2026-05-18 07:47:38,M1,75.67,2.57
2026-05-18 07:47:40,M3,65.54,4.33
2026-05-18 07:47:42,M3,78.23,4.25
2026-05-18 07:47:44,M3,76.42,2.84
2026-05-18 07:47:46,M1,73.69,3.0
2026-05-18 07:47:48,M2,80.1,3.76
2026-05-18 07:47:50,M2,58.96,2.79
2026-05-18 07:47:52,M2,74.42,2.84
2026-05-18 07:47:54,M2,92.03,4.43
2026-05-18 07:47:56,M2,76.27,2.44
2026-05-18 07:47:58,M1,82.82,3.51
2026-05-18 07:48:00,M3,89.56,1.4
2026-05-18 07:48:02,M2,70.56,4.22
2026-05-18 07:48:04,M3,80.68,1.61
2026-05-18 07:48:06,M2,92.97,4.38
2026-05-18 07:48:08,M2,62.5,1.24
2026-05-18 07:48:10,M3,64.44,3.9
2026-05-18 07:48:12,M3,66.55,4.88
2026-05-18 07:48:14,M1,63.77,2.31
2026-05-18 07:48:16,M1,89.06,3.97
2026-05-18 07:48:18,M2,86.88,1.36
2026-05-18 07:48:20,M1,59.91,3.85
2026-05-18 07:48:22,M1,63.69,2.83
2026-05-18 07:48:24,M2,82.87,3.46
2026-05-18 07:48:26,M2,70.23,1.75
2026-05-18 07:48:28,M1,72.16,4.88
2026-05-18 07:48:30,M3,85.41,4.23
2026-05-18 07:48:32,M3,61.39,1.1
2026-05-18 07:48:34,M2,89.26,4.79
2026-05-18 07:48:36,M2,59.13,2.38
2026-05-18 07:48:38,M2,57.53,3.3
2026-05-18 07:48:40,M3,64.8,1.79
2026-05-18 07:48:42,M3,72.74,4.1
2026-05-18 07:48:44,M2,88.06,3.62
2026-05-18 07:48:46,M2,55.24,2.78
2026-05-18 07:48:48,M2,93.89,4.63
2026-05-18 07:48:50,M1,64.23,2.41
2026-05-18 07:48:52,M3,92.33,3.89
2026-05-18 07:48:54,M1,74.28,3.65
2026-05-18 07:48:56,M1,64.03,3.8
2026-05-18 07:48:58,M3,82.97,2.52
2026-05-18 07:49:00,M3,91.81,3.47
2026-05-18 07:49:02,M1,76.47,4.84
2026-05-18 07:49:04,M1,58.99,4.74
2026-05-18 07:49:06,M2,93.86,1.9
2026-05-18 07:49:08,M2,93.65,4.46
2026-05-18 07:49:10,M2,88.92,1.35
2026-05-18 07:49:12,M3,73.6,2.78
2026-05-18 07:49:14,M3,66.48,3.31
2026-05-18 07:49:16,M2,83.03,4.95
2026-05-18 07:49:18,M1,60.93,1.73
2026-05-18 07:49:20,M1,63.58,1.4
2026-05-18 07:49:22,M3,63.86,2.22
2026-05-18 07:49:24,M3,79.72,2.82
2026-05-18 07:49:26,M3,60.09,2.52
2026-05-18 07:49:28,M2,69.96,2.87
2026-05-18 07:49:30,M2,92.0,2.46
2026-05-18 07:49:32,M1,71.33,2.22
2026-05-18 07:49:34,M3,75.72,3.57
2026-05-18 07:49:36,M3,56.3,4.07
2026-05-18 07:49:38,M3,86.35,3.26
2026-05-18 07:49:40,M2,79.85,4.59
2026-05-18 07:49:42,M3,67.97,4.15
2026-05-18 07:49:44,M2,69.1,3.86
2026-05-18 07:49:46,M2,86.69,4.47
2026-05-18 08:02:13,M3,56.12,3.33
2026-05-18 08:02:15,M2,72.37,2.26
2026-05-18 08:02:17,M2,75.28,3.42
2026-05-18 08:02:19,M3,62.77,1.1
2026-05-18 08:02:21,M1,94.76,1.02
2026-05-18 08:02:23,M1,56.92,1.52
2026-05-18 08:02:25,M1,73.24,1.51
2026-05-18 08:02:27,M1,90.07,1.68
2026-05-18 08:02:29,M2,79.63,3.9
2026-05-18 08:02:31,M1,63.15,4.6
2026-05-18 08:02:33,M2,56.01,4.32
2026-05-18 08:02:35,M3,62.66,3.61
2026-05-18 08:02:37,M2,66.92,3.05
2026-05-18 08:02:39,M1,57.68,4.95
2026-05-18 08:02:41,M1,59.54,4.97
2026-05-18 08:02:43,M3,75.41,3.02
2026-05-18 08:02:45,M2,66.72,4.52
2026-05-18 08:02:47,M1,89.56,4.83
2026-05-18 08:02:49,M2,63.35,3.84
2026-05-18 08:02:51,M1,61.52,2.28
2026-05-18 08:02:53,M1,70.91,1.06
2026-05-18 08:02:55,M2,82.21,1.54
2026-05-18 08:02:57,M3,89.7,3.85
2026-05-18 08:02:59,M1,79.38,2.73
2026-05-18 08:03:01,M3,93.18,4.84
2026-05-18 08:03:03,M2,62.13,1.91
2026-05-18 08:03:05,M1,62.48,1.55
2026-05-18 08:03:07,M1,67.51,4.56
2026-05-18 08:03:09,M2,68.4,3.86
2026-05-18 08:03:11,M3,71.61,2.96
2026-05-18 08:03:13,M1,74.54,3.24
2026-05-18 08:03:15,M3,55.88,1.78
2026-05-18 08:03:17,M2,62.52,3.07
2026-05-18 08:03:19,M2,68.11,4.87
2026-05-18 08:03:21,M3,85.78,5.0
2026-05-18 08:03:23,M1,62.7,4.33
2026-05-18 08:03:25,M1,70.59,3.77
2026-05-18 08:03:27,M2,63.25,1.62
2026-05-18 08:03:29,M1,74.64,4.03
2026-05-18 08:03:31,M1,64.09,2.49
2026-05-18 08:03:33,M2,55.36,3.33
2026-05-18 08:03:35,M3,72.43,2.67
2026-05-18 08:03:37,M3,61.63,2.21
2026-05-18 08:03:39,M2,92.99,2.84
2026-05-18 08:03:41,M2,93.39,4.39
2026-05-18 08:03:43,M3,85.68,1.04
2026-05-18 08:03:45,M2,82.78,1.53
2026-05-18 08:03:47,M1,84.29,1.26
2026-05-18 08:03:49,M2,56.49,4.45
2026-05-18 08:03:51,M3,72.24,1.33
2026-05-18 08:03:53,M1,84.13,2.93
2026-05-18 08:03:55,M2,61.5,2.42
2026-05-18 08:03:57,M1,77.24,3.75
2026-05-18 08:03:59,M3,80.75,4.22
2026-05-18 08:04:01,M2,73.7,4.8
2026-05-18 08:04:03,M2,94.97,1.75
2026-05-18 08:04:05,M2,90.6,4.94
2026-05-18 08:04:07,M2,77.64,2.87
2026-05-18 08:04:09,M3,88.43,2.5
2026-05-18 08:04:11,M3,86.94,1.84
2026-05-18 08:04:13,M3,77.38,1.84
2026-05-18 08:04:15,M2,60.38,1.67
2026-05-18 08:04:17,M3,87.3,4.87
2026-05-18 08:04:19,M1,74.91,4.55
2026-05-18 08:04:21,M2,55.78,2.54
2026-05-18 08:04:23,M3,89.77,1.79
2026-05-18 08:04:25,M1,80.39,4.01
2026-05-18 08:04:27,M1,88.09,3.44
2026-05-18 08:04:29,M3,64.14,2.96
2026-05-18 08:04:31,M1,77.12,2.79
2026-05-18 08:04:33,M2,74.8,4.48
2026-05-18 08:04:35,M2,94.66,4.76
2026-05-18 08:04:37,M2,64.26,4.54
2026-05-18 08:04:39,M2,69.53,2.31
2026-05-18 08:04:41,M1,78.52,2.32
2026-05-18 08:04:43,M3,94.01,4.34
2026-05-18 08:04:45,M3,91.43,4.62
2026-05-18 08:04:47,M3,69.42,1.21
2026-05-18 08:04:49,M1,94.02,1.21
2026-05-18 08:04:51,M2,80.19,2.93
2026-05-18 08:04:53,M2,93.48,3.88
2026-05-18 08:04:55,M2,67.79,2.89
2026-05-18 08:04:57,M2,89.17,1.28
2026-05-18 08:04:59,M2,93.03,2.29
2026-05-18 08:05:01,M1,93.24,3.47
2026-05-18 08:05:03,M3,91.11,2.09
2026-05-18 08:05:05,M2,57.93,1.19
2026-05-18 08:05:07,M3,76.0,2.27
2026-05-18 08:05:09,M3,91.12,1.82
2026-05-18 08:05:11,M2,59.17,3.37
2026-05-18 08:05:13,M1,89.45,2.94
2026-05-18 08:05:15,M2,84.16,4.61
2026-05-18 08:05:17,M3,64.24,2.59
2026-05-18 08:05:19,M2,59.96,4.94
2026-05-18 08:05:21,M2,77.75,2.65
2026-05-18 08:05:23,M1,94.09,1.15
2026-05-18 08:05:25,M2,57.57,1.27
2026-05-18 08:05:27,M1,76.29,1.15
2026-05-18 08:05:29,M3,75.67,4.78
2026-05-18 08:05:31,M2,69.05,3.99
2026-05-18 08:05:33,M3,64.04,3.83
2026-05-18 08:05:35,M2,57.84,2.86
2026-05-18 08:05:37,M2,82.1,1.31
2026-05-18 08:05:39,M2,58.0,2.53
2026-05-18 08:05:41,M3,63.31,2.6
2026-05-18 08:05:43,M3,71.57,3.77
2026-05-18 08:05:45,M2,89.11,3.0
2026-05-18 08:05:47,M3,86.62,1.61
2026-05-18 08:05:49,M2,82.17,1.07
2026-05-18 08:05:51,M3,94.35,3.89
2026-05-18 08:05:53,M1,62.16,3.58
2026-05-18 08:05:55,M2,65.54,3.24
2026-05-18 08:05:57,M1,55.5,1.49
2026-05-18 08:05:59,M2,82.6,1.54
2026-05-18 08:06:01,M1,61.12,3.31
2026-05-18 08:06:03,M3,87.36,3.87
2026-05-18 08:06:05,M1,59.34,1.54
2026-05-18 08:06:07,M2,82.46,3.66
2026-05-18 08:06:09,M3,88.12,2.06
2026-05-18 08:06:11,M2,87.76,4.46
2026-05-18 08:06:13,M3,69.04,4.93
2026-05-18 08:06:15,M1,67.73,2.22
2026-05-18 08:06:17,M2,76.27,1.65
2026-05-18 08:06:19,M2,77.79,4.83
2026-05-18 08:06:21,M3,90.87,4.35
2026-05-18 08:06:23,M1,84.76,3.54
2026-05-18 08:06:25,M1,64.78,1.03
2026-05-18 08:06:27,M3,89.25,1.4
2026-05-18 08:06:29,M2,68.31,2.53
2026-05-18 08:06:31,M2,76.61,2.37
2026-05-18 08:06:33,M3,61.65,3.35
2026-05-18 08:06:35,M2,77.23,3.53
2026-05-18 08:06:37,M3,66.98,4.28
2026-05-18 08:06:39,M3,84.51,4.43
2026-05-18 08:06:41,M2,61.89,3.18
2026-05-18 08:06:43,M2,83.2,4.8
2026-05-18 08:06:45,M2,75.52,3.43
2026-05-18 08:06:47,M3,80.47,3.05
2026-05-18 08:06:49,M3,91.06,4.79
2026-05-18 08:06:51,M2,67.6,4.43
2026-05-18 08:06:53,M2,91.09,1.01
2026-05-18 08:06:55,M3,78.86,4.51
2026-05-18 08:06:57,M3,60.4,3.89
2026-05-18 08:06:59,M3,68.81,1.53
2026-05-18 08:07:01,M1,60.48,3.79
2026-05-18 08:07:03,M2,92.77,3.06
2026-05-18 08:07:05,M2,62.59,1.52
2026-05-18 08:07:07,M1,93.35,1.95
2026-05-18 08:07:09,M1,63.84,3.21
2026-05-18 08:07:11,M3,61.04,4.96
2026-05-18 08:07:13,M2,59.0,2.32
2026-05-18 08:07:15,M2,59.19,2.73
2026-05-18 08:07:17,M3,61.21,2.41
2026-05-18 08:07:19,M1,59.46,4.41
2026-05-18 08:07:21,M3,63.81,3.82
2026-05-18 08:07:23,M2,57.83,3.71
2026-05-18 08:07:25,M2,65.06,4.02
2026-05-18 08:07:27,M1,84.37,3.75
2026-05-18 08:07:29,M3,86.05,3.82
2026-05-18 08:07:31,M2,55.44,4.01
2026-05-18 08:07:34,M1,89.76,1.45
2026-05-18 08:07:36,M3,94.81,1.51
2026-05-18 08:07:38,M1,81.46,5.0
2026-05-18 08:07:40,M2,66.8,1.86
2026-05-18 08:07:42,M1,93.9,4.16
2026-05-18 08:07:44,M1,67.84,3.76
2026-05-18 08:07:46,M2,64.66,4.01
2026-05-18 08:07:48,M1,75.95,1.12
2026-05-18 08:07:50,M2,94.45,1.53
2026-05-18 08:07:52,M1,75.98,2.8
2026-05-18 08:07:54,M3,85.9,1.82
2026-05-18 08:07:56,M1,59.29,1.33
2026-05-18 08:07:58,M3,68.04,1.67
2026-05-18 08:08:00,M3,79.44,4.0
2026-05-18 08:08:02,M3,88.83,1.03
2026-05-18 08:08:04,M3,92.7,1.69
2026-05-18 08:08:06,M2,63.99,3.55
2026-05-18 08:08:08,M3,92.94,1.14
2026-05-18 08:08:10,M1,94.58,1.31
2026-05-18 08:08:12,M3,89.48,4.79
2026-05-18 08:08:14,M1,55.33,2.78
2026-05-18 08:08:16,M1,68.81,2.96
2026-05-18 08:08:18,M3,92.47,3.29
2026-05-18 08:08:20,M3,88.95,1.85
2026-05-18 08:08:22,M1,58.27,3.7
2026-05-18 08:08:24,M1,84.81,4.41
2026-05-18 08:08:26,M1,82.19,4.14
2026-05-18 08:08:28,M1,76.61,3.7
2026-05-18 08:08:30,M2,86.07,3.27
2026-05-18 08:08:32,M3,66.4,4.14
2026-05-18 08:08:34,M3,89.85,3.83
2026-05-18 08:08:36,M1,92.53,3.0
2026-05-18 08:08:38,M2,89.34,2.07
2026-05-18 08:08:40,M1,70.91,4.72
2026-05-18 08:08:42,M3,94.44,1.47
2026-05-18 08:08:44,M2,77.15,4.89
2026-05-18 08:08:46,M3,73.42,3.62
2026-05-18 08:08:48,M1,78.82,4.93
2026-05-18 08:08:50,M1,56.7,1.76
2026-05-18 08:08:52,M3,70.08,1.89
2026-05-18 08:08:54,M1,81.52,2.8
2026-05-18 08:08:56,M1,83.1,2.11
2026-05-18 08:08:58,M2,59.52,1.4
2026-05-18 08:09:00,M1,63.37,2.67
2026-05-18 08:09:02,M1,78.16,1.72
2026-05-18 08:09:04,M1,80.16,1.35
2026-05-18 08:09:06,M1,65.25,1.71
2026-05-18 08:09:08,M1,88.82,2.7
2026-05-18 08:09:10,M1,61.0,3.08
2026-05-18 08:09:12,M2,84.56,1.97
2026-05-18 08:09:14,M2,67.27,2.8
2026-05-18 08:09:16,M2,90.59,3.59
2026-05-18 08:09:18,M3,90.19,4.73
2026-05-18 08:09:20,M2,72.71,1.54
2026-05-18 08:09:22,M1,77.58,4.78
2026-05-18 08:09:24,M1,74.77,3.8
2026-05-18 08:09:26,M3,57.34,4.15
2026-05-18 08:09:28,M1,90.12,2.83
2026-05-18 08:09:30,M2,63.04,3.72
2026-05-18 08:09:32,M3,86.22,3.4
2026-05-18 08:09:34,M3,93.19,4.26
2026-05-18 08:09:36,M3,94.42,2.64
2026-05-18 08:09:38,M2,69.84,4.47
2026-05-18 08:09:40,M3,80.25,4.8
2026-05-18 08:09:42,M2,80.85,2.94
2026-05-18 08:09:44,M3,93.56,1.53
2026-05-18 08:09:46,M2,83.78,2.3
2026-05-18 08:09:48,M1,92.02,1.18
2026-05-18 08:09:50,M1,92.85,4.52
2026-05-18 08:09:52,M3,67.1,2.75
2026-05-18 08:09:54,M1,73.5,4.22
2026-05-18 08:09:56,M1,82.48,2.58
2026-05-18 08:09:58,M3,86.08,4.51
2026-05-18 08:10:00,M1,77.5,3.1
2026-05-18 08:10:02,M2,62.55,1.17
2026-05-18 08:10:04,M1,87.08,4.45
2026-05-18 08:10:06,M1,64.79,4.19
2026-05-18 08:10:08,M1,71.99,3.4
2026-05-18 08:10:10,M3,81.64,3.26
2026-05-18 08:10:12,M2,84.39,1.2
2026-05-18 08:10:14,M3,70.86,3.18
2026-05-18 08:10:16,M3,89.49,1.37
2026-05-18 08:10:18,M2,84.71,3.25
2026-05-18 08:10:20,M2,66.59,3.21
2026-05-18 08:10:22,M3,94.95,3.06
2026-05-18 08:10:24,M2,62.97,4.51
2026-05-18 08:10:26,M2,85.23,4.86
2026-05-18 08:10:28,M3,91.07,4.22
2026-05-18 08:10:30,M3,67.66,2.29
2026-05-18 08:10:32,M1,81.85,3.64
2026-05-18 08:10:34,M1,72.15,3.48
2026-05-18 08:10:36,M3,70.08,1.58
2026-05-18 08:10:38,M3,88.49,4.83
2026-05-18 08:10:40,M3,81.43,3.05
2026-05-18 08:10:42,M2,92.03,1.83
2026-05-18 08:10:44,M2,57.63,4.52
2026-05-18 08:10:46,M2,74.93,3.67
2026-05-18 08:10:48,M2,75.25,4.77
2026-05-18 08:10:50,M1,64.29,1.62
2026-05-18 08:10:52,M1,60.45,2.67
2026-05-18 08:10:54,M3,59.32,1.14
2026-05-18 08:10:56,M2,55.02,2.57
2026-05-18 08:10:58,M3,57.63,4.75
2026-05-18 08:11:00,M2,68.98,4.85
2026-05-18 08:11:02,M1,72.75,4.78
2026-05-18 08:11:04,M3,74.62,4.6
2026-05-18 08:11:06,M1,83.73,4.89
2026-05-18 08:11:08,M1,89.98,1.14
2026-05-18 08:11:10,M1,88.18,3.42
2026-05-18 08:11:12,M1,62.14,3.86
2026-05-18 08:11:14,M1,79.19,2.14
2026-05-18 08:11:16,M3,64.98,3.84
2026-05-18 08:11:18,M3,93.82,4.62
2026-05-18 08:11:20,M2,80.46,3.32
2026-05-18 08:11:22,M2,75.19,4.49
2026-05-18 08:11:24,M3,67.68,1.01
2026-05-18 08:11:26,M3,87.29,1.96
2026-05-18 08:11:28,M1,60.44,1.4
2026-05-18 08:11:30,M3,71.97,1.38
2026-05-18 08:11:32,M1,66.22,1.21
2026-05-18 08:11:34,M3,55.94,2.12
2026-05-18 08:11:36,M2,77.67,4.04
2026-05-18 08:11:38,M2,59.56,4.67
2026-05-18 08:11:40,M2,68.63,2.53
2026-05-18 08:11:42,M2,76.73,1.22
2026-05-18 08:11:44,M3,71.05,4.41
2026-05-18 08:11:46,M1,84.6,3.26
2026-05-18 08:11:48,M1,69.06,3.19
2026-05-18 08:11:50,M2,60.21,1.17
2026-05-18 08:11:52,M3,94.14,2.36
2026-05-18 08:11:54,M1,79.99,3.69
2026-05-18 08:11:56,M1,71.55,4.88
2026-05-18 08:11:58,M2,90.96,2.94
2026-05-18 08:12:00,M2,69.81,3.82
2026-05-18 08:12:02,M1,69.18,3.69
2026-05-18 08:12:04,M1,68.01,1.07
2026-05-18 08:12:06,M2,79.64,1.7
2026-05-18 08:12:08,M2,82.78,2.71
2026-05-18 08:12:10,M3,73.29,3.9
2026-05-18 08:12:12,M1,55.05,4.19
2026-05-18 08:12:14,M3,73.32,4.16
2026-05-18 08:12:16,M2,63.52,4.91
2026-05-18 08:12:18,M3,65.47,1.53
2026-05-18 08:12:20,M3,93.6,4.28
2026-05-18 08:12:22,M3,81.45,4.58
2026-05-18 08:12:24,M1,60.91,4.4
2026-05-18 08:12:26,M1,72.08,1.08
2026-05-18 08:12:28,M1,68.19,1.69
2026-05-18 08:12:30,M3,58.55,4.47
2026-05-18 08:12:32,M1,78.21,2.93
2026-05-18 08:12:34,M1,71.76,1.9
2026-05-18 08:12:36,M3,82.68,2.88
2026-05-18 08:12:38,M2,60.29,4.86
2026-05-18 08:12:40,M1,81.46,1.42
2026-05-18 08:12:42,M3,92.19,3.4
2026-05-18 08:12:44,M2,56.93,4.42
2026-05-18 08:12:46,M3,78.05,2.66
2026-05-18 08:12:48,M3,86.95,1.76
2026-05-18 08:12:50,M3,78.25,1.78
2026-05-18 08:12:52,M1,86.28,2.14
2026-05-18 08:12:54,M2,57.83,3.23
2026-05-18 08:12:56,M2,67.75,1.24
2026-05-18 08:12:58,M1,86.86,4.46
2026-05-18 08:13:00,M1,62.8,2.93
2026-05-18 08:13:02,M2,60.68,4.49
2026-05-18 08:13:04,M3,77.43,2.84
2026-05-18 08:13:06,M3,74.15,2.28
2026-05-18 08:13:08,M1,92.68,4.5
2026-05-18 08:13:10,M1,87.85,2.41
2026-05-18 08:13:12,M2,92.12,3.65
2026-05-18 08:13:14,M1,69.62,3.27
2026-05-18 08:13:16,M2,89.22,3.84
2026-05-18 08:13:18,M3,85.68,3.66
2026-05-18 08:13:20,M3,77.69,4.44
2026-05-18 08:13:22,M3,64.05,2.58
2026-05-18 08:13:24,M3,67.76,1.39
2026-05-18 08:13:26,M2,85.41,3.36
2026-05-18 08:13:28,M2,82.59,4.8
2026-05-18 08:13:30,M1,66.96,1.91
2026-05-18 08:13:32,M2,90.94,4.34
2026-05-18 08:13:34,M3,87.06,4.88
2026-05-18 08:13:36,M3,69.91,3.27
2026-05-18 08:13:38,M3,79.71,2.7
2026-05-18 08:13:40,M2,78.19,1.25
2026-05-18 08:13:42,M3,80.26,3.66
2026-05-18 08:13:44,M2,86.68,3.54
2026-05-18 08:13:46,M2,65.85,2.18
2026-05-18 08:13:48,M3,93.81,4.64
2026-05-18 08:13:50,M1,72.6,3.86
2026-05-18 08:13:52,M2,56.15,4.13
2026-05-18 08:13:54,M2,91.17,3.56
2026-05-18 08:13:56,M1,68.17,3.03
2026-05-18 08:13:58,M2,56.61,4.55
2026-05-18 08:14:00,M1,56.79,2.87
2026-05-18 08:14:02,M3,57.1,3.63
2026-05-18 08:14:04,M2,71.74,4.25
2026-05-18 08:14:06,M3,76.73,2.69
2026-05-18 08:14:08,M2,89.48,2.46
2026-05-18 08:14:10,M1,83.75,1.67
2026-05-18 08:14:12,M3,82.0,1.98
2026-05-18 08:14:14,M3,91.54,4.67
2026-05-18 08:14:16,M3,58.83,3.24
2026-05-18 08:14:18,M1,55.99,4.6
2026-05-18 08:14:20,M2,82.89,2.63
2026-05-18 08:14:22,M2,70.32,3.9
2026-05-18 08:14:24,M3,75.59,2.65
2026-05-18 08:14:26,M3,74.47,3.31
2026-05-18 08:14:28,M2,75.2,2.07
2026-05-18 08:14:30,M2,93.94,1.72
2026-05-18 08:14:32,M2,77.4,1.59
2026-05-18 08:14:34,M2,88.49,2.65
2026-05-18 08:14:36,M1,92.74,3.21
2026-05-18 08:14:38,M2,62.94,3.97
2026-05-18 08:14:40,M1,64.93,2.08
2026-05-18 08:14:42,M3,87.1,4.19
2026-05-18 08:14:44,M3,89.07,3.45
2026-05-18 08:14:46,M1,76.45,1.55
2026-05-18 08:14:48,M2,80.81,2.49
2026-05-18 08:14:50,M3,75.1,4.37
2026-05-18 08:14:52,M2,86.72,3.75
2026-05-18 08:14:54,M2,85.08,4.19
2026-05-18 08:14:56,M3,92.5,1.97
2026-05-18 08:14:58,M2,92.87,3.6
2026-05-18 08:15:00,M3,87.41,3.48
2026-05-18 08:15:02,M2,77.51,3.14
2026-05-18 08:15:04,M2,81.62,4.56
2026-05-18 08:15:06,M3,79.73,4.4
2026-05-18 08:15:08,M3,59.89,2.73
2026-05-18 08:15:10,M2,70.24,4.99
2026-05-18 08:15:12,M1,79.34,4.76
2026-05-18 08:15:14,M1,74.26,4.47
2026-05-18 08:15:16,M3,63.88,3.94
2026-05-18 08:15:18,M1,87.57,4.59
2026-05-18 08:15:20,M2,77.42,3.08
2026-05-18 08:15:22,M3,58.82,3.03
2026-05-18 08:15:24,M1,64.08,3.13
2026-05-18 08:15:26,M1,61.99,4.21
2026-05-18 08:15:28,M3,87.71,3.22
2026-05-18 08:15:30,M3,80.33,3.96
2026-05-18 08:15:32,M1,64.61,3.79
2026-05-18 08:15:34,M3,63.48,4.82
2026-05-18 08:15:36,M2,75.23,2.64
2026-05-18 08:15:38,M3,85.42,2.29
2026-05-18 08:15:40,M3,59.73,4.51
2026-05-18 08:15:42,M2,79.7,1.51
2026-05-18 08:15:44,M1,60.3,3.2
2026-05-18 08:15:46,M3,59.5,2.41
2026-05-18 08:15:48,M1,77.87,2.39
2026-05-18 08:15:50,M1,78.48,1.8
2026-05-18 08:15:52,M3,56.57,3.51
2026-05-18 08:15:54,M1,61.13,3.67
2026-05-18 08:15:56,M3,94.29,2.91
2026-05-18 08:15:58,M2,64.22,4.21
2026-05-18 08:16:00,M1,62.33,2.18
2026-05-18 08:16:02,M2,59.67,2.19
2026-05-18 08:16:04,M1,60.72,3.5
2026-05-18 08:16:06,M3,66.12,3.32
2026-05-18 08:16:08,M1,57.34,2.62
2026-05-18 08:16:10,M3,73.55,1.49
2026-05-18 08:16:12,M3,62.24,1.73
2026-05-18 08:16:14,M2,60.66,3.98
2026-05-18 08:16:16,M2,73.73,4.84
2026-05-18 08:16:18,M1,91.95,1.92
2026-05-18 08:16:20,M1,65.7,3.42
2026-05-18 08:16:22,M1,84.9,1.42
2026-05-18 08:16:24,M3,69.01,4.79
2026-05-18 08:16:26,M1,67.19,2.92
2026-05-18 08:16:28,M3,77.64,3.32
2026-05-18 08:16:30,M3,73.24,2.44
2026-05-18 08:16:32,M2,58.89,4.55
2026-05-18 08:16:35,M3,87.6,4.53
2026-05-18 08:16:37,M1,61.02,4.15
2026-05-18 08:16:39,M1,87.21,1.83
2026-05-18 08:16:41,M3,89.7,3.82
2026-05-18 08:16:43,M3,61.49,2.9
2026-05-18 08:16:45,M2,83.75,3.16
2026-05-18 08:16:47,M3,64.72,1.19
2026-05-18 08:16:49,M2,85.76,2.37
2026-05-18 08:16:51,M1,82.3,2.48
2026-05-18 08:16:53,M2,82.11,3.39
2026-05-18 08:16:55,M1,68.14,3.94
2026-05-18 08:16:57,M2,57.17,4.99
2026-05-18 08:16:59,M2,85.68,3.37
2026-05-18 08:17:01,M1,61.22,2.44
2026-05-18 08:17:03,M3,67.46,3.47
2026-05-18 08:17:05,M2,65.41,3.14
2026-05-18 08:17:07,M2,81.2,4.09
2026-05-18 08:17:09,M3,63.78,1.23
2026-05-18 08:17:11,M2,63.51,1.58
2026-05-18 08:17:13,M1,83.27,3.44
2026-05-18 08:17:15,M3,71.62,3.7
2026-05-18 08:17:17,M3,94.52,1.4
2026-05-18 08:17:19,M2,92.76,3.43
2026-05-18 08:17:21,M1,81.54,2.26
2026-05-18 08:17:23,M2,69.72,1.67
2026-05-18 08:17:25,M1,71.91,4.69
2026-05-18 08:17:27,M2,68.56,3.75
2026-05-18 08:17:29,M3,74.15,1.78
2026-05-18 08:17:31,M1,93.35,4.97
2026-05-18 08:17:33,M2,77.91,4.73
2026-05-18 08:17:35,M1,55.33,4.83
2026-05-18 08:17:37,M3,74.94,4.75
2026-05-18 08:17:39,M2,86.04,2.75
2026-05-18 08:17:41,M3,82.93,4.7
2026-05-18 08:17:43,M2,66.85,4.23
2026-05-18 08:17:45,M3,77.81,1.93
2026-05-18 08:17:47,M2,63.57,3.27
2026-05-18 08:17:49,M1,76.61,2.35
2026-05-18 08:17:51,M2,77.72,1.26
2026-05-18 08:17:53,M1,57.86,4.79
2026-05-18 08:17:55,M3,73.75,4.61
2026-05-18 08:17:57,M3,69.61,2.34
2026-05-18 08:17:59,M3,71.99,1.32
2026-05-18 08:18:01,M3,94.15,2.14
2026-05-18 08:18:03,M3,74.52,3.85
2026-05-18 08:18:05,M2,55.65,2.06
2026-05-18 08:18:07,M3,55.23,1.87
2026-05-18 08:18:09,M1,70.19,1.98
2026-05-18 08:18:11,M3,81.36,2.16
2026-05-18 08:18:13,M1,79.57,1.94
2026-05-18 08:18:15,M2,67.44,3.3
2026-05-18 08:18:17,M2,68.35,2.16
2026-05-18 08:18:19,M2,67.64,1.71
2026-05-18 08:18:21,M2,85.98,1.13
2026-05-18 08:18:23,M1,81.71,3.72
2026-05-18 08:18:25,M3,88.06,2.78
2026-05-18 08:18:27,M1,77.12,2.26
2026-05-18 08:18:29,M1,79.94,1.4
2026-05-18 08:18:31,M2,83.13,1.92
2026-05-18 08:18:33,M2,61.97,2.74
2026-05-18 08:18:35,M1,62.87,4.61
2026-05-18 08:18:37,M1,89.29,1.47
2026-05-18 08:18:39,M1,84.5,3.39
2026-05-18 08:18:41,M2,93.62,4.38
2026-05-18 08:18:43,M1,83.75,3.9
2026-05-18 08:18:45,M3,92.68,4.41
2026-05-18 08:18:47,M2,89.26,4.16
2026-05-18 08:18:49,M1,91.98,3.27
2026-05-18 08:18:51,M1,94.84,3.59
2026-05-18 08:18:53,M1,57.5,1.19
2026-05-18 08:18:55,M1,85.85,4.0
2026-05-18 08:18:57,M3,59.96,3.57
2026-05-18 08:18:59,M2,74.97,4.61
2026-05-18 08:19:01,M2,72.82,1.43
2026-05-18 08:19:03,M2,64.64,3.92
2026-05-18 08:19:05,M1,82.64,1.37
2026-05-18 08:19:07,M3,63.91,3.14
2026-05-18 08:19:09,M2,64.58,1.84
2026-05-18 08:19:11,M1,90.28,2.17
2026-05-18 08:19:13,M2,87.0,4.53
2026-05-18 08:19:15,M3,61.62,2.53
2026-05-18 08:19:17,M1,73.63,3.08
2026-05-18 08:19:19,M2,61.37,1.94
2026-05-18 08:19:21,M2,88.56,1.92
2026-05-18 08:19:23,M1,78.19,3.25
2026-05-18 08:19:25,M1,56.68,3.64
2026-05-18 08:19:27,M2,77.28,2.78
2026-05-18 08:19:29,M1,55.34,1.37
2026-05-18 08:19:31,M2,89.01,1.19
2026-05-18 08:19:33,M3,55.96,4.93
2026-05-18 08:19:35,M3,67.91,4.79
2026-05-18 08:19:37,M3,65.41,1.53
2026-05-18 08:19:39,M2,89.28,4.86
2026-05-18 08:19:41,M1,60.53,3.92
2026-05-18 08:19:43,M3,90.97,3.74
2026-05-18 08:19:45,M3,90.03,4.16
2026-05-18 08:19:47,M2,69.77,3.36
2026-05-18 08:19:49,M3,75.68,1.88
2026-05-18 08:19:51,M2,81.84,4.1
2026-05-18 08:19:53,M1,61.26,3.76
2026-05-18 08:19:55,M1,85.14,3.86
2026-05-18 08:19:57,M2,81.42,3.5
2026-05-18 08:19:59,M3,86.92,1.06
2026-05-18 08:20:01,M2,57.81,2.0
2026-05-18 08:20:03,M2,90.26,1.63
2026-05-18 08:20:05,M2,90.47,3.5
2026-05-18 08:20:07,M2,78.64,2.62
2026-05-18 08:20:09,M2,94.73,4.63
2026-05-18 08:20:11,M3,87.3,4.13
2026-05-18 08:20:13,M3,84.6,4.54
2026-05-18 08:20:15,M3,65.04,3.77
2026-05-18 08:20:17,M3,58.2,3.14
2026-05-18 08:20:19,M2,63.76,3.28
2026-05-18 08:20:21,M1,62.11,2.37
2026-05-18 08:20:23,M2,67.41,2.98
2026-05-18 08:20:25,M1,72.15,1.02
2026-05-18 08:20:27,M1,74.21,2.86
2026-05-18 08:20:29,M2,71.63,1.03
2026-05-18 08:20:31,M3,78.48,3.3
2026-05-18 08:20:33,M1,59.64,1.5
2026-05-18 08:20:35,M2,75.39,1.44
2026-05-18 08:20:37,M1,70.29,1.41
2026-05-18 08:22:27,M2,74.5,2.54
2026-05-18 08:22:29,M3,59.24,3.68
2026-05-18 08:22:31,M2,81.64,4.15
2026-05-18 08:22:33,M2,61.39,2.36
2026-05-18 08:22:35,M1,91.28,1.78
2026-05-18 08:22:37,M1,60.59,3.56
2026-05-18 08:22:39,M3,74.57,2.36
2026-05-18 08:22:41,M2,77.9,1.58
2026-05-18 08:22:43,M2,86.77,2.72
2026-05-18 08:22:45,M2,78.77,4.74
2026-05-18 08:22:47,M1,68.34,2.57
2026-05-18 08:22:49,M1,83.62,3.43
2026-05-18 08:22:51,M1,77.51,2.78
2026-05-18 08:22:53,M2,93.05,4.33
2026-05-18 08:22:55,M1,82.49,1.23
2026-05-18 08:22:57,M3,94.26,1.36
2026-05-18 08:22:59,M2,61.65,2.08
2026-05-18 08:23:01,M1,65.39,3.44
2026-05-18 08:23:03,M1,93.68,2.66
2026-05-18 08:23:05,M3,79.34,1.69
2026-05-18 08:23:07,M3,72.04,3.66
2026-05-18 08:23:09,M1,57.9,4.19
2026-05-18 08:23:11,M2,72.09,1.84
2026-05-18 08:23:13,M3,90.83,1.03
2026-05-18 08:23:15,M3,64.76,1.48
2026-05-18 08:23:17,M1,59.57,1.47
2026-05-18 08:23:19,M3,89.93,1.22
2026-05-18 08:23:21,M3,58.19,4.11
2026-05-18 08:23:23,M1,64.21,3.63
2026-05-18 08:23:25,M2,81.42,1.28
2026-05-18 08:23:27,M2,60.34,4.02
2026-05-18 08:23:29,M2,78.69,1.81
2026-05-18 08:23:31,M1,86.21,2.99
2026-05-18 08:23:33,M1,68.55,2.27
2026-05-18 08:23:35,M2,64.73,4.79
2026-05-18 08:23:37,M2,68.43,1.3
2026-05-18 08:23:39,M1,55.7,2.86
2026-05-18 08:23:41,M3,60.09,3.41
2026-05-18 08:23:43,M3,91.07,4.73
2026-05-18 08:23:45,M3,91.7,2.83
2026-05-18 08:23:47,M2,90.23,2.68
2026-05-18 08:23:49,M1,81.56,3.21
2026-05-18 08:23:51,M2,64.2,4.77
2026-05-18 08:23:53,M3,77.0,1.76
2026-05-18 08:23:55,M1,76.1,1.83
2026-05-18 08:23:57,M3,90.84,4.2
2026-05-18 08:23:59,M1,87.1,3.61
2026-05-18 08:24:01,M3,78.79,1.78
2026-05-18 08:24:03,M3,88.55,2.15
2026-05-18 08:24:05,M1,56.69,4.49
2026-05-18 08:24:07,M3,65.48,2.11
2026-05-18 08:24:09,M3,63.0,3.48
2026-05-18 08:24:11,M2,60.03,3.94
2026-05-18 08:24:13,M1,75.94,3.39
2026-05-18 08:24:15,M3,84.27,2.89
2026-05-18 08:24:17,M2,59.6,2.8
2026-05-18 08:24:19,M2,72.96,1.63
2026-05-18 08:24:21,M2,79.84,1.17
2026-05-18 08:24:23,M2,87.01,2.26
2026-05-18 08:24:25,M2,66.06,1.45
2026-05-18 08:24:27,M2,76.0,1.3
2026-05-18 08:24:29,M1,74.81,4.97
2026-05-18 08:24:31,M3,94.34,4.7
2026-05-18 08:24:33,M1,61.67,3.09
2026-05-18 08:24:35,M3,89.03,1.22
2026-05-18 08:24:37,M1,69.56,3.35
2026-05-18 08:24:39,M1,94.73,2.18
2026-05-18 08:24:41,M1,67.16,4.7
2026-05-18 08:24:43,M3,78.82,1.05
2026-05-18 08:24:45,M2,78.07,1.28
2026-05-18 08:24:47,M2,92.23,4.21
2026-05-18 08:24:49,M2,75.53,1.19
2026-05-18 08:24:51,M3,64.38,2.79
2026-05-18 08:24:53,M1,84.88,4.11
2026-05-18 08:24:55,M1,89.85,2.94
2026-05-18 08:24:57,M2,73.39,3.52
2026-05-18 08:24:59,M3,85.48,1.06
2026-05-18 08:25:01,M3,65.04,1.16
2026-05-18 08:25:03,M1,83.77,1.39
2026-05-18 08:25:05,M2,86.39,4.82
2026-05-18 08:25:07,M1,56.2,3.75
2026-05-18 08:25:09,M2,82.97,2.77
2026-05-18 08:25:11,M1,62.2,2.86
2026-05-18 08:25:13,M2,86.66,2.73
2026-05-18 08:25:15,M3,76.88,4.3
2026-05-18 08:25:17,M1,91.78,1.05
2026-05-18 08:25:37,M1,60.42,1.18
2026-05-18 08:25:39,M3,85.9,3.78
2026-05-18 08:25:41,M1,60.92,3.01
2026-05-18 08:25:43,M2,93.84,1.36
2026-05-18 08:25:45,M3,62.26,1.8
2026-05-18 08:25:47,M2,59.93,4.39
2026-05-18 08:25:49,M2,65.17,1.2
2026-05-18 08:25:51,M1,89.81,4.4
2026-05-18 08:25:53,M2,64.43,1.91
2026-05-18 08:25:55,M1,65.21,1.8
2026-05-18 08:25:57,M3,85.34,2.1
2026-05-18 08:25:59,M3,62.79,2.2
2026-05-18 08:26:01,M2,79.83,2.9
2026-05-18 08:26:03,M1,60.72,2.4
2026-05-18 08:26:05,M1,88.68,1.34
2026-05-18 08:26:07,M3,66.32,3.02
2026-05-18 08:26:09,M2,90.66,4.08
2026-05-18 08:26:11,M1,86.42,4.5
2026-05-18 08:26:13,M1,60.1,1.17
2026-05-18 08:26:15,M1,76.53,4.71
2026-05-18 08:26:17,M3,60.33,2.34
2026-05-18 08:26:19,M1,92.5,4.74
2026-05-18 08:26:21,M1,73.67,4.77
2026-05-18 08:26:23,M1,90.53,3.78
2026-05-18 08:26:25,M3,63.44,2.11
2026-05-18 08:26:27,M3,82.04,2.53
2026-05-18 08:26:29,M2,79.4,4.58
2026-05-18 08:26:31,M3,70.41,1.46
2026-05-18 08:26:33,M2,69.78,1.63
2026-05-18 08:26:35,M2,93.51,2.01
2026-05-18 08:26:37,M2,94.47,1.43
2026-05-18 08:26:39,M2,76.16,1.99
2026-05-18 08:26:41,M1,59.06,2.77
2026-05-18 08:26:43,M3,87.52,2.26
2026-05-18 08:26:45,M3,64.63,2.24
2026-05-18 08:26:47,M1,76.51,4.4
2026-05-18 08:26:49,M3,80.37,2.72
2026-05-18 08:26:51,M2,87.87,1.19
2026-05-18 08:26:53,M2,84.48,4.45
2026-05-18 08:26:55,M2,85.87,4.97
2026-05-18 08:26:57,M2,76.4,1.03
2026-05-18 08:26:59,M3,81.4,4.51
2026-05-18 08:27:01,M3,65.68,1.84
2026-05-18 08:27:03,M2,81.32,3.36
2026-05-18 08:27:05,M2,74.06,3.09
2026-05-18 08:27:07,M3,62.33,3.9
2026-05-18 08:27:09,M3,79.64,2.34
2026-05-18 08:27:11,M1,61.47,1.19
2026-05-18 08:27:13,M1,81.31,4.95
2026-05-18 08:27:15,M2,58.05,3.49
2026-05-18 08:27:17,M3,61.48,4.23
2026-05-18 08:27:19,M2,82.45,3.95
2026-05-18 08:27:21,M3,62.39,1.43
2026-05-18 08:27:23,M3,85.85,2.59
2026-05-18 08:27:25,M3,83.27,3.36
2026-05-18 08:27:27,M2,63.0,4.44
2026-05-18 08:27:29,M1,65.65,2.46
2026-05-18 08:27:31,M2,77.13,1.04
2026-05-18 08:27:33,M2,64.37,4.37
2026-05-18 08:27:35,M1,77.15,2.53
2026-05-18 08:27:37,M1,66.95,1.41
2026-05-18 08:27:39,M2,72.09,3.12
2026-05-18 08:27:41,M2,73.12,1.68
2026-05-18 08:27:43,M3,75.11,2.57
2026-05-18 08:27:45,M2,74.42,1.4
2026-05-18 08:27:47,M3,87.59,4.77
2026-05-18 08:27:49,M3,84.64,3.46
2026-05-18 08:27:51,M2,90.53,3.01
2026-05-18 08:27:53,M1,85.18,3.09
2026-05-18 08:27:55,M3,86.32,4.52
2026-05-18 08:27:57,M3,85.09,4.51
2026-05-18 08:27:59,M1,82.08,4.04
2026-05-18 08:28:01,M1,77.23,4.16
2026-05-18 08:28:03,M1,78.78,3.15
2026-05-18 08:28:05,M2,73.01,2.23
2026-05-18 08:28:07,M2,57.96,3.54
2026-05-18 08:28:09,M2,77.93,2.02
2026-05-18 08:28:11,M1,84.47,1.29
2026-05-18 08:28:13,M2,94.26,3.15
2026-05-18 08:28:15,M1,92.25,3.12
2026-05-18 08:28:17,M1,73.27,1.06
2026-05-18 08:28:19,M3,79.65,1.24
2026-05-18 08:28:21,M3,83.85,4.76
2026-05-18 08:28:23,M2,85.24,4.35
2026-05-18 08:28:25,M1,60.97,2.17
2026-05-18 08:28:27,M1,74.01,4.44
2026-05-18 08:28:29,M2,84.58,3.87
2026-05-18 08:28:31,M1,76.0,3.79
2026-05-18 08:28:33,M2,55.8,1.1
2026-05-18 08:28:35,M1,65.38,4.53
2026-05-18 08:28:37,M1,56.94,1.74
2026-05-18 08:28:39,M1,77.17,2.58
2026-05-18 08:28:41,M1,61.68,3.8
2026-05-18 08:28:43,M1,77.78,1.53
2026-05-18 08:28:45,M3,92.14,4.45
2026-05-18 08:28:47,M2,84.55,3.11
2026-05-18 08:28:49,M3,63.9,1.84
2026-05-18 08:28:51,M1,82.06,3.13
2026-05-18 08:28:53,M1,94.12,2.7
2026-05-18 08:28:55,M1,71.66,2.01
2026-05-18 08:28:57,M3,75.48,2.46
2026-05-18 08:28:59,M3,62.86,1.66
2026-05-18 08:29:01,M2,89.05,2.6
2026-05-18 08:29:03,M2,85.69,1.52
2026-05-18 08:29:05,M2,57.95,1.77
2026-05-18 08:29:07,M3,92.62,3.57
2026-05-18 08:29:09,M2,86.56,4.18
2026-05-18 08:29:11,M2,87.55,3.99
2026-05-18 08:29:13,M3,86.07,4.28
2026-05-18 08:29:15,M1,62.91,2.19
2026-05-18 08:29:17,M3,68.42,4.83
2026-05-18 08:29:19,M2,70.86,1.53
2026-05-18 08:29:21,M3,82.41,3.45
2026-05-18 08:29:23,M3,55.12,2.75
2026-05-18 08:29:25,M3,73.55,2.66
2026-05-18 08:29:27,M2,69.61,3.77
2026-05-18 08:29:29,M2,94.22,3.36
2026-05-18 08:29:31,M1,68.44,2.87
2026-05-18 08:29:33,M3,56.66,1.37
2026-05-18 08:29:35,M1,72.97,1.39
2026-05-18 08:29:37,M3,57.74,3.99
2026-05-18 08:29:39,M3,77.16,1.52
2026-05-18 08:29:41,M3,83.68,5.0
2026-05-18 08:29:43,M3,78.98,4.47
2026-05-18 08:29:45,M1,65.95,1.69
2026-05-18 08:29:47,M2,71.16,3.04
2026-05-18 08:29:49,M3,61.28,2.16
2026-05-18 08:29:51,M3,78.08,2.05
2026-05-18 08:29:53,M1,70.04,4.32
2026-05-18 08:29:55,M3,83.54,3.01
2026-05-18 08:29:57,M1,61.56,4.6
2026-05-18 08:29:59,M3,66.57,2.07
2026-05-18 08:30:01,M1,72.41,1.51
2026-05-18 08:30:03,M2,65.83,1.28
2026-05-18 08:30:05,M1,82.22,1.41
2026-05-18 08:30:07,M3,75.85,4.73
2026-05-18 08:30:09,M2,94.28,1.91
2026-05-18 08:30:11,M1,78.15,4.95
2026-05-18 08:30:13,M2,80.66,2.35
2026-05-18 08:30:15,M3,91.13,1.02
2026-05-18 08:30:17,M3,94.66,4.62
2026-05-18 08:30:19,M1,72.1,3.55
2026-05-18 08:30:21,M1,73.52,1.26
2026-05-18 08:30:23,M3,56.85,2.74
2026-05-18 08:30:25,M1,79.13,4.59
2026-05-18 08:30:27,M1,73.43,3.34
2026-05-18 08:30:29,M1,56.77,3.62
2026-05-18 08:30:31,M1,69.64,1.07
2026-05-18 08:30:33,M2,85.07,2.6
2026-05-18 08:30:35,M2,56.91,1.85
2026-05-18 08:30:37,M3,57.26,1.41
2026-05-18 08:30:39,M2,83.1,1.65
2026-05-18 08:30:41,M3,73.18,2.41
2026-05-18 08:30:43,M1,62.89,3.94
2026-05-18 08:30:45,M1,82.7,1.19
2026-05-18 08:30:47,M2,71.75,2.33
2026-05-18 08:30:49,M3,87.63,1.98
2026-05-18 08:30:51,M2,67.3,1.83
2026-05-18 08:30:53,M2,55.91,1.87
2026-05-18 08:30:55,M1,76.32,4.13
2026-05-18 08:30:57,M2,88.46,2.07
2026-05-18 08:30:59,M2,63.3,1.58
2026-05-18 08:31:01,M3,82.07,3.95
2026-05-18 08:31:03,M2,72.13,3.24
2026-05-18 08:31:05,M1,58.78,4.11
2026-05-18 08:31:07,M1,61.11,1.66
2026-05-18 08:31:09,M2,55.83,4.89
2026-05-18 08:31:11,M1,80.1,1.22
2026-05-18 08:31:13,M1,87.01,2.73
2026-05-18 08:31:15,M1,73.46,1.94
2026-05-18 08:31:17,M2,90.8,3.44
2026-05-18 08:31:19,M3,61.06,3.07
2026-05-18 08:31:21,M2,88.4,4.82
2026-05-18 08:31:23,M2,63.59,1.86
2026-05-18 08:31:25,M1,65.38,3.77
2026-05-18 08:31:27,M1,61.26,1.87
2026-05-18 08:31:29,M2,55.79,1.73
2026-05-18 08:31:31,M1,60.57,1.09
2026-05-18 08:31:33,M1,93.75,3.15
2026-05-18 08:31:35,M2,83.14,2.41
2026-05-18 08:31:37,M1,90.25,4.81
2026-05-18 08:31:39,M2,64.82,4.23
2026-05-18 08:31:41,M3,64.81,4.06
2026-05-18 08:31:43,M2,76.36,3.19
2026-05-18 08:31:45,M3,84.39,1.27
2026-05-18 08:31:47,M2,74.05,2.73
2026-05-18 08:31:49,M3,71.33,4.26
2026-05-18 08:31:51,M3,90.07,1.25
2026-05-18 08:31:53,M2,82.74,4.32
2026-05-18 08:31:55,M3,58.29,3.96
2026-05-18 08:31:57,M1,61.84,1.28
2026-05-18 08:31:59,M3,82.26,4.61
2026-05-18 08:32:01,M3,69.97,2.01
2026-05-18 08:32:03,M2,85.09,1.74
2026-05-18 08:32:05,M2,55.92,1.62
2026-05-18 08:32:07,M3,59.87,4.77
2026-05-18 08:32:09,M3,79.51,1.07
2026-05-18 08:32:11,M2,88.52,2.8
2026-05-18 08:32:13,M2,60.59,2.32
2026-05-18 08:32:15,M3,65.16,1.57
2026-05-18 08:32:17,M1,79.36,4.3
2026-05-18 08:32:19,M3,77.9,4.55
2026-05-18 08:32:21,M2,88.87,3.27
2026-05-18 08:32:23,M1,91.58,3.7
2026-05-18 08:32:25,M2,75.5,4.13
2026-05-18 08:32:27,M2,85.91,4.56
2026-05-18 08:32:29,M3,76.96,2.84
2026-05-18 08:32:31,M3,76.28,3.67
2026-05-18 08:32:33,M2,64.96,1.92
2026-05-18 08:32:35,M3,79.36,4.2
2026-05-18 08:32:37,M1,92.17,3.29
2026-05-18 08:32:39,M2,69.69,3.24
2026-05-18 08:32:41,M3,59.11,3.91
2026-05-18 08:32:43,M1,89.42,1.06
2026-05-18 08:32:45,M1,68.28,3.51
2026-05-18 08:32:47,M1,72.38,3.88
2026-05-18 08:32:49,M1,59.6,3.5
2026-05-18 08:32:51,M2,65.32,4.85
2026-05-18 08:32:53,M3,65.65,1.47
2026-05-18 08:32:55,M3,62.11,1.28
2026-05-18 08:32:57,M1,71.86,4.26
2026-05-18 08:32:59,M3,67.15,1.92
2026-05-18 08:33:01,M3,64.1,3.75
2026-05-18 08:33:03,M2,57.79,3.04
2026-05-18 08:33:05,M1,70.98,2.61
2026-05-18 08:33:07,M1,61.42,3.99
2026-05-18 08:33:09,M3,61.4,2.93
2026-05-18 08:33:11,M1,88.32,1.95
2026-05-18 08:33:13,M1,84.29,1.07
2026-05-18 08:33:15,M3,75.12,2.37
2026-05-18 08:33:17,M2,72.22,3.0
2026-05-18 08:33:19,M1,93.0,3.73
2026-05-18 08:33:21,M1,71.81,3.54
2026-05-18 08:33:23,M3,61.39,1.27
2026-05-18 08:33:25,M3,72.23,2.91
2026-05-18 08:33:27,M2,68.63,4.11
2026-05-18 08:33:29,M3,87.46,4.94
2026-05-18 08:33:31,M3,84.15,4.63
2026-05-18 08:33:33,M1,66.75,1.49
2026-05-18 08:33:35,M1,91.62,3.96
2026-05-18 08:33:37,M3,75.68,4.4
2026-05-18 08:33:39,M2,73.37,3.01
2026-05-18 08:33:42,M3,93.08,2.22
2026-05-18 08:33:44,M2,89.65,4.26
2026-05-18 08:33:46,M3,88.77,2.8
2026-05-18 08:33:48,M3,83.16,1.64
2026-05-18 08:33:50,M3,94.5,3.26
2026-05-18 08:33:52,M3,88.29,4.41
2026-05-18 08:33:54,M2,58.73,2.78
2026-05-18 08:33:56,M2,88.49,1.75
2026-05-18 08:33:58,M2,72.03,3.24
2026-05-18 08:34:00,M3,64.03,1.31
2026-05-18 08:34:02,M2,76.14,2.9
2026-05-18 08:34:04,M3,89.68,3.55
2026-05-18 08:34:06,M1,80.45,3.78
2026-05-18 08:34:08,M3,77.88,4.47
2026-05-18 08:34:10,M2,90.76,1.19
2026-05-18 08:34:12,M2,71.62,4.19
2026-05-18 08:34:14,M1,58.19,4.64
2026-05-18 08:34:16,M1,85.52,4.66
2026-05-18 08:34:18,M1,65.34,2.57
2026-05-18 08:34:20,M2,80.77,3.8
2026-05-18 08:34:22,M3,58.69,4.77
2026-05-18 08:34:24,M1,89.58,2.13
2026-05-18 08:34:26,M2,92.54,1.03
2026-05-18 08:34:28,M2,93.43,1.31
2026-05-18 08:34:30,M2,56.35,2.36
2026-05-18 08:34:32,M3,80.71,1.67
2026-05-18 08:34:34,M3,72.43,4.14
2026-05-18 08:34:36,M2,62.82,1.14
2026-05-18 08:34:38,M3,88.63,4.08
2026-05-18 08:34:40,M3,94.91,2.85
2026-05-18 08:34:42,M1,83.01,4.0
2026-05-18 08:34:44,M1,80.7,3.44
2026-05-18 08:34:46,M2,75.86,1.71
2026-05-18 08:34:48,M3,77.99,1.8
2026-05-18 08:34:50,M1,80.28,3.32
2026-05-18 08:34:52,M2,63.11,2.45
2026-05-18 08:34:54,M3,56.03,3.42
2026-05-18 08:34:56,M1,74.49,4.77
2026-05-18 08:34:58,M2,71.37,2.9
2026-05-18 08:35:00,M2,87.62,4.43
2026-05-18 08:35:02,M2,64.44,4.49
2026-05-18 08:35:04,M2,59.14,3.17
2026-05-18 08:35:06,M1,65.32,4.12
2026-05-18 08:35:08,M3,88.65,1.67
2026-05-18 08:35:10,M3,86.01,4.7
2026-05-18 08:35:12,M1,70.21,1.9
2026-05-18 08:35:14,M2,65.48,4.79
2026-05-18 08:35:16,M3,80.5,1.11
2026-05-18 08:35:18,M2,60.65,4.84
2026-05-18 08:35:20,M2,80.36,2.75
2026-05-18 08:35:22,M2,70.7,4.9
2026-05-18 08:35:24,M3,84.41,4.59
2026-05-18 08:35:26,M2,75.39,1.55
2026-05-18 08:35:28,M2,58.63,4.84
2026-05-18 08:35:30,M2,85.84,4.26
2026-05-18 08:35:32,M1,62.59,3.67
2026-05-18 08:35:34,M1,56.52,2.42
2026-05-18 08:35:36,M3,93.49,3.64
2026-05-18 08:35:38,M1,61.01,2.25
2026-05-18 08:35:40,M2,90.85,3.63
2026-05-18 08:35:42,M1,58.26,2.36
2026-05-18 08:35:44,M3,84.84,4.66
2026-05-18 08:35:46,M1,83.14,1.88
2026-05-18 08:35:48,M2,69.01,4.0
2026-05-18 08:35:50,M2,71.7,3.64
2026-05-18 08:35:52,M2,58.32,4.6
2026-05-18 08:35:54,M1,77.32,2.8
2026-05-18 08:35:56,M2,66.41,4.65
2026-05-18 08:35:58,M1,73.08,1.02
2026-05-18 08:36:00,M2,77.16,4.35
2026-05-18 08:36:02,M3,85.64,3.04
2026-05-18 08:36:04,M3,78.46,1.22
2026-05-18 08:36:06,M2,68.3,2.06
2026-05-18 08:36:08,M1,80.68,1.79
2026-05-18 08:36:10,M3,86.85,2.02
2026-05-18 08:36:12,M3,91.32,2.02
2026-05-18 08:36:14,M1,74.43,3.8
2026-05-18 08:36:16,M3,55.22,2.76
2026-05-18 08:36:18,M1,66.78,2.2
2026-05-18 08:36:20,M3,90.72,4.51
2026-05-18 08:36:22,M2,89.63,2.77
2026-05-18 08:36:24,M2,71.75,1.8
2026-05-18 08:36:26,M2,92.47,2.16
2026-05-18 08:36:28,M3,93.45,3.75
2026-05-18 08:36:30,M1,77.47,2.55
2026-05-18 08:36:32,M3,93.41,3.55
2026-05-18 08:36:34,M1,62.96,1.68
2026-05-18 08:36:36,M2,65.04,3.21
2026-05-18 08:36:38,M3,79.59,4.76
2026-05-18 08:36:40,M2,75.82,4.11
2026-05-18 08:36:42,M3,93.32,1.95
2026-05-18 08:36:44,M2,58.59,3.09
2026-05-18 08:36:46,M2,82.49,2.47
2026-05-18 08:36:48,M1,66.92,1.54
2026-05-18 08:36:50,M3,71.38,3.32
2026-05-18 08:36:52,M2,58.64,3.83
2026-05-18 08:36:54,M2,88.98,1.54
2026-05-18 08:36:56,M3,71.52,2.31
2026-05-18 08:36:58,M1,55.78,3.08
2026-05-18 08:37:00,M3,73.14,4.86
2026-05-18 08:37:02,M2,68.88,1.11
2026-05-18 08:37:04,M1,70.59,3.96
2026-05-18 08:37:06,M3,86.55,4.62
2026-05-18 08:37:08,M3,76.96,4.6
2026-05-18 08:37:10,M3,80.05,3.08
2026-05-18 08:37:12,M1,88.6,2.75
2026-05-18 08:37:14,M2,93.05,1.97
2026-05-18 08:37:16,M2,87.82,2.35
2026-05-18 08:37:18,M1,75.24,4.19
2026-05-18 08:37:20,M3,55.45,1.83
2026-05-18 08:37:22,M2,93.79,4.28
2026-05-18 08:37:24,M3,56.06,3.38
2026-05-18 08:37:26,M3,71.81,1.69
2026-05-18 08:37:28,M2,79.04,2.58
2026-05-18 08:37:30,M2,58.29,1.1
2026-05-18 08:37:32,M3,76.56,1.96
2026-05-18 08:37:34,M1,84.32,3.86
2026-05-18 08:37:36,M3,89.37,2.93
2026-05-18 08:37:38,M2,87.06,2.64
2026-05-18 08:37:40,M3,78.96,3.03
2026-05-18 08:37:42,M2,93.3,1.98
2026-05-18 08:37:44,M1,66.11,3.99
2026-05-18 08:37:46,M1,78.97,3.04
2026-05-18 08:37:48,M3,62.63,1.96
2026-05-18 08:37:50,M2,92.7,2.68
2026-05-18 08:37:52,M2,93.17,4.57
2026-05-18 08:37:54,M3,70.97,1.95
2026-05-18 08:37:56,M1,66.22,2.63
2026-05-18 08:37:58,M2,90.29,2.08
2026-05-18 08:41:31,M1,77.99,3.37
2026-05-18 08:41:33,M1,60.81,4.63
2026-05-18 08:41:35,M1,55.01,4.6
2026-05-18 08:41:37,M2,86.7,2.46
2026-05-18 08:41:39,M2,93.87,2.56
2026-05-18 08:41:41,M2,75.38,3.82
2026-05-18 08:41:43,M3,58.24,1.59
2026-05-18 08:41:45,M3,75.08,2.37
2026-05-18 08:41:47,M3,69.39,3.44
2026-05-18 08:41:49,M1,62.59,1.12
2026-05-18 08:41:51,M1,61.9,2.08
2026-05-18 08:41:53,M2,60.08,4.07
2026-05-18 08:41:55,M1,81.07,4.79
2026-05-18 08:41:57,M1,68.53,4.65
2026-05-18 08:41:59,M2,58.21,1.9
2026-05-18 08:42:01,M2,94.86,1.03
2026-05-18 08:42:03,M1,92.14,3.74
2026-05-18 08:42:05,M3,81.34,2.57
2026-05-18 08:42:07,M3,66.11,1.66
2026-05-18 08:42:09,M3,67.08,2.38
2026-05-18 08:42:11,M1,64.49,3.39
2026-05-18 08:42:13,M2,73.19,1.77
2026-05-18 08:42:15,M3,89.1,1.51
2026-05-18 08:42:17,M2,64.45,2.03
2026-05-18 08:42:19,M1,73.65,4.47
2026-05-18 08:42:21,M3,59.81,2.55
2026-05-18 08:42:23,M2,92.75,3.49
2026-05-18 08:42:25,M1,60.7,1.72
2026-05-18 08:42:27,M3,87.46,1.24
2026-05-18 08:42:29,M3,60.81,2.88
2026-05-18 08:42:31,M2,73.15,1.07
2026-05-18 08:42:33,M2,78.02,1.88
2026-05-18 08:42:35,M1,83.62,1.1
2026-05-18 08:42:37,M2,64.54,3.93
2026-05-18 08:42:39,M3,70.35,1.53
2026-05-18 08:42:41,M3,83.81,2.92
2026-05-18 08:42:43,M1,70.25,2.83
2026-05-18 08:42:45,M3,74.39,2.4
2026-05-18 08:42:47,M2,86.13,3.24
2026-05-18 08:42:49,M1,62.1,4.91
2026-05-18 08:42:51,M3,63.8,1.64
2026-05-18 08:42:53,M2,61.87,4.3
2026-05-18 08:42:55,M1,94.72,2.9
2026-05-18 08:42:57,M1,65.65,4.58
2026-05-18 08:42:59,M2,90.48,2.55
2026-05-18 08:43:01,M1,58.55,4.5
2026-05-18 08:43:03,M2,59.63,2.51
2026-05-18 08:43:05,M3,91.34,3.54
2026-05-18 08:43:07,M2,93.49,2.26
2026-05-18 08:43:09,M3,80.67,2.29
2026-05-18 08:43:11,M3,55.88,2.08
2026-05-18 08:43:13,M1,86.67,4.18
2026-05-18 08:43:15,M2,65.02,1.1
2026-05-18 08:43:17,M3,76.25,4.6
2026-05-18 08:43:19,M1,60.57,1.24
2026-05-18 08:43:21,M1,92.21,2.17
2026-05-18 08:43:43,M2,85.78,3.64
2026-05-18 08:43:45,M3,88.53,2.29
2026-05-18 08:43:47,M3,75.34,1.66
2026-05-18 08:43:49,M2,70.73,2.38
2026-05-18 08:43:51,M3,67.38,2.84
2026-05-18 08:43:53,M3,89.33,3.12
2026-05-18 08:43:55,M1,80.96,2.15
2026-05-18 08:43:57,M3,59.74,1.28
2026-05-18 08:43:59,M3,68.95,4.0
2026-05-18 08:44:01,M3,65.11,3.01
2026-05-18 08:44:03,M2,90.21,3.49
2026-05-18 08:44:05,M2,55.32,2.09
2026-05-18 08:44:07,M3,89.07,4.28
2026-05-18 08:44:09,M2,92.82,3.45
2026-05-18 08:44:11,M2,89.41,4.83
2026-05-18 08:44:13,M1,84.22,4.11
2026-05-18 08:44:15,M3,93.77,3.75
2026-05-18 08:44:17,M3,73.27,4.23
2026-05-18 08:44:19,M1,58.65,2.74
2026-05-18 08:44:21,M2,69.23,1.24
2026-05-18 08:44:23,M2,90.35,2.98
2026-05-18 08:44:25,M3,67.48,3.97
2026-05-18 08:44:27,M1,61.55,1.39
2026-05-18 08:44:29,M2,61.97,1.17
2026-05-18 08:44:31,M3,86.56,4.92
2026-05-18 08:44:33,M2,85.19,3.23
2026-05-18 08:44:35,M3,64.85,2.04
2026-05-18 08:44:37,M3,64.57,2.11
2026-05-18 08:44:39,M3,76.08,4.05
2026-05-18 08:44:41,M1,59.24,3.37
2026-05-18 08:44:43,M3,75.95,3.9
2026-05-18 08:44:45,M3,61.72,2.49
2026-05-18 08:44:47,M1,75.58,4.63
2026-05-18 08:44:49,M1,67.05,3.62
2026-05-18 08:44:51,M1,67.09,3.26
2026-05-18 08:44:53,M1,94.07,4.13
2026-05-18 08:44:55,M1,63.33,1.37
2026-05-18 08:44:57,M1,81.65,4.67
2026-05-18 08:44:59,M2,63.29,4.08
2026-05-18 08:45:01,M1,88.23,4.46
2026-05-18 08:45:03,M1,69.61,2.89
2026-05-18 08:45:05,M3,61.71,3.9
2026-05-18 08:45:07,M2,75.62,3.03
2026-05-18 08:45:09,M3,64.34,2.26
2026-05-18 08:45:11,M1,63.1,2.28
2026-05-18 08:45:13,M1,85.88,1.13
2026-05-18 08:45:15,M3,92.45,2.97
2026-05-18 08:45:17,M3,71.76,4.77
2026-05-18 08:45:19,M2,85.6,1.32
2026-05-18 08:45:21,M2,55.92,4.25
2026-05-18 08:45:23,M2,82.05,3.87
2026-05-18 08:45:25,M2,61.51,3.19
2026-05-18 08:45:27,M3,89.59,4.07
2026-05-18 08:45:29,M2,86.08,3.11
2026-05-18 08:45:31,M1,82.69,1.52
2026-05-18 08:45:33,M1,61.46,1.26
2026-05-18 08:45:35,M2,55.1,1.0
2026-05-18 08:45:37,M1,87.99,3.55
2026-05-18 08:45:39,M2,55.0,4.86
2026-05-18 08:45:41,M3,84.17,3.69
2026-05-18 08:45:43,M2,94.35,3.2
2026-05-18 08:45:45,M1,58.59,3.6
2026-05-18 08:45:47,M3,76.02,4.24
2026-05-18 08:45:49,M2,62.86,4.9
2026-05-18 08:45:51,M3,62.47,4.62
2026-05-18 08:45:53,M1,60.69,2.72
2026-05-18 08:45:55,M3,75.52,4.12
2026-05-18 08:45:57,M3,67.48,2.09
2026-05-18 08:45:59,M2,67.57,1.89
2026-05-18 08:46:01,M3,58.79,2.42
2026-05-18 08:46:03,M1,94.22,4.36
2026-05-18 08:46:05,M2,60.06,3.52
2026-05-18 08:46:07,M1,76.42,3.97
2026-05-18 08:46:09,M3,72.68,2.41
2026-05-18 08:46:11,M1,82.41,4.43
2026-05-18 08:46:13,M3,66.06,1.94
2026-05-18 08:46:15,M3,79.32,1.69
2026-05-18 08:46:17,M2,69.11,1.32
2026-05-18 08:46:19,M3,92.29,2.94
2026-05-18 08:46:21,M2,89.63,1.22
2026-05-18 08:46:23,M1,85.03,4.59
2026-05-18 08:46:25,M3,74.05,1.12
2026-05-18 08:46:27,M3,77.8,2.83
2026-05-18 08:46:29,M3,59.35,1.57
2026-05-18 08:46:31,M2,83.51,3.14
2026-05-18 08:46:33,M1,56.27,1.59
2026-05-18 08:46:35,M3,65.17,1.34
2026-05-18 08:46:37,M3,69.43,1.82
2026-05-18 08:46:39,M3,60.27,1.88
2026-05-18 08:46:41,M3,94.8,2.14
2026-05-18 08:46:43,M2,87.75,1.58
2026-05-18 08:46:45,M2,69.35,2.72
2026-05-18 08:46:47,M3,71.92,1.32
2026-05-18 08:46:49,M2,77.75,3.29
2026-05-18 08:46:51,M1,86.09,3.33
2026-05-18 08:46:53,M1,80.85,1.95
2026-05-18 08:46:55,M2,56.78,2.7
2026-05-18 08:46:57,M3,91.09,4.3
2026-05-18 08:46:59,M3,75.94,3.67
2026-05-18 08:47:01,M3,55.17,2.42
2026-05-18 08:47:03,M2,80.41,2.22
2026-05-18 08:47:05,M1,67.98,1.21
2026-05-18 08:47:07,M1,86.27,1.1
2026-05-18 08:47:09,M1,57.54,3.13
2026-05-18 08:47:11,M1,55.79,3.7
2026-05-18 08:47:13,M2,69.73,1.87
2026-05-18 08:47:15,M3,75.94,1.72
2026-05-18 08:47:17,M1,92.9,3.98
2026-05-18 08:47:19,M2,85.9,2.59
2026-05-18 08:47:21,M1,74.08,4.41
2026-05-18 08:47:23,M1,75.47,4.1
2026-05-18 08:47:25,M2,93.74,1.21
2026-05-18 08:47:27,M3,73.54,4.56
2026-05-18 08:47:29,M3,88.31,1.7
2026-05-18 08:47:31,M1,94.54,3.62
2026-05-18 08:47:33,M3,85.76,3.27
2026-05-18 08:47:35,M3,88.05,4.03
2026-05-18 08:47:37,M2,66.21,4.52
2026-05-18 08:47:39,M2,87.12,4.71
2026-05-18 08:47:41,M3,61.64,4.93
2026-05-18 08:47:43,M2,87.64,3.7
2026-05-18 08:47:45,M2,85.89,4.54
2026-05-18 08:47:47,M2,61.84,1.29
2026-05-18 08:47:49,M2,76.53,3.55
2026-05-18 08:47:51,M1,69.58,3.56
2026-05-18 08:47:53,M3,56.31,3.17
2026-05-18 08:47:55,M3,76.91,1.68
2026-05-18 08:47:57,M1,74.91,3.15
2026-05-18 08:47:59,M2,58.68,1.57
2026-05-18 08:48:01,M1,88.53,2.42
2026-05-18 08:48:03,M2,86.7,4.47
2026-05-18 08:48:05,M3,93.25,3.48
2026-05-18 08:48:07,M3,69.18,1.39
2026-05-18 08:48:09,M2,67.73,3.21
2026-05-18 08:48:11,M2,68.29,4.54
2026-05-18 08:48:13,M2,91.12,1.91
2026-05-18 08:48:15,M3,72.53,4.2
2026-05-18 08:48:17,M2,85.89,2.19
2026-05-18 08:48:19,M2,81.32,4.86
2026-05-18 08:48:21,M1,87.85,1.52
2026-05-18 08:48:23,M1,57.05,3.48
2026-05-18 08:48:25,M3,80.47,2.26
2026-05-18 08:48:27,M2,94.67,3.02
2026-05-18 08:48:29,M2,56.79,1.64
2026-05-18 08:48:31,M1,85.06,1.41
2026-05-18 08:48:33,M1,57.95,3.33
2026-05-18 08:48:35,M2,62.99,3.79
2026-05-18 08:48:37,M1,92.58,3.69
2026-05-18 08:48:39,M2,69.15,2.98
2026-05-18 08:48:41,M2,88.02,1.29
2026-05-18 08:48:43,M2,76.0,4.5
2026-05-18 08:48:45,M3,61.7,1.07
2026-05-18 08:48:47,M3,89.27,4.41
2026-05-18 08:48:49,M3,62.56,4.74
2026-05-18 08:48:51,M2,72.9,4.22
2026-05-18 08:48:53,M1,60.68,3.26
2026-05-18 08:48:55,M3,66.74,1.8
2026-05-18 08:48:57,M3,65.85,3.12
2026-05-18 08:48:59,M1,69.14,1.33
2026-05-18 08:49:01,M2,71.33,3.11
2026-05-18 08:49:03,M3,73.4,3.89
2026-05-18 08:49:05,M2,65.37,3.74
2026-05-18 08:49:07,M2,64.36,4.97
2026-05-18 08:49:09,M2,80.87,1.23
2026-05-18 08:49:11,M3,85.0,4.19
2026-05-18 08:49:14,M3,55.47,2.9
2026-05-18 08:49:16,M1,84.07,2.07
2026-05-18 08:49:18,M3,74.64,2.01
2026-05-18 08:49:20,M3,81.14,4.5
2026-05-18 08:49:22,M3,92.19,1.09
2026-05-18 08:49:24,M1,86.68,4.51
2026-05-18 08:49:26,M1,86.73,4.6
2026-05-18 08:49:28,M3,79.5,4.84
2026-05-18 08:49:30,M3,77.51,1.19
2026-05-18 08:49:32,M3,91.63,2.55
2026-05-18 08:49:34,M1,81.72,3.95
2026-05-18 08:49:36,M2,65.62,4.15
2026-05-18 08:49:38,M3,92.06,2.04
2026-05-18 08:49:40,M3,92.89,2.74
2026-05-18 08:49:42,M3,71.32,4.28
2026-05-18 08:49:44,M3,69.38,1.6
2026-05-18 08:49:46,M1,93.47,1.16
2026-05-18 08:49:48,M2,70.71,1.49
2026-05-18 08:49:50,M3,92.61,1.63
2026-05-18 08:49:52,M1,56.65,2.61
2026-05-18 08:49:54,M2,70.96,4.22
2026-05-18 08:49:56,M1,93.78,3.01
2026-05-18 08:49:58,M1,83.32,2.24
2026-05-18 08:50:00,M3,86.73,2.4
2026-05-18 08:50:02,M2,76.3,4.41
2026-05-18 08:50:04,M3,65.26,2.64
2026-05-18 08:50:06,M3,77.15,3.76
2026-05-18 08:50:08,M1,59.91,1.41
2026-05-18 08:50:10,M3,89.43,2.99
2026-05-18 08:50:12,M1,84.5,2.42
2026-05-18 08:50:14,M1,91.14,3.78
2026-05-18 08:50:16,M2,69.26,3.66
2026-05-18 08:50:18,M3,85.11,4.82
2026-05-18 08:50:20,M3,73.91,3.38
2026-05-18 08:50:22,M3,64.18,2.29
2026-05-18 08:50:24,M3,67.83,4.16
2026-05-18 08:50:26,M3,65.63,4.34
2026-05-18 08:50:28,M3,58.73,4.91
2026-05-18 08:50:30,M3,92.33,3.39
2026-05-18 08:50:32,M3,80.76,3.12
2026-05-18 08:50:34,M1,85.95,2.95
2026-05-18 08:50:36,M2,59.03,1.63
2026-05-18 08:50:38,M1,78.01,3.08
2026-05-18 08:50:40,M1,88.33,2.25
2026-05-18 08:50:42,M1,72.56,2.63
2026-05-18 08:50:44,M2,84.31,1.14
2026-05-18 08:50:46,M1,77.57,2.56
2026-05-18 08:50:48,M1,78.88,3.81
2026-05-18 08:50:50,M2,85.81,3.49
2026-05-18 08:50:52,M3,69.59,2.59
2026-05-18 08:50:54,M2,84.85,3.54
2026-05-18 08:50:56,M1,78.81,4.79
2026-05-18 08:50:58,M3,76.02,3.19
2026-05-18 08:51:00,M2,90.97,4.52
2026-05-18 08:51:02,M3,70.95,3.4
2026-05-18 08:51:04,M1,72.0,1.23
2026-05-18 08:51:06,M3,86.69,3.99
2026-05-18 08:51:08,M2,57.72,1.31
2026-05-18 08:51:10,M2,63.7,3.29
2026-05-18 08:51:12,M2,86.82,1.09
2026-05-18 08:51:14,M1,65.29,1.72
2026-05-18 08:51:16,M3,72.65,3.88
2026-05-18 08:51:18,M3,61.02,3.52
2026-05-18 08:51:20,M3,93.35,2.81
2026-05-18 08:51:22,M3,63.99,2.66
2026-05-18 08:51:24,M1,90.37,1.77
2026-05-18 08:51:26,M1,62.55,4.43
2026-05-18 08:51:28,M3,87.58,1.55
2026-05-18 08:51:30,M2,90.32,4.01
2026-05-18 08:51:32,M1,62.77,4.12
2026-05-18 08:51:53,M3,59.82,2.19
2026-05-18 08:51:55,M3,88.23,3.1
2026-05-18 08:51:57,M3,55.06,1.38
2026-05-18 08:51:59,M2,87.2,1.46
2026-05-18 08:52:01,M3,70.33,3.74
2026-05-18 08:52:03,M2,89.31,4.42
2026-05-18 08:52:05,M2,55.64,4.21
2026-05-18 08:52:07,M1,67.95,2.16
2026-05-18 08:52:09,M1,58.89,3.62
2026-05-18 08:52:11,M1,74.12,3.63
2026-05-18 08:52:13,M1,59.32,1.92
2026-05-18 08:52:15,M1,70.49,3.88
2026-05-18 08:52:17,M3,55.31,1.45
2026-05-18 08:52:19,M1,72.32,2.77
2026-05-18 08:52:21,M3,88.47,2.83
2026-05-18 08:52:23,M3,84.38,3.73
2026-05-18 08:52:25,M3,61.68,4.87
2026-05-18 08:52:27,M3,85.41,4.45
2026-05-18 08:52:29,M3,73.04,2.58
2026-05-18 08:52:31,M1,79.38,4.86
2026-05-18 08:52:33,M2,70.89,3.56
2026-05-18 08:52:35,M2,77.53,4.91
2026-05-18 08:52:37,M1,75.6,4.22
2026-05-18 08:52:39,M1,61.59,2.29
2026-05-18 08:52:41,M2,81.79,2.78
2026-05-18 08:52:43,M3,87.99,3.62
2026-05-18 08:52:45,M3,94.96,2.84
2026-05-18 08:52:47,M1,57.75,4.87
2026-05-18 08:52:49,M1,57.17,4.8
2026-05-18 08:52:51,M3,60.92,4.15
2026-05-18 08:52:53,M2,55.68,1.44
2026-05-18 08:52:55,M3,89.85,4.18
2026-05-18 08:52:57,M3,86.57,2.05
2026-05-18 08:52:59,M2,80.8,2.36
2026-05-18 08:53:01,M2,62.15,3.86
2026-05-18 08:53:03,M2,83.28,3.59
2026-05-18 08:53:05,M2,74.93,4.49
2026-05-18 08:53:07,M2,87.97,3.56
2026-05-18 08:53:09,M2,85.28,4.55
2026-05-18 08:53:11,M1,58.13,1.12
2026-05-18 08:53:13,M2,85.49,1.24
2026-05-18 08:53:15,M2,71.21,2.41
2026-05-18 08:53:17,M1,91.87,4.04
2026-05-18 08:53:19,M3,71.21,1.04
2026-05-18 08:53:21,M2,80.85,4.81
2026-05-18 08:53:23,M1,75.78,1.44
2026-05-18 08:53:25,M2,81.14,3.68
2026-05-18 08:53:27,M1,84.91,3.79
2026-05-18 08:53:29,M3,91.22,3.97
2026-05-18 08:53:31,M3,74.11,4.96
2026-05-18 08:53:33,M1,69.91,2.33
2026-05-18 08:53:35,M1,64.84,1.57
2026-05-18 08:53:37,M2,74.32,1.27
2026-05-18 08:53:39,M3,56.89,2.68
2026-05-18 08:53:41,M2,61.54,1.53
2026-05-18 08:53:43,M1,92.06,2.76
2026-05-18 08:53:45,M3,88.7,4.13
2026-05-18 08:53:47,M3,84.74,4.6
2026-05-18 08:53:49,M1,66.17,3.22
2026-05-18 08:53:51,M2,55.44,2.97
2026-05-18 08:53:53,M1,63.55,2.99
2026-05-18 08:53:55,M2,93.52,2.44
2026-05-18 08:53:57,M1,83.84,2.93
2026-05-18 08:53:59,M1,62.24,3.68
2026-05-18 08:54:01,M2,79.42,1.12
2026-05-18 08:54:03,M1,79.02,1.94
2026-05-18 08:54:05,M3,72.17,1.19
2026-05-18 08:54:07,M1,57.53,3.18
2026-05-18 08:54:09,M3,61.31,2.43
2026-05-18 08:54:11,M2,65.86,2.13
2026-05-18 08:54:13,M3,93.62,3.85
2026-05-18 08:54:15,M3,79.79,4.97
2026-05-18 08:54:17,M3,74.38,2.97
2026-05-18 08:54:19,M2,59.66,3.2
2026-05-18 08:54:21,M1,83.6,2.31
2026-05-18 08:54:23,M3,66.02,4.87
2026-05-18 08:54:25,M3,91.63,4.5
2026-05-18 08:54:27,M3,61.09,1.86
2026-05-18 08:54:29,M1,65.55,4.61
2026-05-18 08:54:31,M1,78.87,3.74
2026-05-18 08:54:33,M1,60.29,2.57
2026-05-18 08:54:35,M1,66.69,4.42
2026-05-18 08:54:37,M1,77.56,1.62
2026-05-18 08:54:39,M1,87.44,4.58
2026-05-18 08:54:41,M3,70.23,2.88
2026-05-18 08:54:43,M2,84.04,4.71
2026-05-18 08:54:45,M3,78.49,1.1
2026-05-18 08:54:47,M1,65.52,2.44
2026-05-18 08:54:49,M1,65.34,3.97
2026-05-18 08:54:51,M3,81.8,2.97
2026-05-18 08:54:53,M1,93.92,3.5
2026-05-18 08:54:55,M3,56.96,1.56
2026-05-18 08:54:57,M1,57.84,3.11
2026-05-18 08:54:59,M2,69.63,4.92
2026-05-18 08:55:01,M3,74.63,3.93
2026-05-18 08:55:03,M3,77.09,1.09
2026-05-18 08:55:05,M2,62.27,3.19
2026-05-18 08:55:07,M1,90.37,3.18
2026-05-18 08:55:09,M2,68.5,3.76
2026-05-18 08:55:11,M3,77.25,2.61
2026-05-18 08:55:13,M3,87.73,4.0
2026-05-18 08:55:15,M1,75.28,1.47
2026-05-18 08:55:17,M1,65.15,3.08
2026-05-18 08:55:19,M3,84.91,3.13
2026-05-18 08:55:21,M2,58.14,2.35
2026-05-18 08:55:23,M3,73.26,3.25
2026-05-18 08:55:25,M3,59.74,4.95
2026-05-18 08:55:27,M2,89.11,3.59
2026-05-18 08:55:29,M1,64.84,4.85
2026-05-18 08:55:31,M3,75.91,4.53
2026-05-18 08:55:33,M3,69.66,3.25
2026-05-18 08:55:35,M3,74.22,4.67
2026-05-18 08:55:37,M2,90.48,4.05
2026-05-18 08:55:39,M3,83.67,3.8
2026-05-18 08:55:41,M2,92.7,1.16
2026-05-18 08:55:43,M1,91.66,2.74
2026-05-18 08:55:45,M1,66.9,3.09
2026-05-18 08:55:47,M2,79.43,2.76
2026-05-18 08:55:49,M3,75.26,2.33
2026-05-18 08:55:51,M3,68.41,2.04
2026-05-18 08:55:53,M3,87.35,1.19
2026-05-18 08:55:55,M2,56.33,2.0
2026-05-18 08:55:57,M3,85.45,3.52
2026-05-18 08:55:59,M2,80.61,3.44
2026-05-18 08:56:01,M2,66.54,4.69
2026-05-18 08:56:03,M1,76.0,1.32
2026-05-18 08:56:05,M2,90.0,4.51
2026-05-18 08:56:07,M2,68.93,2.74
2026-05-18 08:56:09,M2,71.84,2.71
2026-05-18 08:56:11,M2,94.56,3.56
2026-05-18 08:56:13,M2,61.14,2.16
2026-05-18 08:56:15,M3,90.84,3.31
2026-05-18 08:56:17,M3,82.42,2.29
2026-05-18 08:56:19,M3,67.16,2.73
2026-05-18 08:56:21,M1,62.31,3.19
2026-05-18 08:56:23,M1,69.78,2.53
2026-05-18 08:56:25,M3,61.5,1.11
2026-05-18 08:56:27,M2,93.52,3.54
2026-05-18 08:56:29,M3,87.48,3.61
2026-05-18 08:56:31,M2,58.92,1.22
2026-05-18 08:56:33,M1,64.16,2.59
2026-05-18 08:56:35,M2,76.84,4.49
2026-05-18 08:56:37,M2,67.23,1.83
2026-05-18 08:56:39,M3,85.34,1.42
2026-05-18 08:56:41,M2,60.2,3.78
2026-05-18 08:56:43,M2,63.84,4.98
2026-05-18 08:56:45,M1,62.68,3.23
2026-05-18 08:56:47,M3,94.19,4.9
2026-05-18 08:56:49,M2,60.8,4.24
2026-05-18 08:56:51,M3,68.53,1.83
2026-05-18 08:56:53,M1,83.63,2.48
2026-05-18 08:56:55,M3,68.5,2.96
2026-05-18 08:56:57,M3,56.79,2.45
2026-05-18 08:56:59,M1,58.33,1.51
2026-05-18 08:57:01,M3,57.82,1.98
2026-05-18 08:57:03,M2,86.31,1.13
2026-05-18 08:57:05,M2,56.41,3.9
2026-05-18 08:57:07,M2,62.94,3.77
2026-05-18 08:57:09,M1,74.84,1.58
2026-05-18 08:57:11,M3,75.78,1.6
2026-05-18 08:57:13,M3,73.6,4.9
2026-05-18 08:57:15,M3,82.56,4.7
2026-05-18 08:57:17,M1,65.56,2.07
2026-05-18 08:57:19,M2,60.11,2.5
2026-05-18 08:57:21,M1,73.55,4.32
2026-05-18 08:57:23,M1,82.89,4.45
2026-05-18 08:57:25,M1,74.33,1.76
2026-05-18 08:57:27,M1,56.06,3.55
2026-05-18 08:57:29,M2,66.44,3.15
2026-05-18 08:57:31,M3,64.09,4.95
2026-05-18 08:57:33,M3,90.61,4.52
2026-05-18 08:57:35,M2,93.09,2.13
2026-05-18 08:57:37,M1,92.37,1.4
2026-05-18 08:57:39,M3,63.61,4.17
2026-05-18 08:57:41,M3,84.1,3.9
2026-05-18 08:57:43,M2,55.1,3.22
2026-05-18 08:57:45,M1,58.25,4.33
2026-05-18 08:57:47,M3,80.66,2.42
2026-05-18 08:57:49,M3,64.19,1.39
2026-05-18 08:57:51,M3,88.53,1.82
2026-05-18 08:57:53,M2,89.85,3.65
2026-05-18 08:57:55,M3,56.91,3.26
2026-05-18 08:57:57,M1,63.38,2.29
2026-05-18 08:57:59,M1,84.05,3.55
2026-05-18 08:58:01,M3,83.08,4.8
2026-05-18 08:58:03,M3,84.72,3.66
2026-05-18 08:58:05,M1,60.11,1.46
2026-05-18 08:58:07,M2,75.17,1.74
2026-05-18 08:58:09,M1,82.37,2.49
2026-05-18 08:58:11,M1,75.38,4.81
2026-05-18 08:58:13,M1,76.89,4.74
2026-05-18 08:58:15,M1,92.33,2.12
2026-05-18 08:58:17,M3,58.91,2.67
2026-05-18 08:58:19,M2,62.5,1.4
2026-05-18 08:58:21,M2,92.64,3.51
2026-05-18 08:58:23,M1,69.33,3.02
2026-05-18 08:58:25,M3,67.75,3.81
2026-05-18 08:58:27,M3,86.37,4.08
2026-05-18 08:58:29,M1,72.13,3.79
2026-05-18 08:58:31,M1,85.62,3.08
2026-05-18 08:58:33,M3,72.79,4.92
2026-05-18 08:58:35,M1,62.21,2.72
2026-05-18 08:58:38,M1,84.26,4.72
2026-05-18 08:58:40,M2,90.49,2.78
2026-05-18 08:58:42,M1,72.43,4.52
2026-05-18 08:58:44,M1,79.14,1.82
2026-05-18 08:58:46,M2,93.82,4.82
2026-05-18 08:58:48,M3,75.17,1.12
2026-05-18 08:58:50,M3,63.54,2.57
2026-05-18 08:58:52,M1,73.55,2.94
2026-05-18 08:58:54,M1,63.65,2.5
2026-05-18 08:58:56,M1,69.37,4.49
2026-05-18 08:58:58,M1,92.86,2.55
2026-05-18 08:59:00,M2,67.07,2.44
2026-05-18 08:59:02,M2,75.66,1.5
2026-05-18 08:59:04,M2,89.36,2.85
2026-05-18 08:59:06,M1,66.47,4.3
2026-05-18 08:59:08,M1,67.35,4.99
2026-05-18 08:59:10,M2,57.95,2.14
2026-05-18 08:59:12,M3,80.89,2.29
2026-05-18 08:59:14,M1,63.83,2.78
2026-05-18 08:59:16,M2,57.08,4.73
2026-05-18 08:59:18,M2,67.69,2.76
2026-05-18 08:59:20,M1,92.26,2.83
2026-05-18 08:59:22,M2,87.96,4.36
2026-05-18 08:59:24,M2,79.05,3.29
2026-05-18 08:59:26,M3,79.43,4.6
2026-05-18 08:59:28,M1,92.97,3.59
2026-05-18 08:59:30,M3,72.13,1.26
2026-05-18 08:59:32,M2,70.99,4.27
2026-05-18 08:59:34,M2,55.43,1.38
2026-05-18 08:59:36,M2,93.42,3.85
2026-05-18 08:59:38,M1,72.09,2.41
2026-05-18 08:59:40,M2,69.96,3.13
2026-05-18 08:59:42,M3,71.99,1.46
2026-05-18 08:59:44,M1,82.18,4.65
2026-05-18 08:59:46,M1,91.93,1.92
2026-05-18 08:59:48,M1,86.22,3.34
2026-05-18 08:59:50,M2,69.04,1.93
2026-05-18 08:59:52,M3,59.6,3.23
2026-05-18 08:59:54,M1,63.72,3.73
2026-05-18 08:59:56,M3,69.05,2.13
2026-05-18 08:59:58,M1,55.25,1.16
2026-05-18 09:00:00,M3,62.49,4.04
2026-05-18 09:00:02,M2,90.89,1.38
2026-05-18 09:00:04,M1,82.95,1.28
2026-05-18 09:00:06,M3,69.88,4.29
2026-05-18 09:00:08,M2,67.52,3.0
2026-05-18 09:00:10,M1,69.1,2.12
2026-05-18 09:00:12,M1,77.33,3.51
2026-05-18 09:00:14,M1,66.1,3.33
2026-05-18 09:00:16,M1,69.93,1.63
2026-05-18 09:00:18,M1,63.97,3.25
2026-05-18 09:00:20,M3,72.96,3.74
2026-05-18 09:00:22,M2,76.05,4.78
2026-05-18 09:00:24,M1,70.91,2.87
2026-05-18 09:00:26,M3,88.35,3.89
2026-05-18 09:00:28,M2,87.26,3.76
2026-05-18 09:00:30,M3,78.51,1.93
2026-05-18 09:00:32,M1,91.09,2.51
2026-05-18 09:00:34,M3,82.37,3.86
2026-05-18 09:00:36,M2,59.48,2.45
2026-05-18 09:00:38,M1,57.02,2.36
2026-05-18 09:00:40,M2,76.39,2.66
2026-05-18 09:00:42,M2,55.65,1.61
2026-05-18 09:00:44,M1,93.93,1.72
2026-05-18 09:00:46,M2,73.79,4.35
2026-05-18 09:00:48,M2,76.04,4.12
2026-05-18 09:00:50,M3,87.7,4.03
2026-05-18 09:00:52,M2,82.74,3.73
2026-05-18 09:00:54,M1,59.29,3.75
2026-05-18 09:00:56,M2,70.85,4.29
2026-05-18 09:00:58,M2,89.55,3.76
2026-05-18 09:01:00,M1,86.01,2.97
2026-05-18 09:01:02,M3,86.21,3.66
2026-05-18 09:01:04,M3,82.49,3.72
2026-05-18 09:01:06,M2,85.06,4.6
2026-05-18 09:01:08,M2,76.75,4.59
2026-05-18 09:01:10,M3,64.74,2.45
2026-05-18 09:01:12,M3,63.27,4.09
2026-05-18 09:01:14,M2,79.73,1.49
2026-05-18 09:01:16,M1,94.69,3.86
2026-05-18 09:01:18,M1,69.5,2.86
2026-05-18 09:01:20,M3,67.06,3.11
2026-05-18 09:01:22,M3,57.76,3.66
2026-05-18 09:01:24,M3,76.25,3.9
2026-05-18 09:01:26,M1,69.28,3.57
2026-05-18 09:01:28,M3,88.0,2.26
2026-05-18 09:01:30,M1,67.65,4.28
2026-05-18 09:01:32,M3,81.67,3.43
2026-05-18 09:01:34,M3,89.03,2.08
2026-05-18 09:01:36,M2,71.39,4.51
2026-05-18 09:01:38,M2,66.03,2.32
2026-05-18 09:01:40,M1,66.29,4.35
2026-05-18 09:01:42,M2,71.18,3.74
2026-05-18 09:01:44,M3,76.25,1.15
2026-05-18 09:01:46,M3,86.07,4.86
2026-05-18 09:01:48,M2,93.61,1.01
2026-05-18 09:01:50,M1,74.38,1.06
2026-05-18 09:01:52,M1,91.26,4.81
2026-05-18 09:01:54,M2,63.83,2.69
2026-05-18 09:01:56,M3,92.79,4.74
2026-05-18 09:01:58,M1,68.45,4.56
2026-05-18 09:02:00,M2,74.95,2.8
2026-05-18 09:02:02,M2,64.26,1.36
2026-05-18 09:02:04,M2,64.68,1.16
2026-05-18 09:02:06,M1,83.78,1.97
2026-05-18 09:02:08,M1,89.16,3.19
2026-05-18 09:02:10,M1,72.83,1.94
2026-05-18 09:02:12,M3,84.83,3.27
2026-05-18 09:02:14,M2,78.89,4.18
2026-05-18 09:02:16,M2,69.87,2.85
2026-05-18 09:02:18,M1,62.25,4.49
2026-05-18 09:02:20,M1,82.53,2.27
2026-05-18 09:02:22,M2,93.75,4.97
2026-05-18 09:02:24,M1,70.12,4.13
2026-05-18 09:02:26,M2,83.29,2.96
2026-05-18 09:02:28,M2,94.29,2.04
2026-05-18 09:02:30,M1,62.82,4.17
2026-05-18 09:02:32,M1,62.36,2.74
2026-05-18 09:02:34,M3,68.12,2.65
2026-05-18 09:02:36,M2,76.33,2.76
2026-05-18 09:02:38,M3,82.98,2.13
2026-05-18 09:02:40,M2,83.32,1.09
2026-05-18 09:02:42,M3,63.87,4.79
2026-05-18 09:02:44,M3,61.79,2.14
2026-05-18 09:02:46,M3,59.69,2.33
2026-05-18 09:02:48,M2,61.53,4.41
2026-05-18 09:02:50,M2,72.6,4.86
2026-05-18 09:02:52,M1,85.61,4.74
2026-05-18 09:02:54,M3,82.11,4.79
2026-05-18 09:02:56,M2,83.47,4.19
2026-05-18 09:02:58,M3,74.88,4.77
2026-05-18 09:03:00,M1,89.5,2.6
2026-05-18 09:03:02,M3,86.31,3.48
2026-05-18 09:03:04,M2,80.41,2.5
2026-05-18 09:03:06,M2,82.07,3.96
2026-05-18 09:03:08,M3,89.04,3.92
2026-05-18 09:03:10,M2,85.06,2.11
2026-05-18 09:03:12,M1,85.88,1.33
2026-05-18 09:03:14,M3,84.3,2.93
2026-05-18 09:03:16,M1,92.08,3.68
2026-05-18 09:03:18,M2,94.43,1.52
2026-05-18 09:03:20,M2,83.39,3.39
2026-05-18 09:03:22,M2,65.18,3.73
2026-05-18 09:03:24,M1,74.18,1.1
2026-05-18 09:03:26,M1,59.02,4.5
2026-05-18 09:03:28,M3,85.3,2.63
2026-05-18 09:03:30,M3,56.79,2.81
2026-05-18 09:03:32,M3,75.36,3.23
2026-05-18 09:03:34,M1,62.56,4.87
2026-05-18 09:03:36,M2,56.63,3.15
2026-05-18 09:03:38,M1,63.15,1.37
2026-05-18 09:03:40,M1,73.08,3.62
2026-05-18 09:03:42,M3,63.46,1.85
2026-05-18 09:03:44,M1,64.72,1.01
2026-05-18 09:03:46,M1,84.07,4.59
2026-05-18 09:03:48,M3,57.57,3.43
2026-05-18 09:03:50,M2,61.43,4.57
2026-05-18 09:03:52,M3,62.98,4.35
2026-05-18 09:03:54,M2,57.54,4.74
2026-05-18 09:03:56,M3,75.26,2.49
2026-05-18 09:03:58,M1,88.53,4.62
2026-05-18 09:04:00,M2,92.49,4.52
2026-05-18 09:04:02,M1,77.57,2.66
2026-05-18 09:04:04,M2,73.18,1.72
2026-05-18 09:04:06,M2,57.46,3.3
2026-05-18 09:04:08,M1,79.29,4.36
2026-05-18 09:04:10,M2,79.75,4.61
2026-05-18 09:04:12,M1,59.7,3.4
2026-05-18 09:04:14,M1,71.84,4.13
2026-05-18 09:04:16,M2,55.28,1.22
2026-05-18 09:04:18,M3,65.23,2.83
2026-05-18 09:04:20,M1,88.02,3.35
2026-05-18 09:04:22,M1,63.16,3.86
2026-05-18 09:04:24,M2,58.56,3.07
2026-05-18 09:04:26,M1,82.01,2.07
2026-05-18 09:04:28,M2,85.51,3.81
2026-05-18 09:04:30,M1,71.84,4.91
2026-05-18 09:04:32,M3,86.89,2.18
2026-05-18 09:04:34,M1,73.47,2.32
2026-05-18 09:04:36,M1,64.75,4.87
2026-05-18 09:04:38,M3,86.44,2.45
2026-05-18 09:04:40,M2,73.2,2.1
2026-05-18 09:04:42,M3,67.93,2.84
2026-05-18 09:04:44,M3,91.68,2.61
2026-05-18 09:04:46,M3,55.28,2.76
2026-05-18 09:04:48,M1,57.49,2.55
2026-05-18 09:04:50,M2,58.9,1.64
2026-05-18 09:04:52,M1,79.64,2.86
2026-05-18 09:04:54,M1,69.13,1.3
2026-05-18 09:04:56,M2,91.19,4.96
2026-05-18 09:04:58,M3,67.96,1.2
2026-05-18 09:05:00,M3,89.49,2.31
2026-05-18 09:05:02,M1,72.75,3.74
2026-05-18 09:05:04,M1,58.46,3.04
2026-05-18 09:05:06,M1,64.47,2.52
2026-05-18 09:05:08,M1,55.3,1.39
2026-05-18 09:05:10,M3,84.78,4.95
2026-05-18 09:05:12,M2,62.82,3.2
2026-05-18 09:05:14,M2,94.96,1.92
2026-05-18 09:05:16,M1,92.34,2.07
2026-05-18 09:05:18,M3,88.65,1.95
2026-05-18 09:05:20,M3,74.68,2.38
2026-05-18 09:05:22,M2,92.21,3.85
2026-05-18 09:05:24,M1,70.16,2.03
2026-05-18 09:05:26,M2,68.19,1.78
2026-05-18 09:05:28,M1,94.2,3.86
2026-05-18 09:05:30,M1,75.19,3.23
2026-05-18 09:05:32,M2,82.24,1.69
2026-05-18 09:05:34,M1,70.84,3.89
2026-05-18 09:05:36,M3,75.22,2.57
2026-05-18 09:05:38,M3,88.17,1.8
2026-05-18 09:05:40,M3,67.58,2.18
2026-05-18 09:05:42,M1,91.06,1.32
2026-05-18 09:05:44,M1,57.1,1.57
2026-05-18 09:05:46,M3,59.98,1.68
2026-05-18 09:05:48,M3,64.76,1.09
2026-05-18 09:05:50,M3,72.04,1.07
2026-05-18 09:05:52,M1,83.99,4.73
2026-05-18 09:05:54,M2,72.57,1.08
2026-05-18 09:05:56,M3,78.34,3.15
2026-05-18 09:05:58,M2,76.28,1.68
2026-05-18 09:06:00,M2,73.81,3.22
2026-05-18 09:06:02,M3,90.0,1.74
2026-05-18 09:06:04,M2,87.25,3.81
2026-05-18 09:06:06,M2,89.29,4.77
2026-05-18 09:06:08,M1,75.42,2.63
2026-05-18 09:06:10,M2,55.59,1.02
2026-05-18 09:06:12,M2,82.59,2.45
2026-05-18 09:06:14,M1,84.83,2.56
2026-05-18 09:06:16,M1,88.58,3.86
2026-05-18 09:06:18,M1,74.11,1.59
2026-05-18 09:06:20,M2,55.47,2.78
2026-05-18 09:06:22,M2,65.17,1.27
2026-05-18 09:06:24,M2,64.09,3.66
2026-05-18 09:06:26,M3,85.56,1.21
2026-05-18 09:06:28,M2,57.2,3.3
2026-05-18 09:06:30,M2,61.56,2.84
2026-05-18 09:06:32,M1,89.12,3.65
2026-05-18 09:06:34,M3,57.45,3.0
2026-05-18 09:06:36,M3,79.01,1.5
2026-05-18 09:06:38,M2,82.68,3.02
2026-05-18 09:06:40,M3,83.52,1.86
2026-05-18 09:06:42,M2,63.68,1.24
2026-05-18 09:06:44,M3,74.7,2.44
2026-05-18 09:06:46,M2,80.79,2.93
2026-05-18 09:06:48,M2,82.72,3.15
2026-05-18 09:06:50,M1,72.5,3.39
2026-05-18 09:06:52,M3,74.99,4.48
2026-05-18 09:07:00,M1,88.25,3.42
2026-05-18 09:07:02,M1,80.18,2.22
2026-05-18 09:07:04,M3,60.97,3.22
2026-05-18 09:07:06,M1,78.25,1.78
2026-05-18 09:07:08,M3,87.03,2.39
2026-05-18 09:07:10,M1,63.72,3.55
2026-05-18 09:07:12,M3,70.12,2.04
2026-05-18 09:07:14,M3,74.81,3.92
2026-05-18 09:07:16,M1,65.45,1.54
2026-05-18 09:07:18,M3,57.35,4.97
2026-05-18 09:07:20,M2,90.06,4.95
2026-05-18 09:07:22,M1,56.2,3.52
2026-05-18 09:07:24,M3,59.56,2.05
2026-05-18 09:07:26,M1,79.55,1.71
2026-05-18 09:07:28,M1,88.61,3.41
2026-05-18 09:07:30,M1,62.36,1.95
2026-05-18 09:07:32,M3,76.76,2.32
2026-05-18 09:07:34,M2,85.53,3.3
2026-05-18 09:07:36,M3,58.45,1.48
2026-05-18 09:07:38,M1,75.04,1.42
2026-05-18 09:07:40,M1,70.76,2.33
2026-05-18 09:07:42,M2,63.73,1.96
2026-05-18 09:07:44,M2,83.46,1.42
2026-05-18 09:07:46,M3,62.8,3.95
2026-05-18 09:07:48,M3,69.79,4.74
2026-05-18 09:07:50,M1,93.08,1.08
2026-05-18 09:07:52,M1,85.28,2.0
2026-05-18 09:07:54,M2,76.3,3.59
2026-05-18 09:07:56,M1,59.21,1.63
2026-05-18 09:07:58,M1,60.39,1.01
2026-05-18 09:08:00,M1,81.81,4.53
2026-05-18 09:08:02,M1,64.9,4.89
2026-05-18 09:08:04,M2,65.34,2.61
2026-05-18 09:08:06,M3,83.29,4.82
2026-05-18 09:08:08,M1,91.68,3.5
2026-05-18 09:08:10,M1,65.55,3.7
2026-05-18 09:08:12,M3,87.7,2.73
2026-05-18 09:08:14,M1,63.8,3.11
2026-05-18 09:08:16,M2,90.98,4.74
2026-05-18 09:08:18,M1,60.53,3.3
2026-05-25 18:07:51,M3,87.67,3.32
2026-05-25 18:07:53,M2,92.08,1.99
2026-05-25 18:07:55,M3,57.72,2.07
2026-05-25 18:07:57,M1,65.16,3.77
2026-05-25 18:07:59,M2,63.14,1.42
2026-05-25 18:08:01,M1,89.82,3.89
2026-05-25 18:08:03,M1,71.12,2.27
2026-05-25 18:08:05,M1,58.82,1.57
2026-05-25 18:08:07,M1,85.02,4.99
2026-05-25 18:08:09,M1,69.93,3.81
2026-05-25 18:08:11,M3,81.26,3.24
2026-05-25 18:08:13,M2,73.11,2.8
2026-05-25 18:08:15,M3,78.73,4.24
2026-05-25 18:08:17,M1,83.24,1.32
2026-05-25 18:08:19,M1,76.93,2.66
2026-05-25 18:08:21,M3,89.96,4.89
2026-05-25 18:08:23,M3,94.98,1.54
2026-05-25 18:08:25,M1,73.93,2.04
2026-05-25 18:08:27,M3,84.71,1.9
2026-05-25 18:08:29,M2,64.29,1.82
2026-05-25 18:08:31,M2,80.09,2.09
2026-05-25 18:08:33,M1,72.65,1.55
2026-05-25 18:08:35,M1,58.98,1.05
2026-05-25 18:08:37,M1,60.33,1.84
2026-05-25 18:08:39,M3,59.14,4.7
2026-05-25 18:08:41,M1,66.12,2.82
2026-05-25 18:08:43,M1,74.48,4.51
2026-05-25 18:08:45,M3,82.73,3.89
2026-05-25 18:08:47,M1,94.88,3.42
2026-05-25 18:08:49,M3,89.98,3.42
2026-05-25 18:08:51,M3,72.57,4.74
2026-05-25 18:08:53,M3,77.5,4.12
2026-05-25 18:08:55,M1,79.0,1.53
2026-05-25 18:08:57,M1,76.14,1.22
2026-05-25 18:08:59,M3,92.82,3.9
2026-05-25 18:09:01,M1,66.59,1.09
2026-05-25 18:09:03,M1,77.42,1.12
2026-05-25 18:09:05,M1,70.7,2.01
2026-05-25 18:09:07,M1,68.55,4.25
2026-05-25 18:09:09,M1,83.17,3.7
2026-05-25 18:09:11,M3,69.64,4.59
2026-05-25 18:09:13,M1,86.07,1.42
2026-05-25 18:09:15,M3,92.17,4.94
2026-05-25 18:09:17,M3,57.01,3.9
2026-05-25 18:09:19,M1,56.31,3.61
2026-05-25 18:09:21,M2,80.77,3.98
2026-05-25 18:09:23,M1,87.55,1.49
2026-05-25 18:09:25,M2,88.47,1.41
2026-05-25 18:09:27,M1,86.58,1.25
2026-05-25 18:09:29,M2,78.43,3.28
2026-05-25 18:09:31,M2,67.04,4.74
2026-05-25 18:09:33,M2,61.41,4.43
2026-05-25 18:09:35,M3,71.97,1.01
2026-05-25 18:09:37,M2,73.08,4.2
2026-05-25 18:09:39,M1,66.95,3.83
2026-05-25 18:09:41,M3,74.28,3.62
2026-05-25 18:09:43,M2,66.74,4.97
2026-05-25 18:09:45,M1,61.47,1.33
2026-05-25 18:09:47,M2,92.7,2.62
2026-05-25 18:09:49,M2,70.27,4.72
2026-05-25 18:09:51,M3,73.11,3.87
2026-05-25 18:09:53,M1,81.03,3.44
2026-05-25 18:09:55,M1,74.84,3.44
2026-05-25 18:09:57,M2,66.69,1.28
2026-05-25 18:09:59,M3,68.29,1.51
2026-05-25 18:10:01,M3,75.91,4.16
2026-05-25 18:10:03,M3,70.82,2.6
2026-05-25 18:10:05,M1,76.34,1.5
2026-05-25 18:10:07,M1,69.19,4.18
2026-05-25 18:10:09,M2,67.72,1.28
2026-05-25 18:10:11,M1,67.88,4.25
2026-05-25 18:10:13,M3,77.09,4.34
2026-05-25 18:10:15,M2,92.18,2.73
2026-05-25 18:10:17,M2,68.18,2.73
2026-05-25 18:10:19,M1,67.42,2.0
2026-05-25 18:10:21,M1,81.99,1.03
2026-05-25 18:10:23,M1,72.82,1.91
2026-05-25 18:10:25,M1,73.39,3.75
2026-05-25 18:10:27,M1,68.07,3.24
2026-05-25 18:10:29,M3,74.91,1.04
2026-05-25 18:10:31,M3,88.14,4.77
2026-05-25 18:10:33,M1,93.71,1.09
2026-05-25 18:10:35,M3,92.99,1.52
2026-05-25 18:10:37,M2,63.86,1.12
2026-05-25 18:10:39,M2,86.71,3.73
2026-05-25 18:10:41,M3,58.34,3.14
2026-05-25 18:10:43,M1,61.89,1.58
2026-05-25 18:10:45,M1,94.18,4.13
2026-05-25 18:10:47,M1,86.79,1.57
2026-05-25 18:10:49,M2,92.73,3.84
2026-05-25 18:10:51,M3,70.81,4.9
2026-05-25 18:10:53,M1,75.98,4.9
2026-05-25 18:10:55,M3,80.76,1.79
2026-05-25 18:10:57,M2,90.87,1.11
2026-05-25 18:10:59,M2,67.8,4.39
2026-05-25 18:11:01,M1,78.49,2.06
2026-05-25 18:11:03,M2,84.48,1.39
2026-05-25 18:11:05,M2,82.7,2.89
2026-05-25 18:11:07,M3,88.09,2.08
2026-05-25 18:11:09,M2,80.46,2.97
2026-05-25 18:11:11,M3,74.82,2.09
2026-05-25 18:11:13,M3,56.25,3.67
2026-05-25 18:11:15,M1,82.51,3.33
2026-05-25 18:11:17,M1,68.55,3.02
2026-05-25 18:11:19,M1,91.75,1.62
2026-05-25 18:11:21,M1,64.16,1.08
2026-05-25 18:11:23,M2,60.83,4.97
2026-05-25 18:11:25,M2,63.8,3.94
2026-05-25 18:11:27,M1,89.59,1.96
2026-05-25 18:11:29,M3,57.41,4.56
2026-05-25 18:11:31,M2,70.84,4.5
2026-05-25 18:11:33,M2,88.61,4.25
2026-05-25 18:11:35,M3,82.79,4.36
2026-05-25 18:11:37,M1,83.2,1.81
2026-05-25 18:11:39,M3,72.33,4.17
2026-05-25 18:11:41,M3,91.61,1.42
2026-05-25 18:11:43,M3,68.11,2.56
2026-05-25 18:11:45,M1,67.16,3.12
2026-05-25 18:11:47,M1,58.57,2.47
2026-05-25 18:11:49,M2,55.95,4.1
2026-05-25 18:11:51,M3,75.27,1.29
2026-05-25 18:11:53,M1,60.38,3.41
2026-05-25 18:11:55,M1,72.75,2.25
2026-05-25 18:11:57,M2,73.9,3.86
2026-05-25 18:11:59,M2,73.88,4.75
2026-05-25 18:12:01,M2,79.17,1.56
2026-05-25 18:12:03,M2,55.23,3.85
2026-05-25 18:12:05,M2,89.37,1.48
2026-05-25 18:12:07,M2,91.87,3.96
2026-05-25 18:12:09,M1,60.27,1.13
2026-05-25 18:12:11,M1,92.47,1.86
2026-05-25 18:12:13,M3,92.46,1.71
2026-05-25 18:12:15,M1,89.23,3.62
2026-05-25 18:12:17,M1,94.06,3.3
2026-05-25 18:12:19,M3,73.76,1.73
2026-05-25 18:12:21,M3,57.36,2.05
2026-05-25 18:12:23,M2,62.38,2.02
2026-05-25 18:12:25,M2,85.5,4.99
2026-05-25 18:12:27,M3,71.13,4.39
2026-05-25 18:12:29,M1,93.79,2.34
2026-05-25 18:12:31,M2,69.26,3.2
2026-05-25 18:12:33,M1,93.37,1.56
2026-05-25 18:12:35,M2,59.38,4.48
2026-05-25 18:12:37,M1,60.91,3.92
2026-05-25 18:12:39,M3,56.19,1.42
2026-05-25 18:12:41,M1,87.25,3.74
2026-05-25 18:12:43,M2,92.0,3.05
2026-05-25 18:12:45,M2,94.44,1.05
2026-05-25 18:12:47,M3,66.66,3.2
2026-05-25 18:12:49,M2,66.87,3.7
2026-05-25 18:12:51,M1,82.33,4.98
2026-05-25 18:12:53,M3,68.26,3.76
2026-05-25 18:12:55,M2,80.16,4.35
2026-05-25 18:12:57,M2,56.51,1.31
2026-05-25 18:12:59,M1,78.58,3.65
2026-05-25 18:13:01,M1,68.83,4.41
2026-05-25 18:13:03,M3,87.32,2.86
2026-05-25 18:13:05,M1,61.99,2.15
2026-05-25 18:13:07,M2,84.63,2.1
2026-05-25 18:13:09,M2,71.18,3.92
2026-05-25 18:13:11,M3,77.65,1.37
2026-05-25 18:13:13,M3,58.77,4.66
2026-05-25 18:13:15,M1,69.12,2.68
2026-05-25 18:13:17,M1,84.33,2.31
2026-05-25 18:13:19,M1,68.75,2.33
2026-05-25 18:13:21,M1,64.92,2.78
2026-05-25 18:13:23,M2,84.81,4.58
2026-05-25 18:13:25,M3,71.25,3.74
2026-05-25 18:13:27,M2,57.82,2.17
2026-05-25 18:13:29,M2,89.56,3.17
2026-05-25 18:13:31,M1,69.14,1.86
2026-05-25 18:13:33,M3,85.01,3.04
2026-05-25 18:13:35,M3,68.53,1.67
2026-05-25 18:13:37,M1,70.27,2.22
2026-05-25 18:13:39,M3,63.68,2.42
2026-05-25 18:13:41,M2,55.31,2.46
2026-05-25 18:13:43,M1,92.99,3.22
2026-05-25 18:13:45,M1,59.52,1.41
2026-05-25 18:13:47,M1,84.81,1.68
2026-05-25 18:13:49,M3,65.87,3.54
2026-05-25 18:13:51,M3,89.28,1.5
2026-05-25 18:13:53,M1,92.19,3.14
2026-05-25 18:13:55,M1,60.37,1.15
2026-05-25 18:13:57,M3,91.56,2.37
2026-05-25 18:13:59,M2,93.31,3.95
2026-05-25 18:14:01,M3,71.51,3.06
2026-05-25 18:14:03,M1,92.82,3.46
2026-05-25 18:14:05,M2,66.73,1.48
2026-05-25 18:14:07,M1,79.5,4.22
2026-05-25 18:14:09,M3,78.4,3.14
2026-05-25 18:14:11,M3,92.91,3.19
2026-05-25 18:14:13,M1,68.39,4.64
2026-05-25 18:14:15,M2,62.3,1.03
2026-05-25 18:14:17,M2,55.11,1.16
2026-05-25 18:14:19,M1,61.92,1.39
2026-05-25 18:14:21,M1,68.97,2.88
2026-05-25 18:14:23,M1,93.06,2.31
2026-05-25 18:14:25,M1,86.99,2.68
2026-05-25 18:14:27,M1,81.5,2.43
2026-05-25 18:14:29,M1,70.96,4.12
2026-05-25 18:14:31,M3,84.39,1.34
2026-05-25 18:14:33,M3,87.46,3.67
2026-05-25 18:14:35,M1,56.55,2.85
2026-05-25 18:14:37,M1,81.73,3.21
2026-05-25 18:14:39,M1,82.33,1.43
2026-05-25 18:14:41,M3,70.89,1.65
2026-05-25 18:14:43,M1,70.81,3.64
2026-05-25 18:14:45,M3,70.4,2.09
2026-05-25 18:14:47,M1,58.59,1.87
2026-05-25 18:14:49,M2,78.89,3.27
2026-05-25 18:14:51,M3,86.3,2.89
2026-05-25 18:14:53,M3,75.9,1.98
2026-05-25 18:14:55,M3,66.72,4.29
2026-05-25 18:14:57,M2,78.0,1.72
2026-05-25 18:14:59,M2,68.02,4.11
2026-05-25 18:15:01,M2,60.74,3.61
2026-05-25 18:15:03,M1,68.97,2.7
2026-05-25 18:15:05,M3,91.63,1.46
2026-05-25 18:15:07,M3,67.44,4.45
2026-05-25 18:15:09,M1,75.83,1.67
2026-05-25 18:15:11,M1,71.87,1.55
2026-05-25 18:15:13,M1,73.78,1.77
2026-05-25 18:15:15,M3,76.81,3.38
2026-05-25 18:15:17,M3,75.71,4.23
2026-05-25 18:15:19,M3,86.06,3.98
2026-05-25 18:15:21,M2,78.43,1.16
2026-05-25 18:15:23,M1,77.99,3.84
2026-05-25 18:15:25,M3,94.62,3.43
2026-05-25 18:15:27,M2,90.32,2.1
2026-05-25 18:15:29,M1,64.43,3.5
2026-05-25 18:15:31,M1,80.09,3.02
2026-05-25 18:15:33,M3,91.95,1.35
2026-05-25 18:15:35,M1,63.66,3.53
2026-05-25 18:15:38,M1,81.51,2.64
2026-05-25 18:15:40,M1,60.3,1.85
2026-05-25 18:15:42,M3,82.3,2.58
2026-05-25 18:15:44,M1,85.5,2.76
2026-05-25 18:15:46,M2,68.1,1.33
2026-05-25 18:15:48,M1,59.62,1.81
2026-05-25 18:15:50,M3,66.58,4.68
2026-05-25 18:15:52,M3,81.28,1.58
2026-05-25 18:15:54,M2,58.34,4.95
2026-05-25 18:15:56,M2,56.75,2.55
2026-05-25 18:15:58,M1,92.65,4.65
2026-05-25 18:16:00,M3,93.07,3.28
2026-05-25 18:16:02,M1,68.29,3.74
2026-05-25 18:16:04,M2,84.79,1.48
2026-05-25 18:16:06,M2,88.21,1.98
2026-05-25 18:16:08,M2,77.7,4.57
2026-05-25 18:16:10,M3,90.8,2.16
2026-05-25 18:16:12,M1,72.74,1.83
2026-05-25 18:16:14,M1,85.77,2.96
2026-05-25 18:16:16,M2,55.75,1.47
2026-05-25 18:16:18,M1,92.2,2.85
2026-05-25 18:16:20,M1,94.18,2.57
2026-05-25 18:16:22,M2,76.08,4.08
2026-05-25 18:16:24,M1,61.9,4.63
2026-05-25 18:16:26,M1,69.06,3.13
2026-05-25 18:16:28,M1,70.34,3.96
2026-05-25 18:16:30,M3,84.01,4.36
2026-05-25 18:16:32,M3,92.11,1.93
2026-05-25 18:16:34,M2,91.86,2.47
2026-05-25 18:16:36,M3,90.43,1.68
2026-05-25 18:16:38,M2,61.92,3.99
2026-05-25 18:16:40,M2,81.27,1.93
2026-05-25 18:16:42,M1,93.45,2.16
2026-05-25 18:16:44,M3,67.91,3.79
2026-05-25 18:16:46,M3,58.99,3.41
2026-05-25 18:16:48,M2,68.17,2.96
2026-05-25 18:16:50,M2,57.17,2.26
2026-05-25 18:16:52,M1,65.47,1.43
2026-05-25 18:16:54,M2,66.16,4.0
2026-05-25 18:16:56,M1,86.35,4.73
2026-05-25 18:16:58,M2,67.39,1.48
2026-05-25 18:17:00,M1,86.11,3.5
2026-05-25 18:17:02,M2,67.17,2.19
2026-05-25 18:17:04,M1,75.75,4.41
2026-05-25 18:17:06,M2,64.88,4.93
2026-05-25 18:17:08,M3,61.75,4.59
2026-05-25 18:17:10,M1,64.52,4.57
2026-05-25 18:17:12,M1,87.72,1.93
2026-05-25 18:17:14,M3,91.24,4.8
2026-05-25 18:17:16,M3,60.27,4.63
2026-05-25 18:17:18,M3,64.3,3.56
2026-05-25 18:17:20,M1,59.36,1.19
2026-05-25 18:17:22,M1,71.12,1.55
2026-05-25 18:17:24,M3,78.75,3.61
2026-05-25 18:17:26,M3,71.12,3.44
2026-05-25 18:24:11,M2,60.27,4.11
2026-05-25 18:24:13,M1,79.16,4.37
2026-05-25 18:24:15,M2,72.44,4.64
2026-05-25 18:24:17,M3,88.35,2.24
2026-05-25 18:24:19,M1,87.08,4.64
2026-05-25 18:24:21,M1,76.36,3.16
2026-05-25 18:24:23,M2,58.5,2.42
2026-05-25 18:24:25,M1,57.16,2.22
2026-05-25 18:24:27,M1,69.38,4.45
2026-05-25 18:24:29,M1,93.35,4.24
2026-05-25 18:24:31,M1,65.38,2.15
2026-05-25 18:24:33,M1,57.68,4.5
2026-05-25 18:24:35,M3,93.23,1.46
2026-05-25 18:24:37,M3,68.49,4.09
2026-05-25 18:24:39,M1,69.8,3.4
2026-05-25 18:24:41,M2,61.61,4.13
2026-05-25 18:24:43,M3,89.74,2.53
2026-05-25 18:24:45,M3,87.84,1.59
2026-05-25 18:24:47,M3,89.52,1.71
2026-05-25 18:24:49,M2,57.71,1.13
2026-05-25 18:24:51,M1,92.81,1.64
2026-05-25 18:24:53,M2,72.27,2.18
2026-05-25 18:24:56,M2,69.62,3.23
2026-05-25 18:24:58,M2,70.12,3.89
2026-05-25 18:25:00,M2,84.03,3.89
2026-05-25 18:25:02,M3,79.95,2.2
2026-05-25 18:25:04,M2,68.85,1.39
2026-05-25 18:25:06,M1,61.22,3.12
2026-05-25 18:25:08,M2,58.63,2.84
2026-05-25 18:25:10,M2,62.56,2.39
2026-05-25 18:25:12,M2,80.22,3.61
2026-05-25 18:25:14,M2,73.24,4.96
2026-05-25 18:25:16,M2,57.94,1.76
2026-05-25 18:25:18,M2,92.7,4.87
2026-05-25 18:25:20,M2,62.83,2.14
2026-05-25 18:25:22,M1,56.76,1.07
2026-05-25 18:25:24,M2,70.88,1.74
2026-05-25 18:25:26,M3,79.09,1.13
2026-05-25 18:25:28,M3,65.61,4.17
2026-05-25 18:25:30,M2,82.3,4.89
2026-05-25 18:25:32,M3,76.49,1.16
2026-05-25 18:25:34,M2,73.74,3.91
2026-05-25 18:25:36,M1,75.46,4.06
2026-05-25 18:25:38,M1,88.45,4.9
2026-05-25 18:25:40,M2,75.81,1.76
2026-05-25 18:25:42,M3,76.75,1.79
2026-05-25 18:25:44,M2,63.54,1.05
2026-05-25 18:25:46,M1,83.84,3.5
2026-05-25 18:25:48,M1,75.1,2.27
2026-05-25 18:25:50,M2,65.63,2.25
2026-05-25 18:25:52,M3,76.98,3.31
2026-05-25 18:25:54,M2,86.0,4.74
2026-05-25 18:25:56,M1,59.61,2.36
2026-05-25 18:25:58,M1,66.19,2.67
2026-05-25 18:26:00,M1,70.52,2.66
2026-05-25 18:26:02,M2,76.03,3.21
2026-05-25 18:26:04,M3,78.4,4.65
2026-05-25 18:26:06,M2,69.77,2.26
2026-05-25 18:26:08,M2,64.44,4.3
2026-05-25 18:26:10,M3,72.43,1.66
2026-05-25 18:26:12,M1,57.06,4.18
2026-05-25 18:26:14,M1,69.34,3.82
2026-05-25 18:26:16,M3,73.7,1.75
2026-05-25 18:26:18,M3,74.97,3.51
2026-05-25 18:26:20,M1,91.82,3.45
2026-05-25 18:26:22,M2,55.42,2.11
2026-05-25 18:26:24,M1,72.21,1.81
2026-05-25 18:26:26,M2,86.0,3.79
2026-05-25 18:26:28,M3,80.72,2.76
2026-05-25 18:26:30,M3,93.27,1.75
2026-05-25 18:26:32,M1,63.64,4.97
2026-05-25 18:26:34,M3,56.09,4.56
2026-05-25 18:26:36,M2,63.79,2.71
2026-05-25 18:26:38,M1,86.84,2.3
2026-05-25 18:26:40,M3,80.49,4.09
2026-05-25 18:26:42,M1,94.4,1.55
2026-05-25 18:26:44,M3,78.44,2.35
2026-05-25 18:26:46,M2,72.73,3.57
2026-05-25 18:26:48,M1,74.96,3.88
2026-05-25 18:26:50,M1,69.4,1.36
2026-05-25 18:26:52,M3,91.95,2.09
2026-05-25 18:26:54,M2,87.77,1.83
2026-05-25 18:26:56,M2,94.6,2.32
2026-05-25 18:26:58,M3,67.04,1.14
2026-05-25 18:27:00,M3,94.91,4.81
2026-05-25 18:27:02,M1,56.95,3.42
2026-05-25 18:27:04,M1,72.1,4.25
2026-05-25 18:27:06,M1,65.68,1.35
2026-05-25 18:27:08,M3,85.47,1.27
2026-05-25 18:27:10,M2,79.35,2.03
2026-05-25 18:27:12,M3,76.52,1.5
2026-05-25 18:27:14,M3,71.16,1.56
2026-05-25 18:27:16,M2,59.13,4.66
2026-05-25 18:27:18,M2,91.73,4.86
2026-05-25 18:27:20,M2,90.87,4.94
2026-05-25 18:27:22,M3,55.61,4.01
2026-05-25 18:27:24,M2,86.34,1.38
2026-05-25 18:27:26,M1,57.88,3.46
2026-05-25 18:27:28,M2,86.57,1.92
2026-05-25 18:27:30,M1,75.02,4.81
2026-05-25 18:27:32,M2,87.1,2.96
2026-05-25 18:27:34,M1,61.46,3.11
2026-05-25 18:27:36,M1,89.5,3.81
2026-05-25 18:27:38,M3,57.85,1.42
2026-05-25 18:27:40,M3,59.03,4.58
2026-05-25 18:27:42,M3,77.43,2.11
2026-05-25 18:27:44,M2,61.66,1.43
2026-05-25 18:27:46,M2,55.86,2.59
2026-05-25 18:27:48,M3,56.6,4.84
2026-05-25 18:27:50,M2,65.18,4.7
2026-05-25 18:27:52,M2,71.45,1.47
2026-05-25 18:27:54,M3,57.99,2.27
2026-05-25 18:27:56,M3,70.1,2.79
2026-05-25 18:27:58,M2,65.9,4.06
2026-05-25 18:28:00,M1,79.1,1.4
2026-05-25 18:28:02,M2,81.97,3.93
2026-05-25 18:28:04,M1,69.3,2.78
2026-05-25 18:28:06,M3,75.66,2.11
2026-05-25 18:28:08,M1,73.79,3.41
2026-05-25 18:28:10,M1,58.83,1.68
2026-05-25 18:28:12,M2,93.46,2.99
2026-05-25 18:28:14,M3,92.08,4.37
2026-05-25 18:28:16,M2,76.43,4.32
2026-05-25 18:28:18,M1,71.31,2.52
2026-05-25 18:28:20,M3,58.88,1.69
2026-05-25 18:28:22,M1,68.46,3.15
2026-05-25 18:28:24,M1,55.34,2.81
2026-05-25 18:28:26,M1,93.67,2.33
2026-05-25 18:28:28,M3,62.18,3.43
2026-05-25 18:28:30,M1,85.28,4.49
2026-05-25 18:28:32,M2,82.13,4.41
2026-05-25 18:28:34,M3,81.5,2.38
2026-05-25 18:28:36,M1,71.92,1.98
2026-05-25 18:28:38,M3,69.53,1.25
2026-05-25 18:28:40,M3,90.76,3.28
2026-05-25 18:28:42,M2,89.8,2.95
2026-05-25 18:28:44,M1,88.29,4.78
2026-05-25 18:28:46,M3,85.22,2.87
2026-05-25 18:28:48,M3,89.56,3.33
2026-05-25 18:28:50,M2,66.81,3.29
2026-05-25 18:28:52,M1,58.36,1.58
2026-05-25 18:28:54,M2,92.63,3.29
2026-05-25 18:28:56,M2,84.26,2.69
2026-05-25 18:28:58,M1,74.07,1.83
2026-05-25 18:29:00,M3,92.04,4.66
2026-05-25 18:29:02,M2,56.48,4.43
2026-05-25 18:29:04,M1,75.05,3.68
2026-05-25 18:29:06,M1,58.37,4.66
2026-05-25 18:29:08,M1,75.42,4.61
2026-05-25 18:29:10,M2,70.2,3.37
2026-05-25 18:29:12,M1,60.63,1.81
2026-05-25 18:29:14,M3,72.87,2.39
2026-05-25 18:29:16,M2,84.85,3.91
2026-05-25 18:44:54,M1,81.99,3.86
2026-05-25 18:44:56,M3,78.94,3.87
2026-05-25 18:44:58,M3,93.53,2.3
2026-05-25 18:45:00,M3,65.89,3.02
2026-05-25 18:45:02,M3,89.24,1.61
2026-05-25 18:45:04,M1,71.94,1.19
2026-05-25 18:45:06,M1,68.12,4.04
2026-05-25 18:45:08,M1,56.92,4.76
2026-05-25 18:45:10,M2,68.27,2.2
2026-05-25 18:45:12,M1,74.89,3.97
2026-05-25 18:45:14,M1,64.69,3.65
2026-05-25 18:45:16,M3,65.77,3.03
2026-05-25 18:45:18,M2,74.83,3.77
2026-05-25 18:45:20,M2,86.85,2.43
2026-05-25 18:45:22,M3,59.68,2.77
2026-05-25 18:45:24,M3,67.4,1.36
2026-05-25 18:45:26,M2,89.39,3.4
2026-05-25 18:45:28,M3,75.74,2.76
2026-05-25 18:45:30,M3,75.97,3.27
2026-05-25 18:45:32,M2,74.86,1.64
2026-05-25 18:45:34,M3,68.37,4.03
2026-05-25 18:45:36,M1,65.16,3.17
2026-05-25 18:45:38,M3,58.39,2.39
2026-05-25 18:45:40,M3,57.99,3.03
2026-05-25 18:45:42,M2,55.79,3.63
2026-05-25 18:45:44,M2,70.22,4.26
2026-05-25 18:45:46,M3,86.21,2.78
2026-05-25 18:45:48,M1,63.02,4.38
2026-05-25 18:45:50,M2,76.9,3.02
2026-05-25 18:45:52,M3,62.82,2.11
2026-05-25 18:45:54,M3,78.78,3.04
2026-05-25 18:45:56,M1,82.47,2.26
2026-05-25 18:45:58,M3,62.0,1.13
2026-05-25 18:46:00,M1,86.96,4.69
2026-05-25 18:46:02,M3,86.94,3.08
2026-05-25 18:46:04,M2,68.13,3.76
2026-05-25 18:46:06,M2,89.83,3.26
2026-05-25 18:46:08,M2,89.58,4.56
2026-05-25 18:46:10,M1,94.97,3.84
2026-05-25 18:46:12,M2,61.07,2.37
2026-05-25 18:46:14,M2,69.24,2.04
2026-05-25 18:46:16,M2,66.14,1.29
2026-05-25 18:46:18,M2,57.56,1.9
2026-05-25 18:46:20,M1,66.25,1.91
2026-05-25 18:46:22,M1,69.85,1.12
2026-05-25 18:46:24,M2,74.97,1.57
2026-05-25 18:46:26,M1,79.06,3.65
2026-05-25 18:46:28,M1,89.23,1.99
2026-05-25 18:46:30,M2,82.65,1.95
2026-05-25 18:46:32,M1,70.35,4.03
2026-05-25 18:46:34,M1,62.3,3.83
2026-05-25 18:46:36,M1,61.39,4.11
2026-05-25 18:46:38,M2,87.36,1.19
2026-05-25 18:46:40,M1,82.49,4.94
2026-05-25 18:46:42,M2,72.93,2.89
2026-05-25 18:46:44,M1,92.74,4.79
2026-05-25 18:46:46,M3,88.48,3.31
2026-05-25 18:46:48,M1,73.37,3.58
2026-05-25 18:46:50,M1,55.42,1.01
2026-05-25 18:46:52,M3,58.95,4.47
2026-05-25 18:46:54,M1,61.21,1.13
2026-05-25 18:46:56,M2,87.65,1.02
2026-05-25 18:46:58,M3,77.05,3.35
2026-05-25 18:47:00,M3,92.3,2.56
2026-05-25 18:47:02,M1,70.55,1.81
2026-05-25 18:47:04,M3,63.57,1.44
2026-05-25 18:47:06,M1,84.57,3.58
2026-05-25 18:47:08,M2,66.87,4.06
2026-05-25 18:47:10,M1,82.02,4.76
2026-05-25 18:47:12,M3,69.31,2.67
2026-05-25 18:47:14,M1,78.33,1.95
2026-05-25 18:47:16,M1,71.39,2.72
2026-05-25 18:47:18,M2,92.76,4.5
2026-05-25 18:47:20,M1,70.25,2.63
2026-05-25 18:47:22,M3,63.27,1.33
2026-05-25 18:47:24,M2,71.62,4.38
2026-05-25 18:47:26,M3,84.11,3.27
2026-05-25 18:47:28,M2,89.94,3.67
2026-05-25 18:47:30,M2,58.19,3.19
2026-05-25 18:47:32,M1,68.9,4.53
2026-05-25 18:47:34,M3,91.68,2.66
2026-05-25 18:47:36,M1,56.79,1.16
2026-05-25 18:47:38,M1,74.55,3.34
2026-05-25 18:47:40,M2,71.07,4.84
2026-05-25 18:47:42,M3,84.08,2.99
2026-05-25 18:47:44,M1,77.06,1.76
2026-05-25 18:47:46,M1,64.05,2.83
2026-05-25 18:47:48,M1,59.95,3.96
2026-05-25 18:47:50,M3,86.68,1.26
2026-05-25 18:47:52,M1,88.27,2.32
2026-05-25 18:47:54,M1,85.85,3.1
2026-05-25 18:47:56,M1,71.36,4.8
2026-05-25 18:47:58,M3,83.94,4.24
2026-05-25 18:48:00,M1,94.55,3.5
2026-05-25 18:48:02,M3,59.18,2.5
2026-05-25 18:48:04,M2,61.3,2.8
2026-05-25 18:48:06,M3,73.87,1.2
2026-05-25 18:48:08,M2,64.12,1.21
2026-05-25 18:48:10,M1,85.12,4.34
2026-05-25 18:48:12,M3,89.87,2.75
2026-05-25 18:48:14,M2,79.12,4.0
2026-05-25 18:48:16,M2,62.58,3.4
2026-05-25 18:48:18,M1,80.63,2.16
2026-05-25 18:48:20,M3,76.58,4.8
2026-05-25 18:48:22,M2,71.91,3.13
2026-05-25 18:48:24,M2,72.83,1.95
2026-05-25 18:48:26,M2,71.5,3.18
2026-05-25 18:48:28,M3,83.58,4.16
2026-05-25 18:48:30,M1,83.16,1.41
2026-05-25 18:48:32,M1,73.62,1.82
2026-05-25 18:48:34,M3,57.26,1.14
2026-05-25 18:48:36,M2,79.94,1.27
2026-05-25 18:48:38,M3,85.37,3.55
2026-05-25 18:48:40,M1,81.03,1.28
2026-05-25 18:48:42,M3,57.72,3.55
2026-05-25 18:48:44,M3,89.23,4.61
2026-05-25 18:48:46,M3,74.82,1.07
2026-05-25 18:48:48,M2,58.93,4.54
2026-05-25 18:48:50,M3,67.05,1.15
2026-05-25 18:48:52,M2,58.08,1.65
2026-05-25 18:48:54,M1,70.1,2.88
2026-05-25 18:48:56,M3,67.11,2.26
2026-05-25 18:48:58,M1,87.35,2.9
2026-05-25 18:49:00,M2,89.82,1.76
2026-05-25 18:49:02,M1,55.37,4.0
2026-05-25 18:49:04,M3,70.61,4.77
2026-05-25 18:49:06,M2,83.1,3.76
2026-05-25 18:49:08,M1,73.45,2.69
2026-05-25 18:49:10,M3,79.69,4.89
2026-05-25 18:49:12,M1,70.75,4.21
2026-05-25 18:49:14,M2,72.68,4.9
2026-05-25 18:49:16,M1,85.57,3.09
2026-05-25 18:49:18,M2,64.86,4.97
2026-05-25 18:49:20,M2,75.51,4.35
2026-05-25 18:49:22,M2,86.01,1.74
2026-05-25 18:49:24,M2,92.07,1.43
2026-05-25 18:49:26,M1,65.55,1.93
2026-05-25 18:49:28,M3,67.47,2.39
2026-05-25 18:49:30,M2,65.9,2.97
2026-05-25 18:49:32,M3,63.54,1.01
2026-05-25 18:49:34,M3,86.91,4.8
2026-05-25 18:49:36,M3,66.7,4.44
2026-05-25 18:49:38,M2,85.06,2.59
2026-05-25 18:49:40,M3,82.44,2.04
2026-05-25 18:49:42,M3,93.94,2.99
2026-05-25 18:49:44,M1,81.74,1.56
2026-05-25 18:49:46,M2,55.83,4.48
2026-05-25 18:49:48,M1,60.18,3.15
2026-05-25 18:49:50,M2,75.27,1.74
2026-05-25 18:49:52,M3,80.23,2.41
2026-05-25 18:49:54,M1,94.27,4.3
2026-05-25 18:49:56,M2,59.93,2.49
2026-05-25 18:49:58,M2,69.82,3.42
2026-05-25 18:50:00,M1,73.04,4.81
2026-05-25 18:50:02,M3,90.78,1.83
2026-05-25 18:50:04,M2,73.77,1.44
2026-05-25 18:50:06,M2,92.18,4.0
2026-05-25 18:50:08,M3,65.87,4.06
2026-05-25 18:50:10,M1,94.25,2.71
2026-05-25 18:50:12,M2,55.16,4.29
2026-05-25 18:50:14,M1,78.25,2.05
2026-05-25 18:50:16,M1,75.74,4.58
2026-05-25 18:50:18,M3,58.67,3.28
2026-05-25 18:50:20,M3,57.36,2.45
2026-05-25 18:50:22,M1,89.78,4.89
2026-05-25 18:50:24,M2,60.1,4.92
2026-05-25 18:50:26,M1,59.61,4.21
2026-05-25 18:50:28,M2,56.19,3.97
2026-05-25 18:50:30,M2,92.61,1.69
2026-05-25 18:50:32,M3,87.08,4.66
2026-05-25 18:50:34,M3,62.5,3.1
2026-05-25 18:50:36,M2,68.28,2.24
2026-05-25 18:50:38,M2,71.78,2.47
2026-05-25 18:50:40,M2,69.61,4.48
2026-05-25 18:50:42,M3,59.12,1.32
2026-05-25 18:50:44,M2,60.02,3.6
2026-05-25 18:50:46,M2,76.66,4.61
2026-05-25 18:50:48,M3,82.1,2.3
2026-05-25 18:50:50,M3,90.47,2.4
2026-05-25 18:50:52,M1,79.32,1.32
2026-05-25 18:50:54,M2,94.55,3.71
2026-05-25 18:50:56,M3,80.2,3.85
2026-05-25 18:50:58,M1,84.42,1.36
2026-05-25 18:51:00,M1,74.68,1.33
2026-05-25 18:51:02,M3,94.22,4.33
2026-05-25 18:51:04,M2,55.1,3.63
2026-05-25 18:51:06,M3,72.77,1.2
2026-05-25 18:51:08,M1,77.34,1.56
2026-05-25 18:51:10,M1,55.53,1.63
2026-05-25 18:51:12,M2,71.59,1.58
2026-05-25 18:51:14,M1,63.64,3.72
2026-05-25 18:51:16,M3,71.33,1.74
2026-05-25 18:51:18,M3,57.31,2.69
2026-05-25 18:51:20,M3,89.02,3.82
2026-05-25 18:51:22,M3,68.46,3.32
2026-05-25 18:51:24,M1,65.65,1.3
2026-05-25 18:51:26,M2,58.84,4.83
2026-05-25 18:51:28,M1,61.96,4.02
2026-05-25 18:51:30,M1,70.68,4.47
2026-05-25 18:51:32,M1,63.76,2.6
2026-05-25 18:51:34,M1,87.64,4.36
2026-05-25 18:51:36,M1,65.36,3.41
2026-05-25 18:51:38,M3,68.35,3.9
2026-05-25 18:51:40,M1,84.47,3.41
2026-05-25 18:51:42,M3,94.96,4.19
2026-05-25 18:51:44,M3,90.78,1.2
2026-05-25 18:51:46,M1,89.12,1.82
2026-05-25 18:51:48,M1,65.32,1.52
2026-05-25 18:51:50,M3,65.28,1.28
2026-05-25 18:51:52,M1,82.1,1.24
2026-05-25 18:51:54,M3,68.4,3.15
2026-05-25 18:51:56,M3,93.13,1.53
2026-05-25 18:51:58,M2,79.58,1.06
2026-05-25 18:52:00,M1,87.39,4.17
2026-05-25 18:52:02,M1,70.25,2.32
2026-05-25 18:52:04,M3,75.53,3.34
2026-05-25 18:52:06,M2,82.63,2.93
2026-05-25 18:52:08,M1,66.7,3.17
2026-05-25 18:52:10,M3,79.12,2.45
2026-05-25 18:52:12,M2,63.81,1.99
2026-05-25 18:52:14,M2,78.62,3.3
2026-05-25 18:52:16,M3,91.34,3.82
2026-05-25 18:52:18,M1,55.4,3.83
2026-05-25 18:52:20,M3,93.8,1.93
2026-05-25 18:52:22,M2,86.89,4.68
2026-05-25 18:52:24,M2,91.22,2.71
2026-05-25 18:52:26,M2,85.12,2.59
2026-05-25 18:52:28,M3,80.09,1.83
2026-05-25 18:52:30,M1,93.72,4.44
2026-05-25 18:52:32,M1,74.25,2.12
2026-05-25 18:52:34,M3,55.38,2.64
2026-05-25 18:52:36,M3,82.35,4.84
2026-05-25 18:52:38,M1,72.33,4.63
2026-05-25 18:52:40,M2,88.37,4.96
2026-05-25 18:52:42,M2,78.89,2.39
2026-05-25 18:52:44,M3,73.01,1.58
2026-05-25 18:52:46,M1,62.27,4.04
2026-05-25 18:52:48,M3,66.27,1.17
2026-05-25 18:52:50,M2,73.24,2.39
2026-05-25 18:52:53,M3,93.48,4.98
2026-05-25 18:52:55,M2,90.67,1.5
2026-05-25 18:52:57,M1,55.16,1.63
2026-05-25 18:52:59,M1,63.09,2.2
2026-05-25 18:53:01,M2,72.33,2.5
2026-05-25 18:53:03,M3,64.56,2.0
2026-05-25 18:53:05,M2,73.73,4.25
2026-05-25 18:53:07,M2,63.79,4.55
2026-05-25 18:53:09,M2,82.25,2.79
2026-05-25 18:53:11,M3,92.04,4.23
2026-05-25 18:53:13,M1,72.32,4.13
2026-05-25 18:53:15,M3,76.09,1.99
2026-05-25 18:53:17,M3,63.9,3.64
2026-05-25 18:53:19,M3,68.22,3.99
2026-05-25 18:53:21,M1,88.05,2.83
2026-05-25 18:53:23,M3,87.05,1.04
2026-05-25 18:53:25,M3,56.04,2.79
2026-05-25 18:53:27,M1,74.45,1.73
2026-05-25 18:53:29,M3,77.03,3.92
2026-05-25 18:53:31,M3,91.07,4.94
2026-05-25 18:53:33,M1,83.91,3.15
2026-05-25 18:53:35,M2,72.6,4.51
2026-05-25 18:53:37,M1,55.68,4.45
2026-05-25 18:53:39,M1,85.03,2.39
2026-05-25 18:53:41,M2,68.73,1.16
2026-05-25 18:53:43,M2,78.12,1.84
2026-05-25 18:53:45,M2,90.53,2.67
2026-05-25 18:53:47,M2,92.51,1.78
2026-05-25 18:53:49,M1,92.44,3.55
2026-05-25 18:53:51,M3,65.3,1.71
2026-05-25 18:53:53,M3,87.74,3.76
2026-05-25 18:53:55,M1,80.09,2.87
2026-05-25 18:53:57,M2,66.57,1.66
2026-05-25 18:53:59,M1,64.25,3.87
2026-05-25 18:54:01,M3,87.17,1.11
2026-05-25 18:54:03,M1,61.99,4.81
2026-05-25 18:54:05,M3,82.94,4.9
2026-05-25 18:54:07,M2,73.08,3.06
2026-05-25 18:54:09,M2,71.75,2.69
2026-05-25 18:54:11,M3,83.69,2.34
2026-05-25 18:54:13,M3,58.25,4.89
2026-05-25 18:54:15,M1,65.22,2.16
2026-05-25 18:54:17,M3,74.69,4.39
2026-05-25 18:54:19,M1,93.49,2.95
2026-05-25 18:54:21,M2,56.87,2.58
2026-05-25 18:54:23,M2,71.48,3.66
2026-05-25 18:54:25,M2,84.47,2.51
2026-05-25 18:54:27,M3,85.18,2.25
2026-05-25 18:54:29,M3,90.44,4.67
2026-05-25 18:54:31,M3,76.61,3.81
2026-05-25 18:54:33,M3,72.04,4.34
2026-05-25 18:54:35,M3,86.09,2.73
2026-05-25 18:54:37,M3,79.15,3.64
2026-05-25 18:54:39,M3,94.37,4.16
2026-05-25 18:54:41,M1,63.79,4.29
2026-05-25 18:54:43,M3,55.6,4.97
2026-05-25 18:54:45,M1,75.54,1.36
2026-05-25 18:54:47,M2,67.04,1.87
2026-05-25 18:54:49,M2,90.09,2.75
2026-05-25 18:54:51,M1,90.76,4.75
2026-05-25 18:54:53,M1,85.6,2.59
2026-05-25 18:54:55,M3,71.91,3.48
2026-05-25 18:54:57,M2,66.75,1.54
2026-05-25 18:54:59,M1,84.21,3.46
2026-05-25 18:55:01,M1,74.44,1.56
2026-05-25 18:55:03,M2,85.24,1.24
2026-05-25 18:55:05,M1,82.74,4.13
2026-05-25 18:55:07,M3,77.15,1.57
2026-05-25 18:55:09,M2,92.69,1.73
2026-05-25 18:55:11,M1,94.21,1.33
2026-05-25 18:55:13,M2,86.69,4.37
2026-05-25 18:55:15,M2,82.46,1.0
2026-05-25 18:55:17,M2,85.83,1.99
2026-05-25 18:55:19,M2,74.61,3.86
2026-05-25 18:55:21,M1,89.94,3.09
2026-05-25 18:55:23,M1,86.19,3.0
2026-05-25 18:55:25,M1,76.91,2.3
2026-05-25 18:55:27,M2,80.16,4.7
2026-05-25 18:55:29,M2,59.29,4.08
2026-05-25 18:55:31,M3,77.81,2.24
2026-05-25 18:55:33,M3,89.87,3.69
2026-05-25 18:55:35,M2,56.43,4.79
2026-05-25 18:55:37,M2,67.46,3.23
2026-05-25 18:55:39,M2,85.29,3.35
2026-05-25 18:55:41,M3,77.42,2.28
2026-05-25 18:55:43,M2,81.48,2.83
2026-05-25 18:55:45,M2,93.05,3.76
2026-05-25 18:55:47,M1,86.44,2.41
2026-05-25 18:55:49,M1,60.5,3.14
2026-05-25 18:55:51,M2,80.33,2.81
2026-05-25 18:55:53,M2,74.56,4.67
2026-05-25 18:55:55,M1,80.62,1.87
2026-05-25 18:55:57,M2,61.89,4.8
2026-05-25 18:55:59,M3,55.02,1.06
2026-05-25 18:56:01,M2,59.71,3.96
2026-05-25 18:56:03,M3,76.15,3.17
2026-05-25 18:56:05,M3,84.78,1.99
2026-05-25 18:56:07,M2,84.7,3.23
2026-05-25 18:56:09,M3,90.6,3.48
2026-05-25 18:56:11,M3,66.5,2.15
2026-05-25 18:56:13,M2,80.67,3.98
2026-05-25 18:56:15,M3,57.4,1.15
2026-05-25 18:56:17,M3,94.51,2.71
2026-05-25 18:56:19,M1,92.39,4.72
2026-05-25 18:56:21,M3,60.17,1.04
2026-05-25 18:56:23,M3,72.42,3.99
2026-05-25 18:56:25,M1,58.37,2.59
2026-05-25 18:56:27,M2,69.79,4.67
2026-05-25 18:56:29,M1,77.68,4.51
2026-05-25 18:56:31,M3,91.32,1.11
2026-05-25 18:56:33,M2,77.29,1.11
2026-05-25 18:56:35,M3,63.91,3.53
2026-05-25 18:56:37,M3,87.65,3.97
2026-05-25 18:56:39,M3,75.33,1.85
2026-05-25 18:56:41,M3,75.18,4.18
2026-05-25 18:56:43,M1,67.45,4.23
2026-05-25 18:56:45,M1,91.15,3.52
2026-05-25 18:56:47,M3,91.55,3.03
2026-05-25 18:56:49,M2,63.54,2.11
2026-05-25 18:56:51,M2,62.43,3.69
2026-05-25 18:56:53,M1,68.23,2.42
2026-05-25 18:56:55,M2,55.04,3.05
2026-05-25 18:56:57,M1,66.48,3.76
2026-05-25 18:56:59,M1,92.73,3.07
2026-05-25 18:57:01,M2,74.8,3.15
2026-05-25 18:57:03,M2,93.25,3.85
2026-05-25 18:57:05,M3,72.16,4.79
2026-05-25 18:57:07,M3,86.29,2.68
2026-05-25 18:57:09,M1,85.42,3.33
2026-05-25 18:57:11,M2,90.53,2.02
2026-05-25 18:57:13,M2,93.17,4.74
2026-05-25 18:57:15,M2,79.01,3.57
2026-05-25 18:57:17,M3,89.9,3.5
2026-05-25 18:57:19,M1,69.45,3.3
2026-05-25 18:57:21,M3,79.93,2.07
2026-05-25 18:57:23,M3,57.13,4.09
2026-05-25 18:57:25,M1,80.28,1.16
2026-05-25 18:57:27,M2,87.8,3.39
2026-05-25 18:57:29,M1,57.37,3.42
2026-05-25 18:57:31,M2,88.32,1.19
2026-05-25 18:57:33,M2,82.42,1.49
2026-05-25 18:57:35,M2,81.86,1.42
2026-05-25 18:57:37,M3,94.33,3.76
2026-05-25 18:57:39,M1,80.74,3.2
2026-05-25 18:57:41,M1,66.91,2.05
2026-05-25 18:57:43,M1,81.99,2.23
2026-05-25 18:57:45,M1,80.81,4.44
2026-05-25 18:57:47,M3,85.85,3.53
2026-05-25 18:57:49,M2,62.28,2.84
2026-05-25 18:57:51,M2,89.21,2.66
2026-05-25 18:57:53,M3,88.41,2.89
2026-05-25 18:57:55,M1,86.36,2.99
2026-05-25 18:57:57,M2,70.99,3.8
2026-05-25 18:57:59,M3,81.42,2.26
2026-05-25 18:58:01,M1,66.94,3.29
2026-05-25 18:58:03,M2,92.45,1.2
2026-05-25 18:58:05,M2,90.64,2.86
2026-05-25 18:58:07,M3,75.5,4.76
2026-05-25 18:58:09,M3,66.93,4.65
2026-05-25 18:58:11,M1,80.85,4.76
2026-05-25 18:58:13,M2,81.36,3.4
2026-05-25 18:58:15,M1,65.05,1.59
2026-05-25 18:58:17,M3,78.98,1.36
2026-05-25 18:58:19,M2,89.42,2.22
2026-05-25 18:58:21,M2,67.78,2.41
2026-05-25 18:58:23,M1,68.26,4.47
2026-05-25 18:58:25,M1,88.28,1.03
2026-05-25 18:58:27,M1,88.08,3.22
2026-05-25 18:58:29,M3,55.79,4.27
2026-05-25 18:58:31,M1,58.57,3.33
2026-05-25 18:58:33,M1,89.23,3.86
2026-05-25 18:58:35,M1,55.41,2.81
2026-05-25 18:58:37,M1,93.35,1.33
2026-05-25 18:58:39,M3,89.84,4.51
2026-05-25 18:58:41,M2,89.0,1.55
2026-05-25 18:58:43,M3,75.17,4.14
2026-05-25 18:58:45,M1,92.54,1.38
2026-05-25 18:58:47,M1,65.76,2.15
2026-05-25 18:58:49,M1,60.59,2.42
2026-05-25 18:58:51,M1,71.17,2.15
2026-05-25 18:58:53,M2,89.41,2.39
2026-05-25 18:58:55,M1,85.99,4.87
2026-05-25 18:58:57,M3,90.2,4.2
2026-05-25 18:58:59,M3,69.4,2.07
2026-05-25 18:59:01,M3,82.37,4.85
2026-05-25 18:59:03,M2,94.62,3.62
2026-05-25 18:59:05,M3,63.44,4.63
2026-05-25 18:59:07,M2,91.53,2.21
2026-05-25 18:59:09,M1,65.79,4.41
2026-05-25 18:59:11,M2,65.81,1.63
2026-05-25 18:59:13,M1,92.38,3.37
2026-05-25 18:59:15,M1,78.74,4.65
2026-05-25 18:59:17,M3,74.97,1.26
2026-05-25 18:59:19,M2,76.05,3.86
2026-05-25 18:59:21,M3,69.07,1.61
2026-05-25 18:59:23,M2,78.75,3.81
2026-05-25 18:59:25,M1,57.06,3.17
2026-05-25 18:59:27,M2,80.8,4.99
2026-05-25 18:59:29,M3,55.78,4.05
2026-05-25 18:59:31,M1,90.07,3.66
2026-05-25 18:59:33,M2,68.86,3.37
2026-05-25 18:59:35,M2,92.1,3.83
2026-05-25 18:59:37,M1,94.42,3.7
2026-05-25 18:59:39,M3,73.69,2.84
2026-05-25 18:59:41,M3,68.5,3.1
2026-05-25 18:59:43,M2,69.8,3.64
2026-05-25 18:59:45,M1,75.18,3.84
2026-05-25 18:59:47,M2,85.05,4.34
2026-05-25 18:59:49,M1,85.94,1.33
2026-05-25 18:59:51,M2,69.87,2.13
2026-05-25 18:59:53,M1,86.41,4.73
2026-05-25 18:59:55,M1,58.93,1.36
2026-05-25 18:59:57,M1,73.43,3.22
2026-05-25 18:59:59,M1,76.65,3.39
2026-05-25 19:00:01,M1,61.36,2.48
2026-05-25 19:00:03,M2,76.6,1.64
2026-05-25 19:00:05,M3,64.24,2.54
2026-05-25 19:00:07,M2,55.92,4.24
2026-05-25 19:00:09,M3,55.28,4.66
2026-05-25 19:00:11,M1,56.49,3.45
2026-05-25 19:00:13,M1,85.67,1.82
2026-05-25 19:00:15,M3,57.01,1.57
2026-05-25 19:00:17,M3,62.62,4.51
2026-05-25 19:00:19,M1,94.11,3.28
2026-05-25 19:00:21,M1,85.64,1.55
2026-05-25 19:00:23,M2,83.02,1.85
2026-05-25 19:00:25,M1,91.58,2.56
2026-05-25 19:00:27,M3,82.92,4.01
2026-05-25 19:00:29,M2,82.76,2.46
2026-05-25 19:00:31,M1,94.13,3.95
2026-05-25 19:00:33,M3,56.03,4.47
2026-05-25 19:00:35,M1,70.36,2.44
2026-05-25 19:00:37,M2,55.12,3.54
2026-05-25 19:00:39,M2,78.6,4.76
2026-05-25 19:00:41,M3,74.44,1.79
2026-05-25 19:00:43,M1,73.72,2.35
2026-05-25 19:00:45,M1,93.13,4.26
2026-05-25 19:00:47,M1,63.02,1.5
2026-05-25 19:00:49,M1,91.08,1.24
2026-05-25 19:00:51,M2,62.16,3.98
2026-05-25 19:00:53,M2,93.79,3.89
2026-05-25 19:00:55,M1,56.75,2.36
2026-05-25 19:00:57,M2,90.26,4.44
2026-05-25 19:00:59,M2,82.78,4.96
2026-05-25 19:01:01,M3,79.09,4.15
2026-05-25 19:01:03,M2,88.26,1.35
2026-05-25 19:01:05,M3,57.71,1.03
2026-05-25 19:01:07,M3,78.47,2.45
2026-05-25 19:01:09,M3,84.03,4.14
2026-05-25 19:01:11,M3,60.44,3.55
2026-05-25 19:01:13,M1,86.89,2.49
2026-05-25 19:01:15,M2,90.02,2.93
2026-05-25 19:01:17,M3,78.26,2.6
2026-05-25 19:01:19,M3,56.44,1.45
2026-05-25 19:01:21,M2,62.14,4.0
2026-05-25 19:01:23,M2,83.22,3.56
2026-05-25 19:01:25,M1,70.11,3.85
2026-05-25 19:01:27,M1,62.21,4.35
2026-05-25 19:01:29,M1,81.39,4.55
2026-05-25 19:01:31,M2,92.92,2.41
2026-05-25 19:01:33,M2,65.09,2.43
2026-05-25 19:01:35,M1,61.19,3.14
2026-05-25 19:01:37,M3,89.8,3.66
2026-05-25 19:01:39,M2,85.09,3.09
2026-05-25 19:01:41,M2,74.69,1.97
2026-05-25 19:01:43,M2,60.12,4.57
2026-05-25 19:01:45,M3,78.95,1.8
2026-05-25 19:01:47,M2,84.21,1.31
2026-05-25 19:01:49,M3,89.8,4.35
2026-05-25 19:01:51,M2,79.86,4.62
2026-05-25 19:01:53,M1,83.0,1.12
2026-05-25 19:01:55,M2,75.01,1.92
2026-05-25 19:01:57,M2,67.04,2.13
2026-05-25 19:01:59,M3,85.63,4.53
2026-05-25 19:02:01,M3,87.98,1.82
2026-05-25 19:02:03,M3,62.22,1.02
2026-05-25 19:02:05,M3,58.6,3.15
2026-05-25 19:02:07,M3,80.77,1.47
2026-05-25 19:02:09,M1,57.13,3.74
2026-05-25 19:02:11,M1,70.38,4.37
2026-05-25 19:02:13,M2,56.59,1.54
2026-05-25 19:02:15,M3,73.74,1.45
2026-05-25 19:02:17,M2,91.09,2.5
2026-05-25 19:02:19,M2,94.98,3.29
2026-05-25 19:02:21,M3,77.65,3.84
2026-05-25 19:02:23,M1,71.57,2.3
2026-05-25 19:02:25,M3,58.87,4.12
2026-05-25 19:02:27,M3,64.82,3.04
2026-05-25 19:02:29,M1,67.45,1.99
2026-05-25 19:02:31,M2,72.87,1.86
2026-05-25 19:02:33,M2,84.03,4.41
2026-05-25 19:02:35,M3,69.36,2.54
2026-05-25 19:02:37,M2,82.25,4.17
2026-05-25 19:02:39,M3,93.07,1.44
2026-05-25 19:02:41,M2,77.76,1.89
2026-05-25 19:02:43,M1,64.21,3.28
2026-05-25 19:02:45,M1,64.31,4.71
2026-05-25 19:02:47,M1,92.77,1.01
2026-05-25 19:02:49,M1,63.39,4.46
2026-05-25 19:02:52,M1,60.06,2.53
2026-05-25 19:02:54,M1,66.8,4.74
2026-05-25 19:02:56,M2,61.73,3.39
2026-05-25 19:02:58,M3,59.9,3.22
2026-05-25 19:03:00,M2,79.14,1.89
2026-05-25 19:03:02,M3,70.7,1.01
2026-05-25 19:03:04,M1,73.56,3.95
2026-05-25 19:03:06,M3,67.71,4.34
2026-05-25 19:03:08,M1,74.03,1.63
2026-05-25 19:03:10,M1,94.55,2.74
2026-05-25 19:03:12,M1,74.96,4.68
2026-05-25 19:03:14,M3,71.45,4.95
2026-05-25 19:03:16,M2,58.01,3.18
2026-05-25 19:03:18,M3,92.34,1.39
2026-05-25 19:03:20,M3,57.12,1.45
2026-05-25 19:03:22,M2,67.73,2.25
2026-05-25 19:03:24,M2,94.95,2.34
2026-05-25 19:03:26,M1,73.41,3.59
2026-05-25 19:03:28,M3,70.84,4.56
2026-05-25 19:03:30,M1,62.52,4.04
2026-05-25 19:03:32,M2,78.08,1.58
2026-05-25 19:03:34,M1,81.84,2.0
2026-05-25 19:03:36,M3,55.84,3.28
2026-05-25 19:03:38,M2,66.94,3.02
2026-05-25 19:03:40,M1,88.78,2.14
2026-05-25 19:03:42,M2,58.34,4.41
2026-05-25 19:03:44,M1,73.19,1.53
2026-05-25 19:03:46,M1,82.13,1.98
2026-05-25 19:03:48,M2,61.64,3.13
2026-05-25 19:03:50,M1,74.46,4.87
2026-05-25 19:03:52,M1,74.41,4.74
2026-05-25 19:03:54,M1,57.2,2.49
2026-05-25 19:03:56,M3,74.54,3.33
2026-05-25 19:03:58,M1,88.66,2.2
2026-05-25 19:04:00,M2,80.55,2.57
2026-05-25 19:04:02,M3,72.95,3.44
2026-05-25 19:04:04,M1,76.02,3.88
2026-05-25 19:04:06,M3,66.65,1.15
2026-05-25 19:04:08,M3,68.16,2.94
2026-05-25 19:04:10,M3,61.32,2.26
2026-05-25 19:04:12,M2,92.25,4.15
2026-05-25 19:04:14,M1,63.74,1.53
2026-05-25 19:04:16,M2,65.28,2.92
2026-05-25 19:04:18,M1,61.71,1.2
2026-05-25 19:04:20,M2,55.76,2.47
2026-05-25 19:04:22,M3,90.93,1.61
2026-05-25 19:04:24,M2,75.57,2.57
2026-05-25 19:04:26,M3,59.52,2.27
2026-05-25 19:04:28,M1,86.55,2.18
2026-05-25 19:04:30,M1,56.08,2.44
2026-05-25 19:04:32,M2,83.92,1.16
2026-05-25 19:04:34,M3,87.71,3.78
2026-05-25 19:04:36,M1,91.2,1.76
2026-05-25 19:04:38,M1,92.41,3.59
2026-05-25 19:04:40,M2,63.67,1.41
2026-05-25 19:04:42,M1,63.37,3.96
2026-05-25 19:04:44,M1,91.1,3.35
2026-05-25 19:04:46,M1,74.56,2.82
2026-05-25 19:04:48,M3,83.02,1.14
2026-05-25 19:04:50,M1,83.34,3.26
2026-05-25 19:04:52,M1,78.74,1.37
2026-05-25 19:04:54,M3,87.59,4.9
2026-05-25 19:04:56,M1,77.14,3.14
2026-05-25 19:04:58,M1,62.08,3.37
2026-05-25 19:05:00,M3,89.08,4.48
2026-05-25 19:05:02,M2,87.01,4.66
2026-05-25 19:05:04,M3,64.25,4.65
2026-05-25 19:05:06,M1,76.21,1.49
2026-05-25 19:05:08,M2,84.92,4.98
2026-05-25 19:05:10,M1,72.7,4.96
2026-05-25 19:05:12,M1,77.59,1.04
2026-05-25 19:05:14,M2,59.16,3.93
2026-05-25 19:05:16,M1,58.85,1.87
2026-05-25 19:05:18,M3,68.26,3.22
2026-05-25 19:05:20,M3,62.4,1.97
2026-05-25 19:05:22,M2,56.84,1.02
2026-05-25 19:05:24,M2,61.52,3.37
2026-05-25 19:05:26,M2,92.06,1.05
2026-05-25 19:05:28,M2,87.93,2.33
2026-05-25 19:05:30,M2,63.03,2.12
2026-05-25 19:05:32,M3,68.27,4.53
2026-05-25 19:05:34,M1,73.02,3.49
2026-05-25 19:05:36,M3,71.87,1.78
2026-05-25 19:05:38,M3,88.06,4.86
2026-05-25 19:05:40,M2,61.07,3.64
2026-05-25 19:05:42,M3,90.33,1.53
2026-05-25 19:05:44,M1,77.88,2.32
2026-05-25 19:05:46,M3,89.64,4.85
2026-05-25 19:05:48,M2,83.83,3.28
2026-05-25 19:05:50,M1,77.17,3.92
2026-05-25 19:05:52,M1,62.07,3.57
2026-05-25 19:05:54,M1,83.59,3.47
2026-05-25 19:05:56,M1,68.46,3.33
2026-05-25 19:05:58,M3,66.44,4.97
2026-05-25 19:06:00,M3,92.85,4.87
2026-05-25 19:06:02,M3,88.44,3.65
2026-05-25 19:06:04,M2,71.35,4.35
2026-05-25 19:06:06,M2,82.54,1.13
2026-05-25 19:06:08,M3,77.15,1.02
2026-05-25 19:06:10,M1,66.08,2.97
2026-05-25 19:06:12,M3,57.93,4.52
2026-05-25 19:06:14,M3,59.6,1.42
2026-05-25 19:06:16,M2,80.12,3.03
2026-05-25 19:06:18,M1,82.64,4.92
2026-05-25 19:06:20,M1,80.37,4.09
2026-05-25 19:06:22,M2,63.35,3.81
2026-05-25 19:06:24,M2,62.1,4.85
2026-05-25 19:06:26,M2,81.04,2.68
2026-05-25 19:06:28,M2,80.07,1.24
2026-05-25 19:06:30,M2,87.05,4.55
2026-05-25 19:06:32,M2,60.72,2.0
2026-05-25 19:06:34,M1,60.04,4.05
2026-05-25 19:06:36,M1,66.54,1.74
2026-05-25 19:06:38,M2,60.28,3.89
2026-05-25 19:06:40,M2,73.89,3.79
2026-05-25 19:06:42,M1,89.23,3.78
2026-05-25 19:06:44,M1,91.58,3.98
2026-05-25 19:06:46,M2,58.21,4.37
2026-05-25 19:06:48,M3,79.27,3.19
2026-05-25 19:06:50,M2,61.36,4.24
2026-05-25 19:06:52,M3,67.12,1.3
2026-05-25 19:06:54,M3,72.12,1.28
2026-05-25 19:06:56,M2,62.38,2.04
2026-05-25 19:06:58,M1,90.1,1.59
2026-05-25 19:07:00,M2,88.05,2.38
2026-05-25 19:07:02,M2,82.77,3.09
2026-05-25 19:07:04,M1,69.04,1.94
2026-05-25 19:07:06,M1,85.46,1.78
2026-05-25 19:07:08,M3,61.73,3.28
2026-05-25 19:07:10,M1,78.63,4.78
2026-05-25 19:07:12,M3,76.39,3.73
2026-05-25 19:07:14,M2,83.83,3.83
2026-05-25 19:07:16,M2,61.24,4.55
2026-05-25 19:07:18,M1,55.56,4.87
2026-05-25 19:07:20,M1,74.51,3.64
2026-05-25 19:07:22,M2,84.91,1.18
2026-05-25 19:07:24,M2,70.79,2.68
2026-05-25 19:07:26,M1,89.38,1.21
2026-05-25 19:07:28,M3,80.85,2.19
2026-05-25 19:07:30,M1,90.91,3.17
2026-05-25 19:07:32,M1,82.02,2.26
2026-05-25 19:07:34,M1,68.2,4.61
2026-05-25 19:07:36,M2,79.9,2.74
2026-05-25 19:07:38,M3,59.28,3.27
2026-05-25 19:07:40,M2,94.77,3.27
2026-05-25 19:07:42,M1,88.99,4.57
2026-05-25 19:07:44,M3,78.33,3.32
2026-05-25 19:07:46,M1,76.33,3.23
2026-05-25 19:07:48,M1,55.11,1.18
2026-05-25 19:07:50,M1,65.98,2.91
2026-05-25 19:07:52,M2,86.04,4.83
2026-05-25 19:07:54,M1,63.05,2.86
2026-05-25 19:07:56,M1,75.98,1.08
2026-05-25 19:07:58,M1,69.77,3.97
2026-05-25 19:08:00,M2,94.97,4.37
2026-05-25 19:08:02,M3,60.18,3.83
2026-05-25 19:08:04,M1,83.8,3.91
2026-05-25 19:08:06,M1,88.23,3.87
2026-05-25 19:08:08,M3,83.2,4.81
2026-05-25 19:08:10,M1,78.98,4.9
2026-05-25 19:08:12,M1,86.71,4.12
2026-05-25 19:08:14,M2,81.92,2.32
2026-05-25 19:08:16,M3,77.18,4.87
2026-05-25 19:08:18,M3,94.45,4.03
2026-05-25 19:08:20,M2,85.88,1.07
2026-05-25 19:08:22,M1,76.54,4.06
2026-05-25 19:08:24,M1,58.21,3.32
2026-05-25 19:08:26,M1,87.33,4.8
2026-05-25 19:08:28,M1,55.88,4.22
2026-05-25 19:08:30,M3,71.93,3.44
2026-05-25 19:08:32,M3,90.06,3.48
2026-05-25 19:08:34,M1,94.93,4.02
2026-05-25 19:08:36,M2,91.18,4.42
2026-05-25 19:08:38,M2,66.3,2.7
2026-05-25 19:08:40,M2,77.52,4.52
2026-05-25 19:08:42,M1,85.13,1.52
2026-05-25 19:08:44,M3,93.12,1.12
2026-05-25 19:08:46,M1,75.85,2.42
2026-05-25 19:08:48,M1,58.82,2.36
2026-05-25 19:08:50,M1,79.56,3.0
2026-05-25 19:08:52,M3,75.74,1.53
2026-05-25 19:08:54,M3,58.44,1.31
2026-05-25 19:08:56,M1,57.32,1.81
2026-05-25 19:08:58,M1,55.08,2.47
2026-05-25 19:09:00,M3,65.23,3.88
2026-05-25 19:09:02,M1,68.73,4.83
2026-05-25 19:09:04,M3,56.67,2.61
2026-05-25 19:09:06,M3,66.13,4.52
2026-05-25 19:09:08,M3,58.58,2.83
2026-05-25 19:09:10,M3,65.44,3.89
2026-05-25 19:09:12,M3,59.92,2.33
2026-05-25 19:09:14,M2,65.87,2.2
2026-05-25 19:09:16,M2,72.66,3.58
2026-05-25 19:09:18,M2,92.14,4.27
2026-05-25 19:09:20,M2,66.29,3.02
2026-05-25 19:09:22,M3,83.02,4.69
2026-05-25 19:09:24,M3,82.18,2.79
2026-05-25 19:09:26,M2,82.01,4.05
2026-05-25 19:09:28,M1,58.38,3.8
2026-05-25 19:09:30,M1,68.6,2.13
2026-05-25 19:09:32,M2,84.93,1.9
2026-05-25 19:09:34,M2,61.42,1.65
2026-05-25 19:09:36,M2,86.13,2.91
2026-05-25 19:09:38,M1,81.29,1.23
2026-05-25 19:09:40,M1,58.92,4.11
2026-05-25 19:09:42,M1,60.34,4.43
2026-05-25 19:09:44,M2,76.61,3.62
2026-05-25 19:09:46,M2,78.18,3.82
2026-05-25 19:09:48,M3,62.18,4.31
2026-05-25 19:09:50,M2,73.57,3.51
2026-05-25 19:09:52,M1,72.02,4.7
2026-05-25 19:09:54,M3,59.95,4.55
2026-05-25 19:09:56,M2,59.97,3.17
2026-05-25 19:09:58,M1,64.23,3.48
2026-05-25 19:10:00,M1,65.22,3.27
2026-05-25 19:10:02,M1,74.22,1.19
2026-05-25 19:10:04,M2,93.74,4.6
2026-05-25 19:10:06,M2,62.1,2.86
2026-05-25 19:10:08,M2,78.32,1.4
2026-05-25 19:10:10,M1,58.95,4.95
2026-05-25 19:10:12,M1,70.42,3.02
2026-05-25 19:10:14,M1,66.35,3.16
2026-05-25 19:10:16,M3,65.04,4.96
2026-05-25 19:10:18,M2,94.67,2.42
2026-05-25 19:10:20,M2,91.02,3.67
2026-05-25 19:10:22,M3,91.49,2.35
2026-05-25 19:10:24,M2,73.42,4.05
2026-05-25 19:10:26,M1,86.5,3.09
2026-05-25 19:10:28,M2,60.86,1.63
2026-05-25 19:10:30,M2,72.03,2.51
2026-05-25 19:10:32,M1,81.74,1.29
2026-05-25 19:10:34,M3,84.38,2.79
2026-05-25 19:10:36,M3,67.58,4.27
2026-05-25 19:10:38,M3,86.18,1.51
2026-05-25 19:10:40,M1,88.49,1.95
2026-05-25 19:10:42,M2,88.94,4.62
2026-05-25 19:10:44,M1,81.45,2.63
2026-05-25 19:10:46,M3,68.08,2.15
2026-05-25 19:10:48,M2,60.27,3.41
2026-05-25 19:10:50,M1,66.7,3.13
2026-05-25 19:10:52,M2,64.45,1.16
2026-05-25 19:10:54,M2,75.66,2.23
2026-05-25 19:10:56,M2,78.46,3.01
2026-05-25 19:10:58,M2,94.33,2.13
2026-05-25 19:11:00,M1,85.23,1.7
2026-05-25 19:11:02,M3,70.35,4.71
2026-05-25 19:11:04,M3,70.25,1.16
2026-05-25 19:11:06,M3,90.45,1.56
2026-05-25 19:11:08,M1,85.4,4.32
2026-05-25 19:11:10,M1,75.48,2.94
2026-05-25 19:11:12,M2,60.78,4.54
2026-05-25 19:11:14,M3,56.31,4.86
2026-05-25 19:11:16,M2,61.22,3.08
2026-05-25 19:11:18,M3,79.55,2.18
2026-05-25 19:11:20,M1,69.93,2.12
2026-05-25 19:11:22,M1,87.16,1.28
2026-05-25 19:11:24,M3,85.82,1.55
2026-05-25 19:11:26,M2,62.72,3.59
2026-05-25 19:11:28,M2,74.77,1.71
2026-05-25 19:11:30,M3,63.93,3.09
2026-05-25 19:11:32,M3,86.52,3.99
2026-05-25 19:11:34,M3,92.67,1.93
2026-05-25 19:11:36,M1,70.43,3.11
2026-05-25 19:11:38,M3,59.73,3.27
2026-05-25 19:11:40,M1,70.39,2.32
2026-05-25 19:11:42,M1,71.69,2.19
2026-05-25 19:11:44,M2,86.83,3.43
2026-05-25 19:11:46,M3,91.96,2.7
2026-05-25 19:11:48,M3,76.19,4.25
2026-05-25 19:11:50,M1,70.23,1.24
2026-05-25 19:11:52,M1,78.58,2.31
2026-05-25 19:11:54,M1,85.97,1.45
2026-05-25 19:11:56,M1,61.95,2.61
2026-05-25 19:11:58,M2,65.45,4.54
2026-05-25 19:12:00,M3,65.06,3.14
2026-05-25 19:12:02,M2,74.96,2.89
2026-05-25 19:12:04,M3,59.97,1.15
2026-05-25 19:12:06,M1,67.45,3.18
2026-05-25 19:12:08,M3,83.29,3.89
2026-05-25 19:12:11,M2,55.72,3.87
2026-05-25 19:12:13,M3,80.65,2.86
2026-05-25 19:12:15,M3,76.92,3.28
2026-05-25 19:12:17,M3,64.15,3.18
2026-05-25 19:12:19,M2,71.88,2.2
2026-05-25 19:12:21,M2,59.73,1.74
2026-05-25 19:12:23,M1,82.53,3.94
2026-05-25 19:12:25,M2,85.93,3.07
2026-05-25 19:12:27,M2,71.42,4.83
2026-05-25 19:12:29,M1,77.43,3.88
2026-05-25 19:12:31,M2,92.42,4.42
2026-05-25 19:12:33,M3,80.0,4.75
2026-05-25 19:12:35,M3,61.18,1.26
2026-05-25 19:12:37,M1,87.75,2.38
2026-05-25 19:12:39,M2,57.97,3.01
2026-05-25 19:12:41,M1,64.53,1.66
2026-05-25 19:12:43,M2,93.69,4.47
2026-05-25 19:12:45,M3,70.65,1.67
2026-05-25 19:12:47,M1,75.73,1.72
2026-05-25 19:12:49,M2,81.2,2.36
2026-05-25 19:12:51,M3,79.48,4.2
2026-05-25 19:12:53,M1,73.49,3.77
2026-05-25 19:12:55,M3,78.45,2.99
2026-05-25 19:12:57,M1,85.9,4.75
2026-05-25 19:12:59,M1,56.88,4.68
2026-05-25 19:13:01,M2,88.37,2.54
2026-05-25 19:13:03,M2,61.93,1.56
2026-05-25 19:13:05,M1,67.69,3.75
2026-05-25 19:13:07,M1,73.06,2.87
2026-05-25 19:13:09,M3,55.3,4.71
2026-05-25 19:13:11,M2,66.72,4.29
2026-05-25 19:13:13,M3,65.49,1.41
2026-05-25 19:13:15,M1,81.83,2.85
2026-05-25 19:13:17,M3,79.98,4.68
2026-05-25 19:13:19,M3,79.22,1.81
2026-05-25 19:13:21,M1,75.13,1.95
2026-05-25 19:13:23,M2,88.45,3.74
2026-05-25 19:13:25,M1,63.45,1.57
2026-05-25 19:13:27,M3,78.53,1.19
2026-05-25 19:13:29,M3,67.65,3.92
2026-05-25 19:13:31,M2,82.39,2.68
2026-05-25 19:13:33,M1,74.24,3.85
2026-05-25 19:13:35,M3,82.4,3.29
2026-05-25 19:13:37,M2,59.99,1.13
2026-05-25 19:13:39,M3,88.03,3.02
2026-05-25 19:13:41,M2,61.48,4.13
2026-05-25 19:13:43,M3,72.29,4.79
2026-05-25 19:13:45,M3,75.69,2.67
2026-05-25 19:13:47,M3,76.37,4.35
2026-05-25 19:13:49,M3,58.8,4.52
2026-05-25 19:13:51,M3,56.52,1.08
2026-05-25 19:13:53,M3,85.73,4.0
2026-05-25 19:13:55,M1,84.5,2.77
2026-05-25 19:13:57,M3,90.15,2.32
2026-05-25 19:13:59,M3,69.22,4.77
2026-05-25 19:14:01,M2,76.37,3.8
2026-05-25 19:14:03,M2,75.39,4.8
2026-05-25 19:14:05,M1,80.09,3.73
2026-05-25 19:14:07,M2,93.05,2.64
2026-05-25 19:14:09,M2,83.41,2.73
2026-05-25 19:14:11,M3,55.69,4.93
2026-05-25 19:14:13,M1,88.03,2.11
2026-05-25 19:14:15,M3,92.72,3.26
2026-05-25 19:14:17,M1,64.34,1.43
2026-05-25 19:14:19,M2,88.55,3.09
2026-05-25 19:14:21,M2,69.23,4.11
2026-05-25 19:14:23,M3,74.29,2.39
2026-05-25 19:14:25,M2,76.61,3.89
2026-05-25 19:14:27,M2,83.23,3.69
2026-05-25 19:14:29,M1,93.41,4.91
2026-05-25 19:14:31,M2,81.32,2.45
2026-05-25 19:14:33,M3,68.67,1.92
2026-05-25 19:14:35,M1,75.78,3.99
2026-05-25 19:14:37,M3,84.37,2.77
2026-05-25 19:14:39,M2,93.98,1.72
2026-05-25 19:14:41,M3,88.91,1.25
2026-05-25 19:14:43,M2,58.83,4.17
2026-05-25 19:14:45,M1,78.8,1.42
2026-05-25 19:14:47,M1,69.78,2.18
2026-05-25 19:14:49,M1,68.68,4.61
2026-05-25 19:14:51,M2,67.92,2.2
2026-05-25 19:14:53,M2,93.82,4.58
2026-05-25 19:14:55,M1,88.1,1.79
2026-05-25 19:14:57,M3,82.03,4.68
2026-05-25 19:14:59,M3,78.4,1.97
2026-05-25 19:15:01,M3,60.66,3.6
2026-05-25 19:15:03,M2,93.56,4.66
2026-05-25 19:15:05,M2,83.32,2.03
2026-05-25 19:15:07,M1,79.94,1.25
2026-05-25 19:15:09,M3,80.35,3.51
2026-05-25 19:15:11,M2,93.55,1.15
2026-05-25 19:15:13,M2,66.77,2.78
2026-05-25 19:15:15,M1,70.34,4.97
2026-05-25 19:15:17,M3,86.69,2.94
2026-05-25 19:15:19,M3,77.88,3.22
2026-05-25 19:15:21,M1,82.72,3.49
2026-05-25 19:15:23,M1,89.43,3.38
2026-05-25 19:15:25,M2,74.54,1.17
2026-05-25 19:15:27,M3,94.0,1.0
2026-05-25 19:15:29,M1,94.05,4.56
2026-05-25 19:15:31,M2,57.32,3.77
2026-05-25 19:15:33,M2,59.2,2.79
2026-05-25 19:15:35,M3,74.5,1.46
2026-05-25 19:15:37,M2,60.19,1.55
2026-05-25 19:15:39,M3,91.29,3.36
2026-05-25 19:15:41,M3,85.49,4.39
2026-05-25 19:15:43,M2,90.6,3.53
2026-05-25 19:15:45,M1,92.8,2.61
2026-05-25 19:15:47,M3,81.56,4.96
2026-05-25 19:15:49,M3,68.41,1.44
2026-05-25 19:15:51,M2,77.66,1.06
2026-05-25 19:15:53,M3,56.21,4.8
2026-05-25 19:15:55,M1,93.03,1.82
2026-05-25 19:15:57,M3,70.23,1.74
2026-05-25 19:15:59,M1,65.97,1.04
2026-05-25 19:16:01,M1,71.85,3.96
2026-05-25 19:16:03,M2,64.77,1.51
2026-05-25 19:16:05,M1,80.58,4.05
2026-05-25 19:16:07,M1,60.99,3.95
2026-05-25 19:16:09,M3,65.88,4.25
2026-05-25 19:16:11,M3,58.21,4.51
2026-05-25 19:16:13,M3,74.49,2.39
2026-05-25 19:16:15,M1,63.71,4.51
2026-05-25 19:16:17,M3,86.67,2.91
2026-05-25 19:16:19,M3,56.01,2.09
2026-05-25 19:16:21,M1,94.43,1.6
2026-05-25 19:16:23,M2,87.7,2.86
2026-05-25 19:16:25,M1,62.64,4.75
2026-05-25 19:16:27,M2,87.71,1.66
2026-05-25 19:16:29,M1,70.44,1.79
2026-05-25 19:16:31,M2,72.63,2.86
2026-05-25 19:16:33,M2,83.08,2.13
2026-05-25 19:16:35,M1,57.46,1.8
2026-05-25 19:16:37,M1,60.69,3.83
2026-05-25 19:16:39,M1,83.69,3.87
2026-05-25 19:16:41,M3,86.66,4.28
2026-05-25 19:16:43,M2,87.05,4.68
2026-05-25 19:16:45,M3,65.58,2.43
2026-05-25 19:16:47,M1,80.1,3.97
2026-05-25 19:16:49,M1,55.91,3.32
2026-05-25 19:16:51,M1,58.51,3.95
2026-05-25 19:16:53,M2,57.77,1.38
2026-05-25 19:16:55,M1,79.47,1.36
2026-05-25 19:16:57,M1,73.57,2.42
2026-05-25 19:16:59,M1,72.14,2.9
2026-05-25 19:17:01,M3,59.74,1.62
2026-05-25 19:17:03,M3,78.38,1.38
2026-05-25 19:17:05,M3,81.13,4.66
2026-05-25 19:17:07,M1,93.14,2.45
2026-05-25 19:17:09,M1,89.62,1.99
2026-05-25 19:17:11,M2,60.76,4.62
2026-05-25 19:17:13,M2,75.97,4.41
2026-05-25 19:17:15,M3,68.82,4.76
2026-05-25 19:17:17,M2,74.63,4.42
2026-05-25 19:17:19,M1,85.03,3.5
2026-05-25 19:17:21,M2,63.78,4.29
2026-05-25 19:17:23,M1,68.28,1.95
2026-05-25 19:17:25,M2,77.39,1.7
2026-05-25 19:17:27,M2,60.97,4.95
2026-05-25 19:17:29,M1,87.73,4.86
2026-05-25 19:17:31,M2,77.28,4.78
2026-05-25 19:17:33,M1,61.24,3.3
2026-05-25 19:17:35,M1,78.88,4.55
2026-05-25 19:17:37,M3,82.98,2.37
2026-05-25 19:17:39,M1,72.47,4.35
2026-05-25 19:17:41,M3,76.2,1.79
2026-05-25 19:17:43,M2,78.19,3.61
2026-05-25 19:17:45,M2,59.52,4.82
2026-05-25 19:17:47,M1,71.91,2.07
2026-05-25 19:17:49,M1,64.25,1.25
2026-05-25 19:17:51,M3,59.48,4.01
2026-05-25 19:17:53,M3,71.97,2.77
2026-05-25 19:17:55,M1,83.95,1.04
2026-05-25 19:17:57,M2,92.49,2.0
2026-05-25 19:17:59,M1,88.18,3.22
2026-05-25 19:18:01,M3,55.75,3.51
2026-05-25 19:18:03,M3,63.22,2.53
2026-05-25 19:18:05,M2,63.3,1.59
2026-05-25 19:18:07,M2,65.69,1.08
2026-05-25 19:18:09,M1,63.15,3.53
2026-05-25 19:18:11,M2,59.08,1.63
2026-05-25 19:18:13,M3,67.06,3.29
2026-05-25 19:18:15,M3,93.54,3.12
2026-05-25 19:18:17,M1,65.03,2.89
2026-05-25 19:18:19,M1,68.76,3.29
2026-05-25 19:18:21,M3,86.67,4.03
2026-05-25 19:18:23,M1,71.19,4.07
2026-05-25 19:18:25,M1,87.28,4.18
2026-05-25 19:18:27,M1,76.71,4.22
2026-05-25 19:18:29,M2,81.6,3.05
2026-05-25 19:18:31,M2,88.01,2.01
2026-05-25 19:18:33,M3,94.49,2.86
2026-05-25 19:18:35,M3,91.84,3.13
2026-05-25 19:18:37,M2,67.9,4.49
2026-05-25 19:18:39,M1,84.49,4.14
2026-05-25 19:18:41,M2,55.36,1.2
2026-05-25 19:18:43,M3,72.64,3.46
2026-05-25 19:18:45,M2,67.94,2.45
2026-05-25 19:18:47,M2,83.43,4.61
2026-05-25 19:18:49,M3,68.4,2.78
2026-05-25 19:18:51,M1,64.4,2.7
2026-05-25 19:18:53,M1,69.36,2.21
2026-05-25 19:18:55,M3,77.86,3.67
2026-05-25 19:18:57,M3,88.93,4.72
2026-05-25 19:18:59,M2,77.6,3.29
2026-05-25 19:19:01,M1,86.85,3.92
2026-05-25 19:19:03,M3,80.9,4.7
2026-05-25 19:19:05,M2,85.7,1.77
2026-05-25 19:19:07,M2,65.16,3.94
2026-05-25 19:19:09,M1,66.61,4.62
2026-05-25 19:19:11,M3,78.9,2.41
2026-05-25 19:19:13,M2,63.98,1.63
2026-05-25 19:19:15,M2,63.46,1.73
2026-05-25 19:19:17,M2,61.74,1.57
2026-05-25 19:19:19,M3,88.27,3.2
2026-05-25 19:19:21,M3,61.78,4.58
2026-05-25 19:19:23,M3,71.28,4.39
2026-05-25 19:19:25,M2,57.33,1.72
2026-05-25 19:19:27,M1,94.17,3.3
2026-05-25 19:19:29,M3,73.29,1.94
2026-05-25 19:19:31,M3,79.44,2.58
2026-05-25 19:19:33,M3,88.0,4.58
2026-05-25 19:19:35,M3,63.21,3.98
2026-05-25 19:19:37,M1,89.04,4.31
2026-05-25 19:19:39,M2,76.21,3.17
2026-05-25 19:19:41,M3,91.7,2.55
2026-05-25 19:19:43,M3,74.8,3.48
2026-05-25 19:19:45,M1,89.55,3.2
2026-05-25 19:19:47,M3,68.07,1.52
2026-05-25 19:19:49,M1,75.95,3.88
2026-05-25 19:19:51,M1,86.59,4.8
2026-05-25 19:19:53,M3,87.74,2.45
2026-05-25 19:19:55,M1,90.58,1.76
2026-05-25 19:19:57,M1,89.01,1.67
2026-05-25 19:19:59,M2,61.34,3.63
2026-05-25 19:20:01,M2,70.35,2.24
2026-05-25 19:20:03,M3,93.72,2.48
2026-05-25 19:20:05,M1,76.6,1.56
2026-05-25 19:20:07,M1,75.38,4.62
2026-05-25 19:20:09,M1,79.92,2.06
2026-05-25 19:20:11,M1,57.4,1.94
2026-05-25 19:20:13,M3,58.23,4.96
2026-05-25 19:20:15,M2,64.12,2.84
2026-05-25 19:20:17,M1,68.54,1.46
2026-05-25 19:20:19,M3,58.58,2.51
2026-05-25 19:20:21,M3,67.41,1.48
2026-05-25 19:20:23,M3,56.14,3.29
2026-05-25 19:20:25,M3,58.95,2.47
2026-05-25 19:20:27,M3,68.25,3.27
2026-05-25 19:20:29,M3,75.46,3.39
2026-05-25 19:20:31,M3,64.57,1.33
2026-05-25 19:20:33,M3,77.63,1.36
2026-05-25 19:20:35,M1,75.48,3.55
2026-05-25 19:20:37,M3,85.9,1.56
2026-05-25 19:20:39,M3,56.04,2.57
2026-05-25 19:20:41,M2,77.64,3.24
2026-05-25 19:20:43,M1,69.6,2.44
2026-05-25 19:20:45,M1,85.67,1.52
2026-05-25 19:20:47,M3,92.12,4.06
2026-05-25 19:20:49,M1,86.71,2.03
2026-05-25 19:20:51,M1,81.86,4.84
2026-05-25 19:20:53,M2,94.97,3.5
2026-05-25 19:20:55,M1,55.99,3.79
2026-05-25 19:20:57,M3,61.32,2.84
2026-05-25 19:20:59,M1,69.28,4.17
2026-05-25 19:21:01,M1,89.74,2.83
2026-05-25 19:21:03,M3,78.84,1.88
2026-05-25 19:21:05,M1,72.63,2.75
2026-05-25 19:21:07,M1,88.13,3.49
2026-05-25 19:21:09,M1,67.83,3.68
2026-05-25 19:21:11,M2,55.77,1.4
2026-05-25 19:21:13,M3,56.11,3.15
2026-05-25 19:21:15,M2,71.03,4.43
2026-05-25 19:21:17,M2,84.93,2.06
2026-05-25 19:21:19,M3,63.11,2.36
2026-05-25 19:21:21,M3,60.49,4.91
2026-05-25 19:21:23,M1,92.51,2.08
2026-05-25 19:21:25,M2,93.65,1.81
2026-05-25 19:21:27,M1,63.84,4.04
2026-05-25 19:21:29,M2,83.12,2.89
2026-05-25 19:21:31,M2,81.99,2.84
2026-05-25 19:21:33,M2,93.49,4.26
2026-05-25 19:21:35,M1,65.59,2.16
2026-05-25 19:21:37,M3,63.68,2.19
2026-05-25 19:21:39,M2,81.02,2.47
2026-05-25 19:21:41,M3,69.95,2.28
2026-05-25 19:21:43,M3,92.57,2.45
2026-05-25 19:21:46,M3,78.56,4.57
2026-05-25 19:21:48,M1,81.99,2.63
2026-05-25 19:21:50,M3,82.27,4.72
2026-05-25 19:21:52,M1,82.46,4.77
2026-05-25 19:21:54,M3,74.22,4.66
2026-05-25 19:21:56,M3,63.75,2.51
2026-05-25 19:21:58,M3,60.99,3.67
2026-05-25 19:22:00,M1,80.16,4.92
2026-05-25 19:22:02,M3,75.16,3.54
2026-05-25 19:22:04,M3,74.51,2.86
2026-05-25 19:22:06,M1,92.98,3.22
2026-05-25 19:22:08,M3,73.85,4.36
2026-05-25 19:22:10,M2,69.05,2.97
2026-05-25 19:22:12,M1,70.93,1.59
2026-05-25 19:22:14,M2,76.51,1.2
2026-05-25 19:22:16,M1,86.91,3.27
2026-05-25 19:22:18,M1,72.85,1.73
2026-05-25 19:22:20,M3,92.85,2.04
2026-05-25 19:22:22,M1,91.01,2.46
2026-05-25 19:22:24,M1,68.05,2.83
2026-05-25 19:22:26,M2,60.93,3.26
2026-05-25 19:22:28,M2,69.12,1.28
2026-05-25 19:22:30,M1,72.79,3.96
2026-05-25 19:22:32,M2,72.54,3.25
2026-05-25 19:22:34,M3,89.07,1.95
2026-05-25 19:22:36,M3,60.01,2.99
2026-05-25 19:22:38,M3,82.74,1.75
2026-05-25 19:22:40,M2,56.02,3.55
2026-05-25 19:22:42,M2,73.73,1.0
2026-05-25 19:22:44,M2,92.75,4.08
2026-05-25 19:22:46,M3,89.91,1.0
2026-05-25 19:22:48,M1,55.41,4.21
2026-05-25 19:22:50,M3,57.98,1.68
2026-05-25 19:22:52,M1,86.72,3.9
2026-05-25 19:22:54,M2,90.93,3.35
2026-05-25 19:22:56,M2,79.9,1.79
2026-05-25 19:22:58,M3,63.52,4.02
2026-05-25 19:23:00,M2,87.09,3.89
2026-05-25 19:23:02,M2,61.63,1.89
2026-05-25 19:23:04,M3,60.05,1.32
2026-05-25 19:23:06,M3,77.74,1.51
2026-05-25 19:23:08,M2,91.04,2.65
2026-05-25 19:23:10,M2,83.11,1.56
2026-05-25 19:23:12,M1,87.74,3.29
2026-05-25 19:23:14,M1,61.37,4.33
2026-05-25 19:23:16,M3,77.9,1.51
2026-05-25 19:23:18,M2,61.25,2.19
2026-05-25 19:23:20,M2,86.43,1.39
2026-05-25 19:23:22,M2,56.09,2.13
2026-05-25 19:23:24,M2,79.17,3.15
2026-05-25 19:23:26,M2,62.42,3.81
2026-05-25 19:23:28,M3,60.0,3.53
2026-05-25 19:23:30,M2,84.84,1.66
2026-05-25 19:23:32,M2,89.44,4.57
2026-05-25 19:23:34,M1,76.98,4.2
2026-05-25 19:23:36,M3,85.87,4.0
2026-05-25 19:23:38,M2,80.2,4.17
2026-05-25 19:23:40,M2,94.03,2.0
2026-05-25 19:23:42,M3,94.18,2.34
2026-05-25 19:23:44,M1,63.25,3.08
2026-05-25 19:23:46,M3,78.08,2.58
2026-05-25 19:23:48,M2,67.32,4.24
2026-05-25 19:23:50,M3,70.28,1.71
2026-05-25 19:23:52,M1,60.11,3.55
2026-05-25 19:23:54,M2,82.88,3.92
2026-05-25 19:23:56,M1,66.6,1.02
2026-05-25 19:23:58,M1,63.19,1.48
2026-05-25 19:24:00,M2,73.29,3.85
2026-05-25 19:24:02,M3,80.77,4.32
2026-05-25 19:24:04,M2,66.85,3.79
2026-05-25 19:24:06,M1,62.96,2.68
2026-05-25 19:24:08,M1,61.19,2.42
2026-05-25 19:24:10,M1,66.4,4.35
2026-05-25 19:24:12,M1,90.47,2.54
2026-05-25 19:24:14,M1,57.42,2.36
2026-05-25 19:24:16,M2,85.65,1.51
2026-05-25 19:24:18,M1,68.77,3.32
2026-05-25 19:24:20,M1,83.23,1.01
2026-05-25 19:24:22,M2,83.3,3.35
2026-05-25 19:24:24,M3,59.88,4.0
2026-05-25 19:24:26,M2,67.33,3.52
2026-05-25 19:24:28,M1,93.11,1.3
2026-05-25 19:24:30,M2,70.97,4.17
2026-05-25 19:24:32,M3,66.17,3.78
2026-05-25 19:24:34,M3,87.95,1.67
2026-05-25 19:24:36,M1,77.47,4.87
2026-05-25 19:24:38,M3,78.95,2.75
2026-05-25 19:24:40,M2,87.22,1.37
2026-05-25 19:24:42,M1,81.2,2.37
2026-05-25 19:24:44,M2,85.5,1.95
2026-05-25 19:24:46,M3,73.81,4.09
2026-05-25 19:24:48,M1,58.49,1.3
2026-05-25 19:24:50,M1,79.4,1.08
2026-05-25 19:24:52,M1,59.8,3.79
2026-05-25 19:24:54,M3,86.31,4.64
2026-05-25 19:24:56,M1,74.75,4.56
2026-05-25 19:24:58,M2,94.85,4.43
2026-05-25 19:25:00,M3,77.64,1.03
2026-05-25 19:25:02,M3,64.75,2.55
2026-05-25 19:25:04,M3,69.88,1.76
2026-05-25 19:25:06,M2,61.3,3.08
2026-05-25 19:25:08,M3,63.73,2.7
2026-05-25 19:25:10,M3,78.94,2.74
2026-05-25 19:25:12,M1,78.21,3.9
2026-05-25 19:25:14,M3,89.17,1.46
2026-05-25 19:25:16,M2,57.53,4.69
2026-05-25 19:25:18,M1,84.19,4.99
2026-05-25 19:25:20,M1,79.41,4.33
2026-05-25 19:25:22,M2,84.84,1.58
2026-05-25 19:25:24,M3,93.25,2.66
2026-05-25 19:25:26,M1,69.71,1.38
2026-05-25 19:25:28,M3,90.41,3.23
2026-05-25 19:25:30,M3,87.54,3.65
2026-05-25 19:25:32,M2,89.33,4.63
2026-05-25 19:25:34,M2,62.89,2.49
2026-05-25 19:25:36,M1,71.06,2.55
2026-05-25 19:25:38,M1,58.57,1.94
2026-05-25 19:25:40,M1,73.79,1.64
2026-05-25 19:25:42,M2,70.22,3.77
2026-05-25 19:25:44,M2,64.88,1.03
2026-05-25 19:25:46,M2,79.22,4.6
2026-05-25 19:25:48,M3,68.77,4.47
2026-05-25 19:25:50,M1,90.62,1.7
2026-05-25 19:25:52,M1,80.67,3.54
2026-05-25 19:25:54,M2,56.29,2.09
2026-05-25 19:25:56,M2,78.73,4.89
2026-05-25 19:25:58,M2,92.73,4.05
2026-05-25 19:26:00,M3,93.61,3.76
2026-05-25 19:26:02,M2,63.74,1.39
2026-05-25 19:26:04,M1,66.52,2.61
2026-05-25 19:26:06,M2,79.92,2.25
2026-05-25 19:26:08,M1,68.62,4.34
2026-05-25 19:26:10,M3,65.73,2.56
2026-05-25 19:26:12,M3,59.81,4.89
2026-05-25 19:26:14,M2,58.79,1.82
2026-05-25 19:26:16,M2,60.82,2.84
2026-05-25 19:26:18,M2,79.77,3.67
2026-05-25 19:26:20,M1,69.21,1.84
2026-05-25 19:26:22,M3,73.08,1.18
2026-05-25 19:26:24,M3,86.0,3.12
2026-05-25 19:26:26,M1,72.04,1.23
2026-05-25 19:26:28,M3,55.14,2.66
2026-05-25 19:26:30,M2,59.59,2.31
2026-05-25 19:26:32,M1,83.59,1.8
2026-05-25 19:26:34,M3,66.16,3.06
2026-05-25 19:26:36,M1,92.12,4.24
2026-05-25 19:26:38,M2,94.66,2.07
2026-05-25 19:26:40,M1,75.34,2.39
2026-05-25 19:26:42,M3,69.37,2.28
2026-05-25 19:26:44,M3,65.28,4.35
2026-05-25 19:26:46,M3,76.89,1.89
2026-05-25 19:26:48,M3,79.4,4.41
2026-05-25 19:26:50,M1,78.49,4.35
2026-05-25 19:26:52,M3,68.51,3.11
2026-05-25 19:26:54,M2,69.0,2.43
2026-05-25 19:26:56,M1,80.63,2.32
2026-05-25 19:26:58,M3,64.36,3.21
2026-05-25 19:27:00,M3,71.56,3.2
2026-05-25 19:27:02,M1,77.27,1.26
2026-05-25 19:27:04,M1,75.7,1.9
2026-05-25 19:27:06,M3,59.21,2.22
2026-05-25 19:27:08,M1,73.51,1.24
2026-05-25 19:27:10,M1,80.33,3.9
2026-05-25 19:27:12,M2,61.34,2.64
2026-05-25 19:27:14,M2,84.63,3.88
2026-05-25 19:27:16,M1,80.14,1.02
2026-05-25 19:27:18,M2,87.64,3.96
2026-05-25 19:27:20,M2,66.73,1.37
2026-05-25 19:27:22,M1,64.96,3.21
2026-05-25 19:27:24,M3,87.99,1.89
2026-05-25 19:27:26,M2,80.09,1.88
2026-05-25 19:27:28,M3,91.73,4.63
2026-05-25 19:27:30,M3,79.97,2.97
2026-05-25 19:27:32,M3,93.23,4.61
2026-05-25 19:27:34,M1,56.31,4.87
2026-05-25 19:27:36,M3,93.02,4.22
2026-05-25 19:27:38,M3,72.96,3.22
2026-05-25 19:27:40,M1,69.72,4.03
2026-05-25 19:27:42,M2,90.49,4.74
2026-05-25 19:27:44,M2,79.12,4.56
2026-05-25 19:27:46,M1,67.5,4.88
2026-05-25 19:27:48,M1,67.5,3.06
2026-05-25 19:27:50,M3,94.4,2.55
2026-05-25 19:27:52,M3,79.56,1.45
2026-05-25 19:27:54,M2,63.17,3.78
2026-05-25 19:27:56,M1,63.85,3.02
2026-05-25 19:27:58,M3,59.05,1.11
2026-05-25 19:28:00,M3,81.69,1.5
2026-05-25 19:28:02,M2,63.41,4.96
2026-05-25 19:28:04,M1,94.79,1.91
2026-05-25 19:28:06,M1,81.59,4.25
2026-05-25 19:28:08,M3,90.7,3.98
2026-05-25 19:28:10,M2,86.19,2.13
2026-05-25 19:28:12,M3,88.43,4.38
2026-05-25 19:28:14,M2,71.57,2.37
2026-05-25 19:28:16,M1,93.7,2.24
2026-05-25 19:28:18,M3,59.1,4.68
2026-05-25 19:28:20,M3,56.76,1.48
2026-05-25 19:28:22,M2,92.55,3.74
2026-05-25 19:28:24,M2,84.76,1.29
2026-05-25 19:28:26,M2,62.65,4.26
2026-05-25 19:28:28,M1,73.08,2.43
2026-05-25 19:28:30,M3,66.61,1.26
2026-05-25 19:28:32,M3,71.04,4.65
2026-05-25 19:28:34,M3,64.64,3.71
2026-05-25 19:28:36,M3,90.48,2.4
2026-05-25 19:28:38,M1,75.78,3.45
2026-05-25 19:28:40,M2,78.56,1.68
2026-05-25 19:28:42,M2,57.67,1.31
2026-05-25 19:28:44,M3,85.61,1.88
2026-05-25 19:28:46,M2,88.28,4.13
2026-05-25 19:28:48,M1,56.14,1.45
2026-05-25 19:28:50,M1,74.39,1.13
2026-05-25 19:28:52,M1,63.93,4.26
2026-05-25 19:28:54,M2,68.78,3.5
2026-05-25 19:28:56,M3,76.71,1.01
2026-05-25 19:28:58,M1,93.15,1.92
2026-05-25 19:29:00,M2,76.05,3.23
2026-05-25 19:29:02,M3,55.2,3.89
2026-05-25 19:29:04,M1,69.94,2.56
2026-05-25 19:29:06,M2,71.87,1.7
2026-05-25 19:29:08,M1,73.55,4.32
2026-05-25 19:29:10,M2,66.97,2.31
2026-05-25 19:29:12,M2,67.32,3.59
2026-05-25 19:29:14,M1,92.86,4.2
2026-05-25 19:29:16,M1,86.86,4.99
2026-05-25 19:29:18,M1,81.02,1.91
2026-05-25 19:29:20,M1,78.77,3.13
2026-05-25 19:29:22,M1,89.07,2.31
2026-05-25 19:29:24,M2,82.47,4.71
2026-05-25 19:29:26,M3,90.64,1.49
2026-05-25 19:29:28,M1,63.11,4.95
2026-05-25 19:29:30,M3,58.92,3.44
2026-05-25 19:29:32,M1,69.94,2.97
2026-05-25 19:29:34,M1,61.87,3.06
2026-05-25 19:29:36,M3,77.62,2.12
2026-05-25 19:29:38,M1,69.34,1.68
2026-05-25 19:29:40,M2,89.18,4.42
2026-05-25 19:29:42,M1,73.74,3.87
2026-05-25 19:29:44,M2,72.76,1.11
2026-05-25 19:29:46,M3,93.89,3.88
2026-05-25 19:29:48,M1,83.25,2.03
2026-05-25 19:29:50,M1,59.02,2.8
2026-05-25 19:29:52,M2,75.14,2.6
2026-05-25 19:29:54,M1,69.5,2.46
2026-05-25 19:29:56,M3,84.35,2.34
2026-05-25 19:29:58,M2,61.03,4.65
2026-05-25 19:30:00,M2,78.98,4.75
2026-05-25 19:30:02,M3,86.74,3.92
2026-05-25 19:30:04,M2,67.92,3.13
2026-05-25 19:30:06,M2,76.55,4.24
2026-05-25 19:30:08,M1,73.89,2.35
2026-05-25 19:30:10,M2,90.49,4.78
2026-05-25 19:30:12,M2,63.64,2.18
2026-05-25 19:30:14,M3,94.63,2.84
2026-05-25 19:30:16,M1,79.53,2.14
2026-05-25 19:30:19,M2,59.93,4.54
2026-05-25 19:30:21,M1,66.18,1.52
2026-05-25 19:30:23,M3,77.75,1.98
2026-05-25 19:30:25,M1,61.35,3.08
2026-05-25 19:30:27,M3,88.33,2.94
2026-05-25 19:30:29,M3,72.38,3.53
2026-05-25 19:30:31,M2,62.33,1.65
2026-05-25 19:30:33,M1,86.18,3.43
2026-05-25 19:30:35,M2,81.69,2.43
2026-05-25 19:30:37,M2,56.69,3.17
2026-05-25 19:30:39,M1,91.65,4.46
2026-05-25 19:30:41,M2,67.03,1.95
2026-05-25 19:30:43,M3,76.83,3.58
2026-05-25 19:30:45,M1,58.34,3.94
2026-05-25 19:30:47,M1,78.57,3.37
2026-05-25 19:30:49,M3,56.49,1.25
2026-05-25 19:30:51,M3,76.47,2.77
2026-05-25 19:30:53,M3,83.25,2.37
2026-05-25 19:30:55,M2,82.35,3.17
2026-05-25 19:30:57,M3,55.94,4.69
2026-05-25 19:30:59,M1,83.1,2.21
2026-05-25 19:31:01,M2,87.44,1.02
2026-05-25 19:31:03,M3,90.54,2.31
2026-05-25 19:31:05,M1,82.74,2.37
2026-05-25 19:31:07,M3,70.17,2.61
2026-05-25 19:31:09,M1,62.52,1.59
2026-05-25 19:31:11,M3,88.56,3.33
2026-05-25 19:31:13,M1,64.01,4.67
2026-05-25 19:31:15,M1,67.73,3.94
2026-05-25 19:31:17,M3,55.53,1.53
2026-05-25 19:31:19,M1,91.25,4.58
2026-05-25 19:31:21,M1,57.79,3.68
2026-05-25 19:31:23,M2,83.42,3.87
2026-05-25 19:31:25,M3,76.43,3.39
2026-05-25 19:31:27,M1,75.57,4.12
2026-05-25 19:31:29,M1,55.14,4.84
2026-05-25 19:31:31,M2,72.63,2.05
2026-05-25 19:31:33,M2,70.27,2.88
2026-05-25 19:31:35,M1,87.56,3.05
2026-05-25 19:31:37,M1,73.92,4.73
2026-05-25 19:31:39,M1,86.54,3.76
2026-05-25 19:31:41,M1,69.61,2.4
2026-05-25 19:31:43,M1,66.66,2.15
2026-05-25 19:31:45,M3,72.59,3.92
2026-05-25 19:31:47,M1,68.81,2.34
2026-05-25 19:31:49,M1,66.55,4.95
2026-05-25 19:31:51,M3,86.74,4.6
2026-05-25 19:31:53,M3,66.97,3.17
2026-05-25 19:31:55,M1,79.67,4.11
2026-05-25 19:31:57,M3,62.13,3.4
2026-05-25 19:31:59,M3,89.0,1.51
2026-05-25 19:32:01,M2,83.6,2.33
2026-05-25 19:32:03,M1,64.43,4.44
2026-05-25 19:32:05,M1,69.03,1.58
2026-05-25 19:32:07,M3,84.35,1.89
2026-05-25 19:32:09,M3,92.19,3.33
2026-05-25 19:32:11,M3,67.75,2.95
2026-05-25 19:32:13,M1,65.48,2.42
2026-05-25 19:32:15,M3,94.75,4.69
2026-05-25 19:32:17,M1,90.31,2.45
2026-05-25 19:32:19,M3,90.71,1.92
2026-05-25 19:32:21,M3,64.94,4.55
2026-05-25 19:32:23,M2,82.87,4.91
2026-05-25 19:32:25,M2,85.55,3.25
2026-05-25 19:32:27,M2,81.52,1.66
2026-05-25 19:32:29,M1,85.91,4.12
2026-05-25 19:32:31,M3,68.52,4.81
2026-05-25 19:32:33,M1,89.75,3.03
2026-05-25 19:32:35,M3,66.83,1.6
2026-05-25 19:32:37,M3,68.38,3.62
2026-05-25 19:32:39,M3,55.05,3.64
2026-05-25 19:32:41,M1,65.17,3.74
2026-05-25 19:32:43,M3,72.32,4.16
2026-05-25 19:32:45,M3,93.79,3.6
2026-05-25 19:32:47,M3,75.27,1.59
2026-05-25 19:32:49,M3,83.46,4.79
2026-05-25 19:32:51,M1,72.49,3.5
2026-05-25 19:32:53,M3,68.21,4.43
2026-05-25 19:32:55,M1,85.15,2.3
2026-05-25 19:32:57,M2,87.24,2.8
2026-05-25 19:32:59,M2,75.54,2.61
2026-05-25 19:33:01,M3,91.4,2.32
2026-05-25 19:33:03,M2,69.99,1.32
2026-05-25 19:33:05,M3,66.11,3.86
2026-05-25 19:33:07,M2,77.62,4.99
2026-05-25 19:33:09,M3,75.15,3.93
2026-05-25 19:33:11,M2,55.8,4.29
2026-05-25 19:33:13,M2,67.8,3.57
2026-05-25 19:33:15,M1,82.37,3.71
2026-05-25 19:33:17,M1,56.67,1.8
2026-05-25 19:33:19,M1,82.46,2.34
2026-05-25 19:33:21,M1,60.81,2.12
2026-05-25 19:33:23,M2,75.36,1.16
2026-05-25 19:33:25,M1,72.28,1.37
2026-05-25 19:33:27,M3,61.61,2.23
2026-05-25 19:33:29,M3,62.92,1.53
2026-05-25 19:33:31,M3,69.36,4.44
2026-05-25 19:33:33,M1,80.53,2.1
2026-05-25 19:33:35,M2,77.9,3.38
2026-05-25 19:33:37,M3,89.2,2.27
2026-05-25 19:33:39,M1,56.5,4.22
2026-05-25 19:33:41,M2,67.98,4.49
2026-05-25 19:33:43,M3,84.52,4.61
2026-05-25 19:33:45,M3,86.28,1.72
2026-05-25 19:33:47,M3,92.56,4.02
2026-05-25 19:33:49,M3,59.95,3.73
2026-05-25 19:33:51,M2,93.96,2.11
2026-05-25 19:33:53,M3,80.11,3.69
2026-05-25 19:33:55,M2,85.75,2.35
2026-05-25 19:33:57,M3,67.58,3.94
2026-05-25 19:33:59,M2,73.6,3.15
2026-05-25 19:34:01,M1,93.82,3.87
2026-05-25 19:34:03,M1,80.48,3.62
2026-05-25 19:34:05,M1,88.41,1.11
2026-05-25 19:34:07,M3,77.41,3.45
2026-05-25 19:34:09,M3,90.68,1.54
2026-05-25 19:34:11,M1,68.52,1.86
2026-05-25 19:34:13,M2,92.0,3.96
2026-05-25 19:34:15,M3,74.11,2.93
2026-05-25 19:34:17,M3,89.27,3.84
2026-05-25 19:34:19,M1,83.48,4.92
2026-05-25 19:34:21,M1,82.02,3.62
2026-05-25 19:34:23,M2,62.28,4.52
2026-05-25 19:34:25,M1,55.49,2.03
2026-05-25 19:34:27,M2,88.6,4.06
2026-05-25 19:34:29,M1,89.97,4.76
2026-05-25 19:34:31,M2,89.97,3.18
2026-05-25 19:34:33,M3,82.76,3.77
2026-05-25 19:34:35,M1,91.3,1.81
2026-05-25 19:34:37,M3,61.24,2.97
2026-05-25 19:34:39,M3,93.47,3.77
2026-05-25 19:34:41,M1,78.77,3.16
2026-05-25 19:34:43,M3,93.18,3.09
2026-05-25 19:34:45,M3,66.3,4.07
2026-05-25 19:34:47,M2,58.76,4.94
2026-05-25 19:34:49,M1,77.6,1.91
2026-05-25 19:34:51,M2,81.19,4.15
2026-05-25 19:34:53,M1,61.85,4.65
2026-05-25 19:34:55,M3,61.34,2.36
2026-05-25 19:34:57,M2,87.18,1.48
2026-05-25 19:34:59,M1,82.27,3.98
2026-05-25 19:35:01,M3,67.62,1.58
2026-05-25 19:35:03,M1,78.8,1.89
2026-05-25 19:35:05,M2,80.45,4.07
2026-05-25 19:35:07,M3,81.1,3.62
2026-05-25 19:35:09,M2,75.94,2.61
2026-05-25 19:35:11,M2,90.35,2.14
2026-05-25 19:35:13,M3,56.23,4.5
2026-05-25 19:35:15,M3,73.83,1.39
2026-05-25 19:35:17,M1,89.92,1.22
2026-05-25 19:35:19,M3,55.23,1.25
2026-05-25 19:35:21,M1,63.42,2.11
2026-05-25 19:35:23,M2,77.8,1.67
2026-05-25 19:35:25,M2,87.1,2.75
2026-05-25 19:35:27,M1,75.57,3.74
2026-05-25 19:35:29,M3,91.74,3.28
2026-05-25 19:35:31,M3,89.25,2.02
2026-05-25 19:35:33,M2,90.93,4.79
2026-05-25 19:35:35,M1,58.81,4.04
2026-05-25 19:35:37,M2,77.22,3.34
2026-05-25 19:35:39,M3,93.71,3.41
2026-05-25 19:35:41,M1,65.05,3.82
2026-05-25 19:35:43,M3,88.19,2.0
2026-05-25 19:35:45,M2,65.39,2.9
2026-05-25 19:35:47,M2,91.23,4.16
2026-05-25 19:35:49,M3,72.49,3.95
2026-05-25 19:35:51,M3,72.43,4.76
2026-05-25 19:35:53,M1,61.17,2.39
2026-05-25 19:35:55,M2,64.83,2.22
2026-05-25 19:35:57,M2,60.76,4.5
2026-05-25 19:35:59,M3,83.28,1.44
2026-05-25 19:36:01,M3,57.85,3.2
2026-05-25 19:36:03,M2,58.74,2.22
2026-05-25 19:36:05,M2,82.36,2.61
2026-05-25 19:36:07,M1,78.4,4.42
2026-05-25 19:36:09,M3,76.98,2.87
2026-05-25 19:36:11,M1,80.39,3.23
2026-05-25 19:36:13,M2,85.7,2.99
2026-05-25 19:36:15,M1,91.21,4.55
2026-05-25 19:36:17,M3,77.45,4.01
2026-05-25 19:36:19,M1,60.75,1.87
2026-05-25 19:36:21,M3,75.55,2.95
2026-05-25 19:36:23,M2,68.08,4.63
2026-05-25 19:36:25,M3,89.06,2.74
2026-05-25 19:36:27,M3,68.99,4.93
2026-05-25 19:36:29,M2,68.28,4.19
2026-05-25 19:36:31,M1,67.35,1.77
2026-05-25 19:36:33,M1,72.91,4.2
2026-05-25 19:36:35,M2,66.35,4.23
2026-05-25 19:36:37,M1,77.64,3.55
2026-05-25 19:36:39,M2,82.99,2.91
2026-05-25 19:36:41,M2,76.31,3.06
2026-05-25 19:36:43,M2,91.34,4.68
2026-05-25 19:36:45,M3,81.45,2.47
2026-05-25 19:36:47,M1,84.28,1.84
2026-05-25 19:36:49,M1,77.43,1.74
2026-05-25 19:36:51,M2,55.82,1.08
2026-05-25 19:36:53,M2,67.9,1.9
2026-05-25 19:36:55,M1,64.85,1.74
2026-05-25 19:36:57,M3,60.45,2.53
2026-05-25 19:36:59,M2,75.14,4.19
2026-05-25 19:37:01,M3,79.11,2.3
2026-05-25 19:37:03,M1,75.29,2.09
2026-05-25 19:37:05,M3,70.89,4.14
2026-05-25 19:37:07,M1,91.72,2.22
2026-05-25 19:37:09,M1,91.21,4.6
2026-05-25 19:37:11,M2,76.5,2.55
2026-05-25 19:37:13,M1,81.42,4.42
2026-05-25 19:37:15,M2,92.8,2.85
2026-05-25 19:37:17,M2,73.03,4.44
2026-05-25 19:37:19,M2,73.8,3.13
2026-05-25 19:37:21,M2,74.1,2.21
2026-05-25 19:37:23,M3,92.95,3.49
2026-05-25 19:37:25,M1,66.37,4.56
2026-05-25 19:37:27,M1,89.9,4.54
2026-05-25 19:37:29,M2,61.07,1.48
2026-05-25 19:37:31,M2,81.52,3.79
2026-05-25 19:37:33,M2,61.18,4.08
2026-05-25 19:37:35,M3,72.09,1.83
2026-05-25 19:37:37,M1,76.2,1.0
2026-05-25 19:37:39,M3,60.15,2.25
2026-05-25 19:37:41,M1,89.04,2.56
2026-05-25 19:37:43,M2,59.33,1.63
2026-05-25 19:37:45,M1,87.25,2.46
2026-05-25 19:37:47,M1,67.06,1.08
2026-05-25 19:37:49,M2,91.17,1.81
2026-05-25 19:37:51,M1,71.88,4.02
2026-05-25 19:37:53,M1,81.01,3.52
2026-05-25 19:37:55,M1,90.88,1.67
2026-05-25 19:37:57,M2,57.26,4.87
2026-05-25 19:37:59,M3,59.89,3.7
2026-05-25 19:38:01,M1,86.85,1.16
2026-05-25 19:38:03,M2,71.2,4.63
2026-05-25 19:38:05,M1,65.42,3.62
2026-05-25 19:38:07,M1,59.77,4.36
2026-05-25 19:38:09,M1,86.72,4.0
2026-05-25 19:38:11,M2,61.82,1.62
2026-05-25 19:38:13,M1,87.86,3.08
2026-05-25 19:38:15,M2,76.02,4.84
2026-05-25 19:38:17,M1,61.15,3.75
2026-05-25 19:38:20,M3,90.34,3.27
2026-05-25 19:38:22,M1,77.63,1.15
2026-05-25 19:38:24,M3,74.56,1.04
2026-05-25 19:38:26,M2,72.17,1.61
2026-05-25 19:38:28,M1,61.44,4.8
2026-05-25 19:38:30,M1,90.64,1.71
2026-05-25 19:38:32,M1,71.6,3.23
2026-05-25 19:38:34,M2,89.94,2.77
2026-05-25 19:38:36,M1,84.39,2.52
2026-05-25 19:38:38,M3,56.35,2.01
2026-05-25 19:38:40,M3,71.94,4.37
2026-05-25 19:38:42,M3,95.0,2.69
2026-05-25 19:38:44,M2,62.1,4.81
2026-05-25 19:38:46,M1,66.04,3.61
2026-05-25 19:38:48,M1,85.7,3.04
2026-05-25 19:38:50,M3,81.19,4.96
2026-05-25 19:38:52,M3,92.53,2.97
2026-05-25 19:38:54,M1,80.18,4.41
2026-05-25 19:38:56,M2,76.97,1.45
2026-05-25 19:38:58,M1,74.26,2.33
2026-05-25 19:39:00,M2,74.81,2.7
2026-05-25 19:39:02,M2,93.11,2.38
2026-05-25 19:39:04,M1,58.13,1.12
2026-05-25 19:39:06,M3,69.48,1.13
2026-05-25 19:39:08,M2,71.37,4.0
2026-05-25 19:39:10,M1,69.41,2.93
2026-05-25 19:39:12,M2,80.26,4.72
2026-05-25 19:39:14,M1,61.13,2.02
2026-05-25 19:39:16,M2,65.87,3.36
2026-05-25 19:39:18,M1,73.85,2.21
2026-05-25 19:39:20,M1,55.49,4.9
2026-05-25 19:39:22,M3,70.39,3.89
2026-05-25 19:39:24,M1,61.77,4.41
2026-05-25 19:39:26,M1,77.77,1.16
2026-05-25 19:39:28,M1,93.18,2.58
2026-05-25 19:39:30,M3,89.95,4.93
2026-05-25 19:39:32,M1,73.27,2.84
2026-05-25 19:39:34,M2,83.37,1.07
2026-05-25 19:39:36,M2,58.09,4.05
2026-05-25 19:39:38,M3,70.99,4.86
2026-05-25 19:39:40,M2,61.84,3.7
2026-05-25 19:39:42,M3,84.78,2.92
2026-05-25 19:39:44,M2,60.32,3.02
2026-05-25 19:39:46,M2,63.37,4.91
2026-05-25 19:39:48,M2,76.76,1.14
2026-05-25 19:39:50,M3,64.24,4.35
2026-05-25 19:39:52,M2,57.62,2.17
2026-05-25 19:39:54,M3,83.5,1.46
2026-05-25 19:39:56,M2,94.7,3.63
2026-05-25 19:39:58,M3,63.84,1.04
2026-05-25 19:40:00,M3,92.21,3.5
2026-05-25 19:40:02,M1,73.62,4.01
2026-05-25 19:40:04,M3,78.34,2.82
2026-05-25 19:40:06,M2,63.28,4.88
2026-05-25 19:40:08,M3,74.21,3.17
2026-05-25 19:40:10,M3,58.85,1.12
2026-05-25 19:40:12,M2,72.94,2.15
2026-05-25 19:40:14,M2,56.98,1.79
2026-05-25 19:40:16,M1,85.35,3.94
2026-05-25 19:40:18,M2,68.08,1.99
2026-05-25 19:40:20,M2,88.08,3.38
2026-05-25 19:40:22,M1,76.13,4.59
2026-05-25 19:40:24,M1,87.01,2.27
2026-05-25 19:40:26,M1,87.28,1.74
2026-05-25 19:40:28,M2,65.99,3.19
2026-05-25 19:40:30,M2,91.89,4.76
2026-05-25 19:40:32,M1,64.95,2.41
2026-05-25 19:40:34,M2,84.84,3.26
2026-05-25 19:40:36,M2,86.36,1.61
2026-05-25 19:40:38,M3,73.17,1.49
2026-05-25 19:40:40,M2,93.55,1.94
2026-05-25 19:40:42,M2,93.95,4.96
2026-05-25 19:40:44,M3,94.79,2.41
2026-05-25 19:40:46,M1,92.76,4.89
2026-05-25 19:40:48,M2,71.73,1.83
2026-05-25 19:40:50,M1,68.53,4.98
2026-05-25 19:40:52,M1,90.01,4.4
2026-05-25 19:40:54,M2,71.63,2.54
2026-05-25 19:40:56,M3,94.08,1.37
2026-05-25 19:40:58,M3,56.16,2.05
2026-05-25 19:41:00,M2,64.79,2.44
2026-05-25 19:41:02,M2,87.65,1.31
2026-05-25 19:41:04,M3,70.96,2.09
2026-05-25 19:41:06,M3,93.36,3.78
2026-05-25 19:41:08,M1,55.59,2.43
2026-05-25 19:41:10,M1,63.42,4.31
2026-05-25 19:41:12,M3,68.35,1.71
2026-05-25 19:41:14,M1,78.79,3.58
2026-05-25 19:41:16,M2,80.13,2.1
2026-05-25 19:41:18,M3,76.51,1.57
2026-05-25 19:41:20,M1,66.0,1.29
2026-05-25 19:41:22,M2,72.82,3.84
2026-05-25 19:41:24,M2,92.35,3.6
2026-05-25 19:41:26,M2,91.47,3.06
2026-05-25 19:41:28,M3,56.93,4.03
2026-05-25 19:41:30,M3,75.58,2.51
2026-05-25 19:41:32,M1,68.01,2.95
2026-05-25 19:41:34,M1,58.23,2.74
2026-05-25 19:41:36,M1,64.09,4.33
2026-05-25 19:41:38,M1,73.19,2.37
2026-05-25 19:41:40,M2,85.84,4.8
2026-05-25 19:41:42,M1,82.28,2.55
2026-05-25 19:41:44,M2,81.56,3.39
2026-05-25 19:41:46,M3,87.5,3.95
2026-05-25 19:41:48,M1,81.84,1.03
2026-05-25 19:41:50,M3,89.33,1.03
2026-05-25 19:41:52,M2,93.07,1.61
2026-05-25 19:41:54,M2,67.34,2.77
2026-05-25 19:41:56,M2,74.47,3.9
2026-05-25 19:41:58,M1,82.32,2.26
2026-05-25 19:42:00,M2,85.77,2.08
2026-05-25 19:42:02,M1,56.04,2.17
2026-05-25 19:42:04,M3,60.1,4.21
2026-05-25 19:42:06,M2,68.02,3.31
2026-05-25 19:42:08,M2,75.88,1.1
2026-05-25 19:42:10,M2,60.57,4.67
2026-05-25 19:42:12,M1,59.12,3.45
2026-05-25 19:42:14,M2,88.18,2.47
2026-05-25 19:42:16,M1,85.21,2.22
2026-05-25 19:42:18,M2,89.88,3.36
2026-05-25 19:42:20,M2,68.99,4.22
2026-05-25 19:42:22,M2,71.62,1.56
2026-05-25 19:42:24,M1,61.28,1.87
2026-05-25 19:42:26,M3,60.84,1.86
2026-05-25 19:42:28,M3,71.8,3.22
2026-05-25 19:42:30,M2,75.05,4.21
2026-05-25 19:42:32,M2,65.55,1.49
2026-05-25 19:42:34,M1,88.37,2.17
2026-05-25 19:42:36,M3,80.72,2.78
2026-05-25 19:42:38,M3,60.81,1.37
2026-05-25 19:42:40,M1,82.38,4.09
2026-05-25 19:42:42,M1,79.83,4.37
2026-05-25 19:42:44,M2,83.86,4.61
2026-05-25 19:42:46,M3,58.37,4.35
2026-05-25 19:42:48,M1,63.93,3.19
2026-05-25 19:42:50,M1,85.08,2.35
2026-05-25 19:42:52,M1,64.34,4.58
2026-05-25 19:42:54,M2,61.18,3.74
2026-05-25 19:42:56,M3,56.91,4.22
2026-05-25 19:42:58,M1,94.01,3.7
2026-05-25 19:43:00,M3,84.23,1.92
2026-05-25 19:43:02,M1,85.37,4.4
2026-05-25 19:43:04,M3,61.15,2.83
2026-05-25 19:43:06,M1,55.53,4.25
2026-05-25 19:43:08,M1,78.86,3.7
2026-05-25 19:43:10,M2,76.54,1.87
2026-05-25 19:43:12,M3,80.45,1.87
2026-05-25 19:43:14,M2,82.24,3.68
2026-05-25 19:43:16,M3,90.88,4.1
2026-05-25 19:43:18,M1,76.08,2.11
2026-05-25 19:43:20,M2,59.74,3.85
2026-05-25 19:43:22,M2,86.28,4.31
2026-05-25 19:43:24,M2,69.48,1.61
2026-05-25 19:43:26,M2,58.59,1.35
2026-05-25 19:43:28,M1,60.6,3.82
2026-05-25 19:43:30,M2,88.83,3.76
2026-05-25 19:43:32,M3,91.55,4.94
2026-05-25 19:43:34,M2,78.9,4.63
2026-05-25 19:43:36,M1,63.0,2.28
2026-05-25 19:43:38,M3,74.69,2.12
2026-05-25 19:43:40,M1,63.22,2.13
2026-05-25 19:43:42,M3,70.3,3.79
2026-05-25 19:43:44,M1,65.48,1.94
2026-05-25 19:43:46,M2,74.55,1.76
2026-05-25 19:43:48,M1,69.44,4.22
2026-05-25 19:43:50,M2,70.48,2.92
2026-05-25 19:43:52,M2,56.32,1.2
2026-05-25 19:43:54,M1,74.74,1.13
2026-05-25 19:43:56,M3,74.06,4.12
2026-05-25 19:43:58,M1,55.3,4.82
2026-05-25 19:44:00,M3,75.01,2.22
2026-05-25 19:44:02,M2,83.28,2.33
2026-05-25 19:44:04,M2,77.37,3.41
2026-05-25 19:44:06,M3,61.38,4.96
2026-05-25 19:44:08,M2,68.08,4.2
2026-05-25 19:44:10,M1,89.64,4.96
2026-05-25 19:44:12,M3,89.16,4.17
2026-05-25 19:44:14,M3,63.18,3.04
2026-05-25 19:44:16,M2,82.46,4.61
2026-05-25 19:44:18,M3,89.94,4.49
2026-05-25 19:44:20,M3,93.23,1.02
2026-05-25 19:44:22,M1,57.73,1.86
2026-05-25 19:44:24,M3,73.42,3.36
2026-05-25 19:44:26,M2,93.58,2.62
2026-05-25 19:44:28,M1,85.06,2.23
2026-05-25 19:44:30,M1,77.56,2.72
2026-05-25 19:44:32,M1,61.49,1.83
2026-05-25 19:44:34,M2,75.87,1.46
2026-05-25 19:44:36,M3,64.05,1.53
2026-05-25 19:44:38,M3,65.12,4.1
2026-05-25 19:44:40,M2,87.38,4.24
2026-05-25 19:44:42,M3,62.45,2.04
2026-05-25 19:44:44,M3,87.1,2.78
2026-05-25 19:44:46,M2,84.59,1.77
2026-05-25 19:44:48,M1,61.81,4.63
2026-05-25 19:44:50,M3,93.33,4.2
2026-05-25 19:44:52,M2,68.49,3.04
2026-05-25 19:44:54,M2,79.57,3.24
2026-05-25 19:44:56,M2,90.38,4.35
2026-05-25 19:44:58,M3,87.36,3.89
2026-05-25 19:45:00,M3,70.4,1.95
2026-05-25 19:45:02,M2,88.81,3.17
2026-05-25 19:45:04,M1,85.68,2.45
2026-05-25 19:45:06,M2,92.15,2.81
2026-05-25 19:45:08,M3,87.22,2.12
2026-05-25 19:45:10,M1,76.86,4.81
2026-05-25 19:45:12,M2,86.4,2.33
2026-05-25 19:45:14,M3,92.16,4.79
2026-05-25 19:45:16,M1,91.07,1.58
2026-05-25 19:45:18,M1,91.78,1.65
2026-05-25 19:45:20,M1,66.63,3.36
2026-05-25 19:45:22,M3,91.08,3.07
2026-05-25 19:45:24,M2,71.4,2.58
2026-05-25 19:45:26,M2,61.23,2.69
2026-05-25 19:45:28,M3,92.87,4.54
2026-05-25 19:45:30,M1,65.15,2.0
2026-05-25 19:45:32,M1,85.89,4.38
2026-05-25 19:45:34,M1,63.93,4.74
2026-05-25 19:45:36,M3,85.34,2.93
2026-05-25 19:45:38,M1,72.36,2.79
2026-05-25 19:45:40,M3,84.65,1.21
2026-05-25 19:45:42,M2,76.38,4.78
2026-05-25 19:45:44,M1,62.89,3.56
2026-05-25 19:45:46,M1,71.35,1.61
2026-05-25 19:45:48,M3,92.9,1.91
2026-05-25 19:45:50,M2,93.1,1.47
2026-05-25 19:45:52,M3,55.34,2.73
2026-05-25 19:45:54,M3,67.92,3.8
2026-05-25 19:45:56,M1,91.68,1.13
2026-05-25 19:45:58,M1,66.64,4.86
2026-05-25 19:46:00,M2,66.72,2.92
2026-05-25 19:46:02,M1,85.35,2.07
2026-05-25 19:46:04,M2,73.72,2.52
2026-05-25 19:46:06,M3,56.91,4.13
2026-05-25 19:46:08,M2,65.64,3.06
2026-05-25 19:46:10,M3,93.3,1.95
2026-05-25 19:46:12,M2,93.51,2.37
2026-05-25 19:46:14,M2,94.27,1.15
2026-05-25 19:46:16,M1,60.74,1.79
2026-05-25 19:46:18,M1,58.14,2.07
2026-05-25 19:46:20,M2,77.88,3.05
2026-05-25 19:46:22,M1,65.53,1.46
2026-05-25 19:46:24,M2,74.48,1.81
2026-05-25 19:46:26,M2,64.02,2.49
2026-05-25 19:46:28,M2,81.64,3.02
2026-05-25 19:46:30,M1,73.87,3.88
2026-05-25 19:46:32,M2,64.92,3.93
2026-05-25 19:46:34,M2,92.57,1.77
2026-05-25 19:46:36,M1,92.48,3.5
2026-05-25 19:46:38,M1,86.31,3.08
2026-05-25 19:46:40,M3,84.23,4.86
2026-05-25 19:46:42,M2,91.61,2.41
2026-05-25 19:46:44,M3,74.58,4.36
2026-05-25 19:46:46,M3,72.08,4.13
2026-05-25 19:46:48,M2,61.62,1.65
2026-05-25 19:46:50,M3,89.33,1.13
2026-05-25 19:46:52,M1,74.42,1.76
2026-05-25 19:46:54,M1,58.32,4.42
2026-05-25 19:46:56,M1,70.18,1.83
2026-05-25 19:46:58,M1,61.04,2.85
2026-05-25 19:47:00,M1,82.24,1.42
2026-05-25 19:47:02,M2,71.78,1.38
2026-05-25 19:47:04,M3,55.27,3.95
2026-05-25 19:47:06,M2,68.14,4.54
2026-05-25 19:47:08,M2,61.28,3.96
2026-05-25 19:47:11,M1,57.34,4.62
2026-05-25 19:47:13,M2,82.19,4.49
2026-05-25 19:47:15,M1,78.53,2.03
2026-05-25 19:47:17,M2,83.08,2.03
2026-05-25 19:47:19,M2,62.13,2.46
2026-05-25 19:47:21,M3,93.2,2.86
2026-05-25 19:47:23,M3,91.61,1.51
2026-05-25 19:47:25,M1,94.32,3.44
2026-05-25 19:47:27,M1,55.43,4.89
2026-05-25 19:47:29,M3,79.66,1.56
2026-05-25 19:47:31,M2,84.97,4.87
2026-05-25 19:47:33,M1,77.54,2.58
2026-05-25 19:47:35,M3,66.85,2.09
2026-05-25 19:47:37,M1,60.85,1.42
2026-05-25 19:47:39,M1,78.79,2.37
2026-05-25 19:47:41,M3,64.73,4.41
2026-05-25 19:47:43,M1,58.2,1.04
2026-05-25 19:47:45,M3,72.12,2.67
2026-05-25 19:47:47,M3,68.06,1.04
2026-05-25 19:47:49,M1,64.47,2.39
2026-05-25 19:47:51,M2,86.19,3.32
2026-05-25 19:47:53,M2,79.88,3.8
2026-05-25 19:47:55,M3,85.61,2.77
2026-05-25 19:47:57,M1,58.35,1.43
2026-05-25 19:47:59,M3,57.27,2.37
2026-05-25 19:48:01,M1,64.23,2.88
2026-05-25 19:48:03,M1,92.07,3.96
2026-05-25 19:48:05,M1,55.26,1.19
2026-05-25 19:48:07,M1,62.12,1.77
2026-05-25 19:48:09,M1,75.65,2.5
2026-05-25 19:48:11,M3,72.66,1.07
2026-05-25 19:48:13,M2,55.69,4.89
2026-05-25 19:48:15,M2,74.44,1.11
2026-05-25 19:48:17,M2,56.43,1.75
2026-05-25 19:48:19,M1,93.76,2.59
2026-05-25 19:48:21,M3,85.22,4.6
2026-05-25 19:48:23,M2,76.41,1.69
2026-05-25 19:48:25,M2,75.75,2.87
2026-05-25 19:48:27,M3,55.0,1.38
2026-05-25 19:48:29,M2,68.16,3.89
2026-05-25 19:48:31,M3,60.54,4.78
2026-05-25 19:48:33,M2,87.33,4.55
2026-05-25 19:48:35,M2,69.52,1.99
2026-05-25 19:48:37,M2,68.9,2.77
2026-05-25 19:48:39,M3,76.31,3.39
2026-05-25 19:48:41,M1,60.26,1.9
2026-05-25 19:48:43,M2,91.66,2.41
2026-05-25 19:48:45,M3,64.51,1.81
2026-05-25 19:48:47,M3,77.16,1.83
2026-05-25 19:48:49,M2,65.55,3.75
2026-05-25 19:48:51,M1,71.87,3.26
2026-05-25 19:48:53,M3,62.19,4.54
2026-05-25 19:48:55,M2,92.18,4.41
2026-05-25 19:48:57,M2,91.04,2.29
2026-05-25 19:48:59,M3,93.13,2.36
2026-05-25 19:49:01,M3,80.34,1.8
2026-05-25 19:49:03,M1,64.57,1.66
2026-05-25 19:49:05,M2,70.62,4.0
2026-05-25 19:49:07,M3,90.1,4.12
2026-05-25 19:49:09,M1,89.1,1.44
2026-05-25 19:49:11,M1,84.17,1.59
2026-05-25 19:49:13,M1,87.53,2.56
2026-05-25 19:49:15,M1,64.44,1.89
2026-05-25 19:49:17,M1,81.48,2.15
2026-05-25 19:49:19,M1,80.03,3.86
2026-05-25 19:49:21,M2,78.81,3.77
2026-05-25 19:49:23,M1,78.55,4.16
2026-05-25 19:49:25,M1,77.68,3.27
2026-05-25 19:49:27,M1,92.12,3.23
2026-05-25 19:49:29,M1,75.04,4.65
2026-05-25 19:49:31,M1,62.33,1.99
2026-05-25 19:49:33,M1,77.79,3.73
2026-05-25 19:49:35,M3,81.78,2.41
2026-05-25 19:49:37,M3,65.95,1.01
2026-05-25 19:49:39,M2,74.46,4.9
2026-05-25 19:49:41,M3,62.75,1.21
2026-05-25 19:49:43,M2,81.17,2.53
2026-05-25 19:49:45,M2,76.7,2.86
2026-05-25 19:49:47,M3,86.23,2.14
2026-05-25 19:49:49,M3,81.72,3.26
2026-05-25 19:49:51,M1,55.32,3.09
2026-05-25 19:49:53,M2,69.3,4.08
2026-05-25 19:49:55,M1,80.27,1.43
2026-05-25 19:49:57,M1,56.04,3.87
2026-05-25 19:49:59,M3,75.5,4.64
2026-05-25 19:50:01,M1,61.93,4.1
2026-05-25 19:50:03,M2,80.33,2.41
2026-05-25 19:50:05,M2,78.94,1.16
2026-05-25 19:50:07,M1,75.24,2.13
2026-05-25 19:50:09,M2,74.0,3.4
2026-05-25 19:50:11,M1,78.3,2.2
2026-05-25 19:50:13,M2,71.93,2.34
2026-05-25 19:50:15,M2,64.41,1.77
2026-05-25 19:50:17,M1,65.61,1.98
2026-05-25 19:50:19,M1,91.31,4.81
2026-05-25 19:50:21,M1,85.41,1.57
2026-05-25 19:50:23,M3,88.6,3.07
2026-05-25 19:50:25,M2,59.51,3.7
2026-05-25 19:50:27,M3,72.36,4.89
2026-05-25 19:50:29,M1,61.22,2.91
2026-05-25 19:50:31,M3,68.58,1.87
2026-05-25 19:50:33,M3,72.01,2.43
2026-05-25 19:50:35,M3,87.51,1.29
2026-05-25 19:50:37,M1,65.79,1.52
2026-05-25 19:50:39,M2,83.15,2.09
2026-05-25 19:50:41,M1,55.75,2.83
2026-05-25 19:50:43,M2,59.12,2.19
2026-05-25 19:50:45,M3,69.98,2.84
2026-05-25 19:50:47,M1,94.44,4.3
2026-05-25 19:50:49,M3,72.65,3.21
2026-05-25 19:50:51,M2,59.19,1.03
2026-05-25 19:50:53,M3,87.38,4.21
2026-05-25 19:50:55,M1,88.18,2.04
2026-05-25 19:50:57,M2,56.43,2.69
2026-05-25 19:50:59,M2,78.38,1.68
2026-05-25 19:51:01,M1,56.39,4.05
2026-05-25 19:51:03,M2,86.65,4.49
2026-05-25 19:51:05,M3,94.8,4.96
2026-05-25 19:51:07,M2,70.18,1.07
2026-05-25 19:51:09,M1,67.65,4.26
2026-05-25 19:51:11,M2,71.57,2.97
2026-05-25 19:51:13,M1,93.4,3.49
2026-05-25 19:51:15,M3,91.18,1.67
2026-05-25 19:51:17,M2,94.62,3.67
2026-05-25 19:51:19,M2,91.25,1.72
2026-05-25 19:51:21,M3,78.43,1.96
2026-05-25 19:51:23,M2,60.52,4.93
2026-05-25 19:51:25,M2,58.59,2.28
2026-05-25 19:51:27,M1,63.04,4.78
2026-05-25 19:51:29,M2,84.85,4.63
2026-05-25 19:51:31,M3,56.46,2.09
2026-05-25 19:51:33,M1,73.5,3.42
2026-05-25 19:51:35,M1,94.34,1.84
2026-05-25 19:51:37,M3,92.9,4.64
2026-05-25 19:51:39,M3,82.55,2.9
2026-05-25 19:51:41,M1,71.21,2.13
2026-05-25 19:51:43,M3,82.24,1.05
2026-05-25 19:51:45,M1,62.48,2.57
2026-05-25 19:51:47,M2,56.64,1.96
2026-05-25 19:51:49,M1,75.92,3.99
2026-05-25 19:51:51,M1,65.92,3.18
2026-05-25 19:51:53,M2,61.68,4.14
2026-05-25 19:51:55,M2,83.38,4.41
2026-05-25 19:51:57,M1,62.28,3.38
2026-05-25 19:51:59,M1,92.09,2.87
2026-05-25 19:52:01,M2,69.51,3.28
2026-05-25 19:52:03,M1,60.8,3.88
2026-05-25 19:52:05,M1,73.49,2.42
2026-05-25 19:52:07,M3,67.39,4.37
2026-05-25 19:52:09,M1,82.22,3.07
2026-05-25 19:52:11,M2,56.29,1.11
2026-05-25 19:52:13,M1,61.06,1.22
2026-05-25 19:52:15,M2,73.88,4.02
2026-05-25 19:52:17,M3,69.51,1.42
2026-05-25 19:52:19,M3,60.82,2.77
2026-05-25 19:52:21,M3,64.65,4.24
2026-05-25 19:52:23,M3,80.89,3.3
2026-05-25 19:52:25,M1,55.92,2.96
2026-05-25 19:52:27,M3,60.18,4.68
2026-05-25 19:52:29,M1,82.92,2.96
2026-05-25 19:52:31,M1,70.38,4.04
2026-05-25 19:52:33,M2,55.93,2.14
2026-05-25 19:52:35,M1,80.52,1.19
2026-05-25 19:52:37,M2,60.89,3.43
2026-05-25 19:52:39,M1,67.64,3.56
2026-05-25 19:52:41,M3,78.12,2.61
2026-05-25 19:52:43,M3,58.66,2.13
2026-05-25 19:52:45,M2,88.66,2.26
2026-05-25 19:52:47,M2,58.12,3.88
2026-05-25 19:52:49,M3,68.25,1.92
2026-05-25 19:52:51,M3,60.9,2.39
2026-05-25 19:52:53,M3,64.54,4.36
2026-05-25 19:52:55,M3,56.89,2.86
2026-05-25 19:52:57,M3,78.45,2.61
2026-05-25 19:52:59,M3,81.53,1.26
2026-05-25 19:53:01,M2,75.96,3.74
2026-05-25 19:53:03,M3,56.17,1.74
2026-05-25 19:53:05,M1,56.21,1.25
2026-05-25 19:53:07,M2,82.35,1.22
2026-05-25 19:53:09,M3,63.25,3.36
2026-05-25 19:53:11,M2,71.73,2.38
2026-05-25 19:53:13,M1,60.75,1.64
2026-05-25 19:53:15,M3,64.37,3.73
2026-05-25 19:53:17,M1,55.09,3.87
2026-05-25 19:53:19,M3,92.62,1.34
2026-05-25 19:53:21,M3,94.44,1.41
2026-05-25 19:53:23,M1,70.27,2.17
2026-05-25 19:53:25,M3,88.24,2.51
2026-05-25 19:53:27,M1,59.84,1.75
2026-05-25 19:53:29,M3,91.32,1.13
2026-05-25 19:53:31,M2,92.16,1.19
2026-05-25 19:53:33,M1,93.0,4.0
2026-05-25 19:53:35,M3,77.72,3.01
2026-05-25 19:53:37,M3,76.51,4.65
2026-05-25 19:53:39,M3,91.69,1.85
2026-05-25 19:53:41,M1,69.18,1.88
2026-05-25 19:53:43,M1,79.11,4.11
2026-05-25 19:53:45,M3,73.43,4.25
2026-05-25 19:53:47,M2,63.41,3.99
2026-05-25 19:53:49,M2,83.84,4.42
2026-05-25 19:53:51,M3,64.74,2.07
2026-05-25 19:53:53,M2,73.78,1.88
2026-05-25 19:53:55,M1,80.35,3.72
2026-05-25 19:53:57,M2,68.44,1.24
2026-05-25 19:53:59,M1,75.27,1.03
2026-05-25 19:54:01,M1,83.12,2.28
2026-05-25 19:54:03,M2,76.24,1.57
2026-05-25 19:54:05,M3,84.71,2.69
2026-05-25 19:54:07,M3,92.3,2.84
2026-05-25 19:54:09,M1,61.91,2.16
2026-05-25 19:54:11,M3,69.81,3.5
2026-05-25 19:54:13,M2,87.11,2.89
2026-05-25 19:54:15,M3,93.9,2.23
2026-05-25 19:54:17,M3,68.15,2.38
2026-05-25 19:54:19,M1,64.7,2.71
2026-05-25 19:54:21,M3,84.15,3.51
2026-05-25 19:54:23,M3,91.62,2.83
2026-05-25 19:54:25,M1,66.23,4.74
2026-05-25 19:54:27,M1,80.31,1.52
2026-05-25 19:54:29,M1,72.04,4.2
2026-05-25 19:54:31,M2,55.07,4.28
2026-05-25 19:54:33,M2,63.81,2.46
2026-05-25 19:54:35,M2,80.62,3.05
2026-05-25 19:54:37,M1,82.36,4.9
2026-05-25 19:54:39,M1,74.43,2.07
2026-05-25 19:54:41,M2,85.66,1.54
2026-05-25 19:54:43,M3,76.26,3.86
2026-05-25 19:54:45,M3,56.5,1.49
2026-05-25 19:54:47,M2,86.68,3.61
2026-05-25 19:54:49,M3,68.77,4.68
2026-05-25 19:54:51,M1,93.29,2.24
2026-05-25 19:54:53,M1,73.97,4.65
2026-05-25 19:54:55,M2,58.49,1.53
2026-05-25 19:54:57,M1,89.1,2.39
2026-05-25 19:54:59,M2,86.96,2.4
2026-05-25 19:55:01,M2,64.09,2.1
2026-05-25 19:55:03,M1,92.92,1.65
2026-05-25 19:55:05,M1,64.51,3.61
2026-05-25 19:55:07,M3,81.96,3.87
2026-05-25 19:55:09,M1,80.7,1.28
2026-05-25 19:55:11,M3,88.94,1.13
2026-05-25 19:55:13,M3,76.22,3.54
2026-05-25 19:55:15,M3,65.81,2.62
2026-05-25 19:55:17,M3,81.48,2.65
2026-05-25 19:55:19,M3,88.35,3.6
2026-05-25 19:55:21,M1,88.76,3.08
2026-05-25 19:55:23,M1,59.77,4.08
2026-05-25 19:55:25,M3,74.6,1.56
2026-05-25 19:55:27,M3,57.63,3.41
2026-05-25 19:55:29,M1,92.2,4.58
2026-05-25 19:55:31,M1,93.78,2.08
2026-05-25 19:55:33,M2,80.14,2.56
2026-05-25 19:55:35,M1,81.05,2.8
2026-05-25 19:55:37,M3,78.49,2.71
2026-05-25 19:55:39,M2,74.23,1.09
2026-05-25 19:55:41,M2,75.41,4.95
2026-05-25 19:55:43,M3,83.47,1.05
2026-05-25 19:55:45,M2,90.88,2.5
2026-05-25 19:55:47,M2,57.64,1.19
2026-05-25 19:55:49,M3,90.73,1.12
2026-05-25 19:55:52,M2,56.26,3.49
2026-05-25 19:55:54,M2,60.67,4.99
2026-05-25 19:55:56,M1,73.3,4.95
2026-05-25 19:55:58,M1,91.78,4.46
2026-05-25 19:56:00,M3,63.73,1.66
2026-05-25 19:56:02,M3,60.02,2.39
2026-05-25 19:56:04,M2,59.01,1.24
2026-05-25 19:56:06,M1,78.34,3.07
2026-05-25 19:56:08,M1,83.4,2.75
2026-05-25 19:56:10,M2,89.38,2.19
2026-05-25 19:56:12,M2,55.84,2.16
2026-05-25 19:56:14,M2,81.89,4.43
2026-05-25 19:56:16,M3,67.3,3.26
2026-05-25 19:56:18,M2,78.56,4.73
2026-05-25 19:56:20,M1,62.11,2.45
2026-05-25 19:56:22,M1,64.75,2.95
2026-05-25 19:56:24,M3,76.17,3.61
2026-05-25 19:56:26,M1,75.24,3.04
2026-05-25 19:56:28,M2,92.12,4.32
2026-05-25 19:56:30,M2,63.19,1.36
2026-05-25 19:56:32,M2,66.4,4.17
2026-05-25 19:56:34,M3,59.79,3.66
2026-05-25 19:56:36,M3,93.29,1.5
2026-05-25 19:56:38,M3,89.43,2.13
2026-05-25 19:56:40,M3,62.09,3.74
2026-05-25 19:56:42,M1,78.6,1.75
2026-05-25 19:56:44,M2,90.71,4.2
2026-05-25 19:56:46,M3,77.32,1.79
2026-05-25 19:56:48,M2,87.42,1.42
2026-05-25 19:56:50,M1,88.19,4.99
2026-05-25 19:56:52,M1,63.76,2.17
2026-05-25 19:56:54,M1,64.83,2.62
2026-05-25 19:56:56,M1,74.63,1.33
2026-05-25 19:56:58,M1,70.54,3.91
2026-05-25 19:57:00,M2,67.83,2.65
2026-05-25 19:57:02,M2,71.86,3.04
2026-05-25 19:57:04,M2,89.57,3.6
2026-05-25 19:57:06,M1,61.7,2.07
2026-05-25 19:57:08,M2,56.08,5.0
2026-05-25 19:57:10,M1,86.12,4.26
2026-05-25 19:57:12,M1,66.61,3.29
2026-05-25 19:57:14,M3,80.5,3.73
2026-05-25 19:57:16,M3,60.87,2.95
2026-05-25 19:57:18,M2,86.92,3.87
2026-05-25 19:57:20,M1,91.14,4.33
2026-05-25 19:57:22,M3,72.78,1.16
2026-05-25 19:57:24,M2,71.84,4.3
2026-05-25 19:57:26,M1,70.05,1.08
2026-05-25 19:57:28,M2,69.55,4.77
2026-05-25 19:57:30,M3,92.17,3.75
2026-05-25 19:57:32,M3,62.46,2.3
2026-05-25 19:57:34,M2,85.26,4.84
2026-05-25 19:57:36,M1,92.63,2.82
2026-05-25 19:57:38,M2,55.33,3.16
2026-05-25 19:57:40,M2,79.97,3.92
2026-05-25 19:57:42,M3,57.15,1.56
2026-05-25 19:57:44,M1,92.69,2.96
2026-05-25 19:57:46,M1,58.65,3.36
2026-05-25 19:57:48,M2,57.72,1.38
2026-05-25 19:57:50,M1,63.58,3.44
2026-05-25 19:57:52,M3,76.25,3.46
2026-05-25 19:57:54,M2,63.35,4.01
2026-05-25 19:57:56,M1,62.04,3.64
2026-05-25 19:57:58,M3,92.49,2.85
2026-05-25 19:58:00,M1,70.85,3.65
2026-05-25 19:58:02,M1,67.98,1.92
2026-05-25 19:58:04,M2,72.89,4.25
2026-05-25 19:58:06,M2,73.96,2.22
2026-05-25 19:58:08,M3,67.77,1.86
2026-05-25 19:58:10,M3,81.82,1.77
2026-05-25 19:58:12,M1,78.82,4.16
2026-05-25 19:58:14,M2,86.31,1.25
2026-05-25 19:58:16,M1,93.85,1.04
2026-05-25 19:58:18,M1,85.83,4.3
2026-05-25 19:58:20,M1,88.09,4.67
2026-05-25 19:58:22,M2,57.15,2.76
2026-05-25 19:58:24,M3,82.93,1.41
2026-05-25 19:58:26,M2,88.37,1.55
2026-05-25 19:58:28,M1,74.12,2.93
2026-05-25 19:58:30,M2,69.36,3.6
2026-05-25 19:58:32,M3,81.3,4.29
2026-05-25 19:58:34,M2,84.35,2.96
2026-05-25 19:58:36,M2,60.81,2.53
2026-05-25 19:58:38,M2,57.19,3.24
2026-05-25 19:58:40,M3,72.95,4.31
2026-05-25 19:58:42,M3,84.83,3.7
2026-05-25 19:58:44,M1,57.59,1.66
2026-05-25 19:58:46,M1,73.89,4.63
2026-05-25 19:58:48,M3,81.46,3.51
2026-05-25 19:58:50,M3,61.97,3.58
2026-05-25 19:58:52,M1,57.49,3.4
2026-05-25 19:58:54,M3,68.84,3.47
2026-05-25 19:58:56,M3,83.13,3.51
2026-05-25 19:58:58,M3,78.87,1.67
2026-05-25 19:59:00,M2,57.59,2.47
2026-05-25 19:59:02,M3,65.22,1.62
2026-05-25 19:59:04,M3,72.05,2.17
2026-05-25 19:59:06,M1,60.24,2.81
2026-05-25 19:59:08,M2,80.87,3.01
2026-05-25 19:59:10,M2,63.77,2.82
2026-05-25 19:59:12,M1,84.18,1.82
2026-05-25 19:59:14,M1,68.8,2.44
2026-05-25 19:59:16,M3,66.1,4.33
2026-05-25 19:59:18,M1,66.77,4.66
2026-05-25 19:59:20,M3,86.99,1.82
2026-05-25 19:59:22,M3,79.73,4.77
2026-05-25 19:59:24,M2,90.57,4.7
2026-05-25 19:59:26,M1,69.08,2.69
2026-05-25 19:59:28,M2,74.85,3.55
2026-05-25 19:59:30,M1,70.3,2.61
2026-05-25 19:59:32,M3,68.45,4.37
2026-05-25 19:59:34,M3,94.17,2.95
2026-05-25 19:59:36,M2,75.33,2.69
2026-05-25 19:59:38,M1,86.17,4.77
2026-05-25 19:59:40,M1,62.49,3.36
2026-05-25 19:59:42,M3,93.23,3.57
2026-05-25 19:59:44,M1,57.37,4.72
2026-05-25 19:59:46,M2,90.82,2.21
2026-05-25 19:59:48,M1,70.63,3.74
2026-05-25 19:59:50,M1,76.01,1.8
2026-05-25 19:59:52,M2,69.45,1.1
2026-05-25 19:59:54,M1,79.91,1.71
2026-05-25 19:59:56,M3,84.68,4.62
2026-05-25 19:59:58,M1,80.28,4.22
2026-05-25 20:00:00,M3,75.38,3.31
2026-05-25 20:00:02,M1,77.42,1.32
2026-05-25 20:00:04,M1,81.34,1.61
2026-05-25 20:00:06,M2,56.31,2.0
2026-05-25 20:00:08,M1,58.24,4.7
2026-05-25 20:00:10,M1,63.55,3.84
2026-05-25 20:00:12,M1,90.73,4.5
2026-05-25 20:00:14,M3,62.54,4.56
2026-05-25 20:00:16,M1,75.74,2.44
2026-05-25 20:00:18,M2,86.13,4.25
2026-05-25 20:00:20,M1,77.04,3.34
2026-05-25 20:00:22,M3,58.84,3.93
2026-05-25 20:00:24,M3,94.29,3.12
2026-05-25 20:00:26,M3,92.39,4.52
2026-05-25 20:00:28,M2,66.53,3.77
2026-05-25 20:00:30,M3,82.71,1.81
2026-05-25 20:00:32,M1,93.88,2.82
2026-05-25 20:00:34,M1,92.3,3.39
2026-05-25 20:00:36,M3,63.03,3.99
2026-05-25 20:00:38,M2,56.55,4.44
2026-05-25 20:00:40,M2,59.9,1.73
2026-05-25 20:00:42,M3,92.27,1.23
2026-05-25 20:00:44,M3,86.65,2.4
2026-05-25 20:00:46,M2,91.73,1.76
2026-05-25 20:00:48,M2,71.29,4.52
2026-05-25 20:00:50,M1,62.27,3.17
2026-05-25 20:00:52,M2,85.96,4.38
2026-05-25 20:00:54,M1,81.77,2.59
2026-05-25 20:00:56,M3,71.04,2.81
2026-05-25 20:00:58,M3,90.94,3.06
2026-05-25 20:01:00,M2,66.07,3.39
2026-05-25 20:01:02,M2,73.29,3.22
2026-05-25 20:01:04,M2,94.48,1.33
2026-05-25 20:01:06,M2,73.66,3.82
2026-05-25 20:01:08,M1,78.67,2.29
2026-05-25 20:01:10,M2,61.71,3.36
2026-05-25 20:01:12,M3,65.23,3.65
2026-05-25 20:01:14,M1,60.89,3.1
2026-05-25 20:01:16,M1,72.7,4.75
2026-05-25 20:01:18,M1,87.37,2.41
2026-05-25 20:01:20,M2,89.23,2.45
2026-05-25 20:01:22,M2,90.24,1.2
2026-05-25 20:01:24,M1,83.27,2.9
2026-05-25 20:01:26,M2,69.62,1.24
2026-05-25 20:01:28,M2,57.71,2.6
2026-05-25 20:01:30,M2,79.5,3.27
2026-05-25 20:01:32,M3,66.34,2.12
2026-05-25 20:01:34,M1,88.11,4.25
2026-05-25 20:01:36,M3,74.08,1.59
2026-05-25 20:01:38,M3,62.8,3.78
2026-05-25 20:01:40,M2,82.46,4.65
2026-05-25 20:01:42,M3,70.52,1.61
2026-05-25 20:01:44,M1,72.47,1.67
2026-05-25 20:01:46,M1,90.21,3.11
2026-05-25 20:01:48,M2,65.87,2.92
2026-05-25 20:01:50,M3,91.97,4.47
2026-05-25 20:01:52,M3,92.91,1.47
2026-05-25 20:01:54,M3,86.27,1.81
2026-05-25 20:01:56,M2,87.0,3.54
2026-05-25 20:01:58,M3,88.66,3.5
2026-05-25 20:02:00,M1,73.65,3.25
2026-05-25 20:02:02,M3,60.9,4.58
2026-05-25 20:02:04,M2,64.71,3.56
2026-05-25 20:02:06,M2,64.68,1.34
2026-05-25 20:02:08,M3,73.28,3.84
2026-05-25 20:02:10,M3,78.2,1.27
2026-05-25 20:02:12,M3,84.08,1.06
2026-05-25 20:02:14,M2,81.26,3.11
2026-05-25 20:02:16,M2,66.83,1.32
2026-05-25 20:02:18,M2,91.61,1.79
2026-05-25 20:02:20,M2,94.25,1.69
2026-05-25 20:02:22,M1,69.49,1.56
2026-05-25 20:02:24,M2,55.17,2.35
2026-05-25 20:02:26,M3,93.62,1.71
2026-05-25 20:02:28,M2,87.71,1.91
2026-05-25 20:02:30,M2,87.15,2.0
2026-05-25 20:02:32,M2,90.1,4.61
2026-05-25 20:02:34,M3,93.76,4.91
2026-05-25 20:02:36,M1,85.61,2.44
2026-05-25 20:02:38,M2,84.72,2.72
2026-05-25 20:02:40,M1,89.39,3.07
2026-05-25 20:02:42,M3,56.36,1.25
2026-05-25 20:02:44,M2,72.55,4.67
2026-05-25 20:02:46,M1,94.07,2.12
2026-05-25 20:02:48,M3,59.55,1.19
2026-05-25 20:02:50,M1,76.32,4.75
2026-05-25 20:02:52,M2,72.07,2.47
2026-05-25 20:02:54,M2,55.17,4.86
2026-05-25 20:02:56,M3,65.06,2.89
2026-05-25 20:02:58,M3,63.45,3.34
2026-05-25 20:03:00,M3,87.29,1.3
2026-05-25 20:03:02,M3,63.81,1.91
2026-05-25 20:03:04,M2,62.82,4.65
2026-05-25 20:03:06,M2,83.87,3.11
2026-05-25 20:03:08,M1,63.7,3.07
2026-05-25 20:03:10,M1,94.76,3.62
2026-05-25 20:03:12,M1,62.47,1.41
2026-05-25 20:03:14,M1,82.36,1.78
2026-05-25 20:03:16,M2,79.42,3.52
2026-05-25 20:03:18,M3,68.5,4.73
2026-05-25 20:03:20,M2,82.66,4.71
2026-05-25 20:03:22,M1,62.9,3.65
2026-05-25 20:03:24,M1,59.96,2.19
2026-05-25 20:03:26,M1,88.52,2.84
2026-05-25 20:03:28,M1,62.73,4.15
2026-05-25 20:03:30,M1,65.72,3.65
2026-05-25 20:03:32,M3,71.75,3.67
2026-05-25 20:03:34,M1,65.48,4.8
2026-05-25 20:03:36,M3,81.92,3.26
2026-05-25 20:03:38,M2,94.33,1.28
2026-05-25 20:03:40,M1,56.22,2.82
2026-05-25 20:03:42,M1,56.23,1.38
2026-05-25 20:03:44,M1,68.35,4.37
2026-05-25 20:03:46,M3,69.89,1.94
2026-05-25 20:03:48,M3,60.59,4.39
2026-05-25 20:03:50,M2,59.81,4.63
2026-05-25 20:03:52,M3,59.57,1.0
2026-05-25 20:03:54,M1,64.97,2.78
2026-05-25 20:03:56,M3,57.15,1.78
2026-05-25 20:03:58,M1,59.01,3.12
2026-05-25 20:04:00,M3,93.16,2.53
2026-05-25 20:04:02,M3,60.0,3.67
2026-05-25 20:04:04,M2,71.05,2.17
2026-05-25 20:04:06,M2,76.98,1.12
2026-05-25 20:04:08,M2,61.1,2.03
2026-05-25 20:04:10,M2,93.05,1.29
2026-05-25 20:04:12,M1,89.56,4.47
2026-05-25 20:04:14,M1,60.41,1.38
2026-05-25 20:04:16,M2,65.21,3.63
2026-05-25 20:04:18,M2,85.76,1.22
2026-05-25 20:04:20,M3,93.07,2.73
2026-05-25 20:04:22,M1,93.68,2.35
2026-05-25 20:04:24,M1,59.69,1.15
2026-05-25 20:04:26,M2,70.88,1.49
2026-05-25 20:04:28,M1,55.06,3.91
2026-05-25 20:04:30,M2,83.03,1.45
2026-05-25 20:04:32,M1,58.58,1.34
2026-05-25 20:04:34,M1,58.86,3.27
2026-05-25 20:04:36,M3,85.94,4.31
2026-05-25 20:04:38,M1,61.07,3.01
2026-05-25 20:04:40,M3,55.96,3.29
2026-05-25 20:04:42,M1,87.8,3.57
2026-05-25 20:04:44,M2,56.26,1.05
2026-05-25 20:04:46,M1,72.74,4.97
2026-05-25 20:04:48,M2,90.88,1.36
2026-05-25 20:04:51,M1,75.08,4.15
2026-05-25 20:04:53,M2,56.0,4.09
2026-05-25 20:04:55,M2,78.06,4.98
2026-05-25 20:04:57,M2,57.34,4.2
2026-05-25 20:04:59,M1,78.31,2.56
2026-05-25 20:05:01,M2,66.93,2.54
2026-05-25 20:05:03,M2,58.09,1.76
2026-05-25 20:05:05,M3,60.82,4.72
2026-05-25 20:05:07,M1,85.19,4.81
2026-05-25 20:05:09,M3,64.97,4.82
2026-05-25 20:05:11,M2,61.99,2.98
2026-05-25 20:05:13,M3,61.05,4.89
2026-05-25 20:05:15,M3,68.88,1.37
2026-05-25 20:05:17,M2,56.33,1.55
2026-05-25 20:05:19,M2,82.56,3.66
2026-05-25 20:05:21,M1,84.62,1.39
2026-05-25 20:05:23,M3,65.87,4.78
2026-05-25 20:05:25,M1,74.19,4.29
2026-05-25 20:05:27,M3,77.45,4.4
2026-05-25 20:05:29,M3,61.6,4.6
2026-05-25 20:05:31,M1,93.82,4.46
2026-05-25 20:05:33,M1,82.83,3.45
2026-05-25 20:05:35,M3,88.97,1.38
2026-05-25 20:05:37,M1,73.33,3.74
2026-05-25 20:05:39,M2,57.83,1.08
2026-05-25 20:05:41,M1,93.36,3.64
2026-05-25 20:05:43,M3,72.12,3.26
2026-05-25 20:05:45,M1,78.19,4.29
2026-05-25 20:05:47,M2,62.79,4.86
2026-05-25 20:05:49,M3,89.4,4.19
2026-05-25 20:05:51,M3,63.37,2.38
2026-05-25 20:05:53,M1,77.46,3.99
2026-05-25 20:05:55,M1,91.92,4.06
2026-05-25 20:05:57,M1,94.11,2.25
2026-05-25 20:05:59,M1,70.47,3.42
2026-05-25 20:06:01,M1,92.85,3.31
2026-05-25 20:06:03,M2,59.88,1.43
2026-05-25 20:06:05,M2,91.61,1.71
2026-05-25 20:06:07,M2,57.82,4.19
2026-05-25 20:06:09,M3,82.64,2.42
2026-05-25 20:06:11,M3,61.34,3.69
2026-05-25 20:06:13,M2,71.54,4.24
2026-05-25 20:06:15,M3,58.43,3.59
2026-05-25 20:06:17,M2,84.57,1.8
2026-05-25 20:06:19,M2,78.2,3.4
2026-05-25 20:06:21,M3,85.43,1.74
2026-05-25 20:06:23,M2,93.08,4.25
2026-05-25 20:06:25,M2,89.07,2.62
2026-05-25 20:06:27,M3,65.52,4.39
2026-05-25 20:06:29,M2,88.83,1.27
2026-05-25 20:06:31,M1,60.33,2.21
2026-05-25 20:06:33,M1,63.04,3.0
2026-05-25 20:06:35,M1,77.55,3.81
2026-05-25 20:06:37,M1,70.8,2.7
2026-05-25 20:06:39,M1,71.57,4.0
2026-05-25 20:06:41,M3,90.77,1.78
2026-05-25 20:06:43,M1,75.88,2.82
2026-05-25 20:06:45,M2,87.64,4.26
2026-05-25 20:06:47,M2,93.41,1.04
2026-05-25 20:06:49,M2,71.43,2.73
2026-05-25 20:06:51,M1,91.04,3.02
2026-05-25 20:06:53,M1,68.79,4.93
2026-05-25 20:06:55,M2,87.18,1.84
2026-05-25 20:06:57,M3,92.43,3.91
2026-05-25 20:06:59,M2,69.71,4.6
2026-05-25 20:07:01,M1,83.71,2.6
2026-05-25 20:07:03,M3,74.1,2.51
2026-05-25 20:07:05,M1,81.36,3.02
2026-05-25 20:07:07,M2,89.55,4.86
2026-05-25 20:07:09,M1,87.96,2.82
2026-05-25 20:07:11,M2,55.9,1.79
2026-05-25 20:07:13,M1,62.81,1.45
2026-05-25 20:07:15,M1,86.67,3.03
2026-05-25 20:07:17,M1,61.16,1.01
2026-05-25 20:07:19,M1,66.89,1.84
2026-05-25 20:07:21,M1,76.39,4.3
2026-05-25 20:07:23,M2,62.74,4.96
2026-05-25 20:07:25,M1,76.98,2.49
2026-05-25 20:07:27,M2,88.97,1.78
2026-05-25 20:07:29,M1,71.76,3.09
2026-05-25 20:07:31,M3,62.59,3.18
2026-05-25 20:07:33,M2,59.2,2.06
2026-05-25 20:07:35,M3,64.12,2.73
2026-05-25 20:07:37,M3,55.37,1.58
2026-05-25 20:07:39,M1,70.26,1.97
2026-05-25 20:07:41,M1,76.07,2.93
2026-05-25 20:07:43,M3,78.35,2.05
2026-05-25 20:07:45,M3,71.22,2.75
2026-05-25 20:07:47,M3,94.94,2.77
2026-05-25 20:07:49,M3,72.75,1.28
2026-05-25 20:07:51,M3,69.49,4.6
2026-05-25 20:07:53,M1,89.89,1.52
2026-05-25 20:07:55,M2,58.18,4.54
2026-05-25 20:07:57,M2,93.63,4.54
2026-05-25 20:07:59,M2,84.56,2.88
2026-05-25 20:08:01,M3,90.08,4.77
2026-05-25 20:08:03,M3,64.36,3.47
2026-05-25 20:08:05,M3,91.15,3.79
2026-05-25 20:08:07,M1,94.3,1.26
2026-05-25 20:08:09,M2,64.73,2.89
2026-05-25 20:08:11,M2,74.38,1.66
2026-05-25 20:08:13,M1,58.35,1.41
2026-05-25 20:08:15,M2,79.58,1.13
2026-05-25 20:08:17,M2,77.38,4.79
2026-05-25 20:08:19,M1,83.42,1.51
2026-05-25 20:08:21,M1,57.19,3.02
2026-05-25 20:08:23,M2,77.95,2.07
2026-05-25 20:08:25,M2,56.22,3.35
2026-05-25 20:08:27,M1,80.66,1.08
2026-05-25 20:08:29,M2,65.03,4.01
2026-05-25 20:08:31,M3,82.91,2.38
2026-05-25 20:08:33,M1,75.42,4.25
2026-05-25 20:08:35,M1,89.09,4.79
2026-05-25 20:08:37,M3,79.59,4.33
2026-05-25 20:08:39,M1,55.26,2.51
2026-05-25 20:08:41,M3,79.94,4.74
2026-05-25 20:08:43,M3,60.03,3.02
2026-05-25 20:08:45,M3,63.86,2.11
2026-05-25 20:08:47,M1,64.9,4.55
2026-05-25 20:08:49,M2,76.37,1.3
2026-05-25 20:08:51,M2,82.88,3.57
2026-05-25 20:08:53,M1,94.29,2.46
2026-05-25 20:08:55,M3,65.09,4.08
2026-05-25 20:08:57,M1,84.84,2.77
2026-05-25 20:08:59,M3,83.36,1.42
2026-05-25 20:09:01,M2,63.8,1.87
2026-05-25 20:09:03,M3,67.26,4.95
2026-05-25 20:09:05,M3,86.92,3.52
2026-05-25 20:09:07,M1,75.54,2.61
2026-05-25 20:09:09,M2,60.96,1.33
2026-05-25 20:09:11,M1,83.12,4.0
2026-05-25 20:09:13,M3,61.71,3.39
2026-05-25 20:09:15,M2,62.64,1.92
2026-05-25 20:09:17,M2,85.55,2.22
2026-05-25 20:09:19,M2,56.65,1.79
2026-05-25 20:09:21,M2,71.61,4.39
2026-05-25 20:09:23,M1,82.1,1.79
2026-05-25 20:09:25,M2,93.17,2.26
2026-05-25 20:09:27,M2,83.95,1.4
2026-05-25 20:09:29,M2,73.85,4.93
2026-05-25 20:09:31,M3,84.01,1.52
2026-05-25 20:09:33,M3,84.08,3.42
2026-05-25 20:09:35,M3,91.74,1.05
2026-05-25 20:09:37,M1,76.62,4.67
2026-05-25 20:09:39,M3,61.22,3.82
2026-05-25 20:09:41,M2,72.85,2.72
2026-05-25 20:09:43,M1,90.1,4.82
2026-05-25 20:09:45,M2,86.85,4.82
2026-05-25 20:09:47,M2,87.82,4.23
2026-05-25 20:09:49,M3,84.32,3.8
2026-05-25 20:09:51,M2,73.29,3.56
2026-05-25 20:09:53,M1,62.87,3.89
2026-05-25 20:09:55,M1,83.11,3.36
2026-05-25 20:09:57,M3,75.58,2.61
2026-05-25 20:09:59,M3,62.06,1.41
2026-05-25 20:10:01,M1,76.2,2.32
2026-05-25 20:10:03,M2,64.05,3.75
2026-05-25 20:10:05,M1,57.8,2.53
2026-05-25 20:10:07,M1,74.56,1.83
2026-05-25 20:10:09,M2,62.91,4.85
2026-05-25 20:10:11,M3,75.8,3.87
2026-05-25 20:10:13,M3,76.14,3.05
2026-05-25 20:10:15,M3,59.29,1.93
2026-05-25 20:10:17,M2,78.85,3.93
2026-05-25 20:10:19,M3,76.42,1.31
2026-05-25 20:10:21,M3,55.57,1.16
2026-05-25 20:10:23,M1,69.26,2.15
2026-05-25 20:10:25,M1,88.56,1.89
2026-05-25 20:10:27,M2,89.63,2.36
2026-05-25 20:10:29,M2,55.72,1.63
2026-05-25 20:10:31,M1,64.31,4.78
2026-05-25 20:10:33,M1,80.3,3.93
2026-05-25 20:10:35,M2,86.91,4.04
2026-05-25 20:10:37,M2,81.61,2.83
2026-05-25 20:10:39,M2,90.5,3.83
2026-05-25 20:10:41,M1,70.51,4.44
2026-05-25 20:10:43,M3,83.09,3.25
2026-05-25 20:10:45,M3,70.8,3.39
2026-05-25 20:10:47,M3,85.09,4.4
2026-05-25 20:10:49,M3,66.74,1.22
2026-05-25 20:10:51,M3,94.59,1.94
2026-05-25 20:10:53,M3,87.77,1.53
2026-05-25 20:10:55,M2,94.57,2.59
2026-05-25 20:10:57,M3,68.11,1.66
2026-05-25 20:10:59,M2,90.74,4.41
2026-05-25 20:11:01,M1,67.34,3.37
2026-05-25 20:11:03,M2,86.59,3.27
2026-05-25 20:11:05,M1,64.66,2.92
2026-05-25 20:11:07,M1,87.22,4.83
2026-05-25 20:11:09,M2,67.34,4.5
2026-05-25 20:11:11,M2,89.16,3.86
2026-05-25 20:11:13,M3,86.2,2.46
2026-05-25 20:11:15,M3,59.26,4.66
2026-05-25 20:11:17,M3,77.9,3.28
2026-05-25 20:11:19,M1,69.28,2.15
2026-05-25 20:11:21,M1,76.08,4.17
2026-05-25 20:11:23,M1,66.02,4.78
2026-05-25 20:11:25,M1,75.94,4.92
2026-05-25 20:11:27,M3,90.11,4.69
2026-05-25 20:11:29,M3,65.41,3.64
2026-05-25 20:11:31,M3,77.19,1.02
2026-05-25 20:11:33,M2,63.18,4.22
2026-05-25 20:11:35,M1,59.5,2.62
2026-05-25 20:11:37,M1,60.14,2.45
2026-05-25 20:11:39,M3,58.82,4.5
2026-05-25 20:11:41,M1,66.98,2.75
2026-05-25 20:11:43,M1,71.24,1.17
2026-05-25 20:11:45,M1,74.87,2.03
2026-05-25 20:11:47,M2,66.65,2.98
2026-05-25 20:11:49,M3,71.25,1.2
2026-05-25 20:11:51,M3,59.16,4.01
2026-05-25 20:11:53,M1,85.51,2.33
2026-05-25 20:11:55,M1,89.31,4.57
2026-05-25 20:11:57,M1,91.58,1.32
2026-05-25 20:11:59,M3,55.56,4.8
2026-05-25 20:12:01,M3,88.79,4.51
2026-05-25 20:12:03,M2,59.36,4.72
2026-05-25 20:12:05,M2,58.0,4.64
2026-05-25 20:12:07,M2,71.1,3.96
2026-05-25 20:12:09,M1,84.72,3.75
2026-05-25 20:12:11,M3,58.06,4.97
2026-05-25 20:12:13,M1,79.07,1.45
2026-05-25 20:12:15,M1,63.92,1.89
2026-05-25 20:12:17,M2,84.48,3.74
2026-05-25 20:12:19,M1,58.4,2.09
2026-05-25 20:12:21,M3,70.25,3.79
2026-05-25 20:12:23,M1,70.8,1.51
2026-05-25 20:12:25,M3,69.37,3.47
2026-05-25 20:12:27,M2,79.41,1.12
2026-05-25 20:12:29,M3,63.27,4.82
2026-05-25 20:12:31,M1,61.59,4.58
2026-05-25 20:12:33,M3,55.39,2.48
2026-05-25 20:12:35,M3,56.06,3.88
2026-05-25 20:12:37,M3,65.64,4.94
2026-05-25 20:12:39,M3,62.58,2.4
2026-05-25 20:12:41,M1,56.79,1.42
2026-05-25 20:12:43,M1,79.84,1.04
2026-05-25 20:12:45,M3,83.47,1.09
2026-05-25 20:12:47,M2,56.76,2.19
2026-05-25 20:12:49,M2,78.82,3.24
2026-05-25 20:12:51,M3,91.3,2.25
2026-05-25 20:12:53,M2,83.95,2.39
2026-05-25 20:12:55,M1,89.17,1.04
2026-05-25 20:12:57,M1,83.22,1.77
2026-05-25 20:12:59,M1,56.35,4.35
2026-05-25 20:13:01,M1,58.77,4.71
2026-05-25 20:13:03,M3,78.31,2.39
2026-05-25 20:13:05,M3,73.12,3.11
2026-05-25 20:13:07,M2,65.26,3.8
2026-05-25 20:13:09,M2,92.29,4.67
2026-05-25 20:13:11,M2,86.57,1.64
2026-05-25 20:13:13,M1,79.35,2.42
2026-05-25 20:13:15,M3,87.41,1.61
2026-05-25 20:13:17,M3,55.39,1.48
2026-05-25 20:13:19,M1,77.25,2.72
2026-05-25 20:13:21,M1,81.41,1.1
2026-05-25 20:13:23,M1,85.52,1.79
2026-05-25 20:13:25,M2,72.65,3.24
2026-05-25 20:13:27,M2,69.51,3.42
2026-05-25 20:13:29,M1,75.98,4.6
2026-05-25 20:13:31,M1,60.16,4.49
2026-05-25 20:13:33,M2,86.21,3.85
2026-05-25 20:13:35,M1,80.08,1.1
2026-05-25 20:13:37,M1,93.62,4.29
2026-05-25 20:13:40,M1,74.6,3.9
2026-05-25 20:13:42,M3,62.31,3.22
2026-05-25 20:13:44,M1,88.42,1.81
2026-05-25 20:13:46,M3,72.7,1.51
2026-05-25 20:13:48,M1,87.75,4.71
2026-05-25 20:13:50,M2,71.65,2.97
2026-05-25 20:13:52,M2,59.3,4.49
2026-05-25 20:13:54,M3,90.05,2.33
2026-05-25 20:13:56,M3,74.69,3.87
2026-05-25 20:13:58,M3,82.77,2.56
2026-05-25 20:14:00,M2,78.07,3.93
2026-05-25 20:14:02,M3,86.4,1.38
2026-05-25 20:14:04,M1,86.17,4.27
2026-05-25 20:14:06,M3,78.91,2.43
2026-05-25 20:14:08,M2,73.21,4.19
2026-05-25 20:14:10,M2,70.1,4.79
2026-05-25 20:14:12,M3,57.5,3.66
2026-05-25 20:14:14,M2,78.26,4.77
2026-05-25 20:14:16,M1,80.33,1.51
2026-05-25 20:14:18,M2,77.67,3.82
2026-05-25 20:14:20,M3,87.22,1.19
2026-05-25 20:14:22,M3,68.46,3.57
2026-05-25 20:14:24,M1,83.65,1.72
2026-05-25 20:14:26,M3,67.44,1.65
2026-05-25 20:14:28,M3,65.42,3.63
2026-05-25 20:14:30,M1,80.52,4.97
2026-05-25 20:14:32,M3,60.01,2.89
2026-05-25 20:14:34,M2,89.11,3.12
2026-05-25 20:14:36,M2,93.37,1.42
2026-05-25 20:14:38,M1,88.91,3.04
2026-05-25 20:14:40,M1,89.75,1.95
2026-05-25 20:14:42,M1,81.16,2.0
2026-05-25 20:14:44,M2,67.68,1.59
2026-05-25 20:14:46,M2,80.67,2.64
2026-05-25 20:14:48,M3,60.17,1.59
2026-05-25 20:14:50,M2,58.17,4.88
2026-05-25 20:14:52,M2,86.3,1.4
2026-05-25 20:14:54,M1,63.65,2.19
2026-05-25 20:14:56,M3,85.98,3.81
2026-05-25 20:14:58,M3,72.62,1.08
2026-05-25 20:15:00,M3,67.82,2.65
2026-05-25 20:15:02,M2,56.84,1.12
2026-05-25 20:15:04,M3,61.57,4.4
2026-05-25 20:15:06,M2,80.3,4.03
2026-05-25 20:15:08,M3,79.04,3.55
2026-05-25 20:15:10,M3,66.53,3.53
2026-05-25 20:15:12,M1,90.93,4.74
2026-05-25 20:15:14,M2,66.12,1.36
2026-05-25 20:15:16,M3,61.57,3.02
2026-05-25 20:15:18,M2,92.21,2.0
2026-05-25 20:15:20,M1,66.2,2.37
2026-05-25 20:15:22,M1,88.67,1.62
2026-05-25 20:15:24,M2,55.47,3.25
2026-05-25 20:15:26,M1,77.9,4.69
2026-05-25 20:15:28,M3,74.96,3.69
2026-05-25 20:15:30,M3,62.89,1.33
2026-05-25 20:15:32,M1,80.68,3.57
2026-05-25 20:15:34,M2,60.01,4.17
2026-05-25 20:15:36,M3,78.72,4.68
2026-05-25 20:15:38,M2,76.9,3.89
2026-05-25 20:15:40,M3,81.24,3.34
2026-05-25 20:15:42,M2,61.04,3.44
2026-05-25 20:15:44,M2,56.46,4.21
2026-05-25 20:15:46,M1,76.91,3.96
2026-05-25 20:15:48,M1,63.45,1.67
2026-05-25 20:15:50,M2,82.92,4.06
2026-05-25 20:15:52,M2,94.84,1.37
2026-05-25 20:15:54,M2,88.05,2.24
2026-05-25 20:15:56,M2,57.74,1.43
2026-05-25 20:15:58,M3,90.57,3.31
2026-05-25 20:16:00,M1,93.11,1.63
2026-05-25 20:16:02,M3,56.14,1.38
2026-05-25 20:16:04,M3,66.08,1.42
2026-05-25 20:16:06,M2,56.68,2.44
2026-05-25 20:16:08,M2,94.93,4.93
2026-05-25 20:16:10,M1,86.5,2.25
2026-05-25 20:16:12,M2,59.86,1.93
2026-05-25 20:16:14,M1,90.3,2.66
2026-05-25 20:16:16,M2,74.34,3.44
2026-05-25 20:16:18,M1,78.39,3.8
2026-05-25 20:16:20,M3,93.52,3.19
2026-05-25 20:16:22,M1,59.16,1.57
2026-05-25 20:16:24,M3,63.05,4.33
2026-05-25 20:16:26,M2,86.96,3.57
2026-05-25 20:16:28,M2,58.09,1.91
2026-05-25 20:16:30,M3,71.55,4.24
2026-05-25 20:16:32,M3,61.07,3.99
2026-05-25 20:16:34,M3,81.8,3.01
2026-05-25 20:16:36,M2,73.21,1.04
2026-05-25 20:16:38,M3,64.74,3.84
2026-05-25 20:16:40,M2,86.11,3.13
2026-05-25 20:16:42,M1,87.79,3.08
2026-05-25 20:16:44,M3,65.85,1.47
2026-05-25 20:16:46,M3,59.07,4.67
2026-05-25 20:16:48,M1,78.86,2.18
2026-05-25 20:16:50,M3,74.51,4.92
2026-05-25 20:16:52,M3,72.5,1.63
2026-05-25 20:16:54,M1,69.0,3.16
2026-05-25 20:16:56,M2,85.0,3.98
2026-05-25 20:16:58,M3,85.0,3.25
2026-05-25 20:17:00,M2,94.62,3.58
2026-05-25 20:17:02,M2,66.65,2.6
2026-05-25 20:17:04,M2,91.7,3.14
2026-05-25 20:17:06,M3,87.93,1.48
2026-05-25 20:17:08,M1,67.69,4.63
2026-05-25 20:17:10,M1,88.95,3.96
2026-05-25 20:17:12,M3,88.88,3.6
2026-05-25 20:17:14,M2,67.69,3.95
2026-05-25 20:17:16,M3,68.36,4.12
2026-05-25 20:17:18,M2,73.31,4.88
2026-05-25 20:17:20,M1,58.31,2.43
2026-05-25 20:17:22,M2,90.43,4.45
2026-05-25 20:17:24,M1,83.67,1.43
2026-05-25 20:17:26,M3,76.43,4.99
2026-05-25 20:17:28,M1,71.0,1.85
2026-05-25 20:17:30,M3,86.28,4.96
2026-05-25 20:17:32,M2,78.37,1.16
2026-05-25 20:17:34,M1,56.68,1.47
2026-05-25 20:17:36,M2,77.96,1.45
2026-05-25 20:17:38,M3,77.36,4.7
2026-05-25 20:17:40,M1,89.4,2.49
2026-05-25 20:17:42,M2,87.9,3.28
2026-05-25 20:17:44,M3,73.78,4.79
2026-05-25 20:17:46,M3,65.44,1.13
2026-05-25 20:17:48,M2,70.36,2.84
2026-05-25 20:17:50,M1,78.55,4.72
2026-05-25 20:17:52,M3,55.8,3.58
2026-05-25 20:17:54,M3,93.95,2.6
2026-05-25 20:17:56,M3,80.91,1.24
2026-05-25 20:17:58,M1,80.5,4.84
2026-05-25 20:18:00,M3,86.74,3.34
2026-05-25 20:18:02,M3,94.73,4.36
2026-05-25 20:18:04,M3,94.84,2.98
2026-05-25 20:18:06,M1,82.58,2.07
2026-05-25 20:18:08,M2,56.44,1.02
2026-05-25 20:18:10,M3,58.68,3.92
2026-05-25 20:18:12,M1,69.1,4.58
2026-05-25 20:18:14,M1,57.57,1.83
2026-05-25 20:18:16,M2,80.25,4.08
2026-05-25 20:18:18,M2,80.35,3.03
2026-05-25 20:18:20,M3,87.55,3.51
2026-05-25 20:18:22,M1,59.48,3.1
2026-05-25 20:18:24,M3,82.04,2.02
2026-05-25 20:18:26,M3,86.11,2.95
2026-05-25 20:18:28,M2,77.01,2.98
2026-05-25 20:18:30,M2,62.07,4.31
2026-05-25 20:18:32,M3,77.48,1.45
2026-05-25 20:18:34,M3,85.27,2.25
2026-05-25 20:18:36,M2,73.65,4.58
2026-05-25 20:18:38,M2,74.85,1.06
2026-05-25 20:18:40,M2,57.65,2.03
2026-05-25 20:18:42,M1,85.04,2.99
2026-05-25 20:18:44,M1,58.96,1.0
2026-05-25 20:18:46,M3,79.34,4.23
2026-05-25 20:18:48,M2,83.85,4.94
2026-05-25 20:18:50,M2,57.27,4.27
2026-05-25 20:18:52,M1,73.01,2.71
2026-05-25 20:18:54,M3,62.82,3.17
2026-05-25 20:18:56,M1,75.57,2.26
2026-05-25 20:18:58,M3,78.22,3.89
2026-05-25 20:19:00,M1,61.33,3.43
2026-05-25 20:19:02,M3,73.23,2.16
2026-05-25 20:19:04,M2,57.55,3.6
2026-05-25 20:19:06,M2,73.28,2.58
2026-05-25 20:19:08,M2,86.86,4.89
2026-05-25 20:19:10,M1,87.95,3.52
2026-05-25 20:19:12,M2,94.0,1.9
2026-05-25 20:19:14,M3,58.03,3.46
2026-05-25 20:19:16,M3,76.69,2.34
2026-05-25 20:19:18,M2,62.15,4.95
2026-05-25 20:19:20,M1,77.69,3.43
2026-05-25 20:19:22,M3,88.42,1.86
2026-05-25 20:19:24,M3,94.93,1.66
2026-05-25 20:19:26,M3,56.2,3.38
2026-05-25 20:19:28,M2,64.98,1.3
2026-05-25 20:19:30,M3,76.73,1.32
2026-05-25 20:19:32,M2,72.36,2.74
2026-05-25 20:19:34,M2,81.49,4.51
2026-05-25 20:19:36,M2,68.16,4.09
2026-05-25 20:19:38,M1,87.01,2.45
2026-05-25 20:19:40,M2,62.0,3.72
2026-05-25 20:19:42,M1,75.27,3.7
2026-05-25 20:19:44,M1,84.81,1.92
2026-05-25 20:19:46,M1,85.73,4.44
2026-05-25 20:19:48,M3,62.44,4.89
2026-05-25 20:19:50,M3,77.75,2.31
2026-05-25 20:19:52,M2,66.18,3.99
2026-05-25 20:19:54,M1,79.03,4.61
2026-05-25 20:19:56,M2,73.18,3.1
2026-05-25 20:19:58,M2,89.72,2.37
2026-05-25 20:20:00,M2,84.53,3.09
2026-05-25 20:20:02,M1,91.72,2.16
2026-05-25 20:20:04,M1,76.08,3.74
2026-05-25 20:20:06,M3,78.56,1.97
2026-05-25 20:20:08,M3,62.43,2.86
2026-05-25 20:20:10,M3,87.94,2.01
2026-05-25 20:20:12,M1,79.42,1.37
2026-05-25 20:20:14,M2,59.52,2.53
2026-05-25 20:20:16,M1,55.23,3.53
2026-05-25 20:20:18,M1,85.73,2.27
2026-05-25 20:20:20,M3,58.89,2.43
2026-05-25 20:20:22,M2,83.93,2.53
2026-05-25 20:20:24,M1,65.83,4.11
2026-05-25 20:20:26,M1,56.86,4.42
2026-05-25 20:20:28,M3,73.32,3.4
2026-05-25 20:20:30,M3,74.36,1.86
2026-05-25 20:20:32,M2,69.38,3.28
2026-05-25 20:20:34,M3,82.87,1.27
2026-05-25 20:20:36,M1,76.19,3.78
2026-05-25 20:20:38,M3,93.41,3.99
2026-05-25 20:20:40,M1,93.88,2.77
2026-05-25 20:20:42,M2,84.5,2.55
2026-05-25 20:20:44,M3,91.21,1.29
2026-05-25 20:20:46,M2,93.69,3.1
2026-05-25 20:20:48,M2,80.42,3.93
2026-05-25 20:20:50,M2,79.83,1.21
2026-05-25 20:20:52,M2,87.17,4.88
2026-05-25 20:20:54,M3,75.88,4.24
2026-05-25 20:20:56,M1,66.19,3.47
2026-05-25 20:20:58,M2,59.74,2.91
2026-05-25 20:21:00,M2,72.48,1.77
2026-05-25 20:21:02,M3,78.55,1.18
2026-05-25 20:21:04,M1,68.14,2.36
2026-05-25 20:21:06,M2,76.29,4.38
2026-05-25 20:21:08,M3,93.63,3.08
2026-05-25 20:21:10,M3,74.27,4.24
2026-05-25 20:21:12,M3,58.57,2.51
2026-05-25 20:21:14,M1,59.12,1.1
2026-05-25 20:21:16,M2,57.07,1.63
2026-05-25 20:21:18,M3,68.71,1.87
2026-05-25 20:21:20,M1,61.75,4.43
2026-05-25 20:21:22,M3,62.08,1.15
2026-05-25 20:21:24,M3,75.97,4.15
2026-05-25 20:21:26,M1,65.67,1.55
2026-05-25 20:21:28,M3,76.13,1.7
2026-05-25 20:21:30,M3,78.73,4.64
2026-05-25 20:21:32,M1,66.84,1.63
2026-05-25 20:21:34,M1,72.02,1.52
2026-05-25 20:21:36,M3,56.43,2.01
2026-05-25 20:21:38,M2,85.43,3.07
2026-05-25 20:21:40,M1,79.23,2.56
2026-05-25 20:21:42,M1,58.11,3.51
2026-05-25 20:21:44,M1,67.61,1.69
2026-05-25 20:21:46,M1,66.11,1.38
2026-05-25 20:21:48,M1,65.99,2.17
2026-05-25 20:21:50,M2,57.49,1.15
2026-05-25 20:21:52,M3,77.36,1.71
2026-05-25 20:21:54,M1,63.55,3.53
2026-05-25 20:21:56,M1,73.2,2.02
2026-05-25 20:21:58,M3,76.37,1.18
2026-05-25 20:22:00,M1,85.75,3.69
2026-05-25 20:22:02,M3,61.28,2.93
2026-05-25 20:22:04,M1,69.7,1.02
2026-05-25 20:22:06,M3,75.14,1.25
2026-05-25 20:22:08,M3,77.36,1.36
2026-05-25 20:22:10,M2,59.02,4.77
2026-05-25 20:22:12,M2,57.85,3.71
2026-05-25 20:22:14,M2,70.77,2.49
2026-05-25 20:22:16,M2,88.27,1.66
2026-05-25 20:22:18,M2,71.18,3.64
2026-05-25 20:22:21,M2,87.89,3.03
2026-05-25 20:22:23,M1,89.68,2.89
2026-05-25 20:22:25,M3,76.98,1.54
2026-05-25 20:22:27,M2,74.19,3.28
2026-05-25 20:22:29,M3,65.24,2.92
2026-05-25 20:22:31,M3,71.89,1.17
2026-05-25 20:22:33,M3,74.39,1.51
2026-05-25 20:22:35,M1,57.02,4.43
2026-05-25 20:22:37,M2,68.83,4.57
2026-05-25 20:22:39,M1,60.5,2.84
2026-05-25 20:22:41,M2,83.58,2.68
2026-05-25 20:22:43,M3,65.14,4.79
2026-05-25 20:22:45,M3,73.74,3.97
2026-05-25 20:22:47,M1,89.23,2.41
2026-05-25 20:22:49,M3,77.9,1.16
2026-05-25 20:22:51,M2,62.36,3.45
2026-05-25 20:22:53,M1,68.99,1.42
2026-05-25 20:22:55,M1,55.24,3.9
2026-05-25 20:22:57,M2,83.84,4.88
2026-05-25 20:22:59,M3,85.1,2.3
2026-05-25 20:23:01,M3,70.6,1.53
2026-05-25 20:23:03,M3,62.95,3.17
2026-05-25 20:23:05,M1,89.28,4.67
2026-05-25 20:23:07,M1,81.91,2.67
2026-05-25 20:23:09,M3,65.87,3.58
2026-05-25 20:23:11,M2,68.69,3.69
2026-05-25 20:23:13,M1,74.66,4.35
2026-05-25 20:23:15,M3,92.52,4.94
2026-05-25 20:23:17,M2,92.93,3.96
2026-05-25 20:23:19,M3,58.72,2.98
2026-05-25 20:23:21,M2,86.64,3.77
2026-05-25 20:23:23,M2,56.94,3.14
2026-05-25 20:23:25,M1,84.15,3.4
2026-05-25 20:23:27,M1,81.98,2.83
2026-05-25 20:23:29,M1,63.29,4.94
2026-05-25 20:23:31,M1,87.89,2.07
2026-05-25 20:23:33,M3,76.99,1.67
2026-05-25 20:23:35,M3,88.6,4.89
2026-05-25 20:23:37,M3,89.92,3.18
2026-05-25 20:23:39,M1,83.3,1.78
2026-05-25 20:23:41,M1,58.46,1.12
2026-05-25 20:23:43,M2,76.81,3.68
2026-05-25 20:23:45,M2,91.49,4.3
2026-05-25 20:23:47,M3,81.62,1.86
2026-05-25 20:23:49,M2,66.37,3.14
2026-05-25 20:23:51,M3,59.48,4.73
2026-05-25 20:23:53,M1,65.93,4.06
2026-05-25 20:23:55,M2,78.52,1.09
2026-05-25 20:23:57,M3,61.93,3.02
2026-05-25 20:23:59,M2,83.45,2.35
2026-05-25 20:24:01,M3,56.72,2.59
2026-05-25 20:24:03,M3,77.74,4.67
2026-05-25 20:24:05,M3,56.77,4.92
2026-05-25 20:24:07,M3,69.98,3.32
2026-05-25 20:24:09,M3,92.04,2.28
2026-05-25 20:24:11,M1,62.65,3.81
2026-05-25 20:24:13,M1,62.68,2.75
2026-05-25 20:24:15,M1,74.98,3.69
2026-05-25 20:24:17,M2,76.31,1.48
2026-05-25 20:24:19,M3,64.94,3.19
2026-05-25 20:24:21,M3,68.97,1.82
2026-05-25 20:24:23,M3,87.97,2.08
2026-05-25 20:24:25,M3,74.66,4.04
2026-05-25 20:24:27,M1,74.53,1.08
2026-05-25 20:24:29,M1,62.47,3.11
2026-05-25 20:24:31,M3,60.56,4.17
2026-05-25 20:24:33,M2,62.56,4.03
2026-05-25 20:24:35,M3,59.3,4.95
2026-05-25 20:24:37,M2,78.0,1.05
2026-05-25 20:24:39,M2,79.08,3.62
2026-05-25 20:24:41,M2,75.38,4.7
2026-05-25 20:24:43,M1,88.69,3.96
2026-05-25 20:24:45,M2,56.21,4.4
2026-05-25 20:24:47,M2,84.76,3.4
2026-05-25 20:24:49,M1,55.52,3.0
2026-05-25 20:24:51,M3,63.94,1.09
2026-05-25 20:24:53,M1,91.49,1.2
2026-05-25 20:24:55,M3,57.51,3.95
2026-05-25 20:24:57,M1,75.15,3.51
2026-05-25 20:24:59,M2,94.79,4.31
2026-05-25 20:25:01,M1,76.19,4.7
2026-05-25 20:25:03,M2,59.52,2.76
2026-05-25 20:25:05,M2,73.29,1.04
2026-05-25 20:25:07,M2,59.78,4.85
2026-05-25 20:25:09,M3,73.07,4.03
2026-05-25 20:25:11,M1,94.13,3.5
2026-05-25 20:25:13,M3,75.31,3.84
2026-05-25 20:25:15,M2,59.6,3.9
2026-05-25 20:25:17,M2,68.23,3.06
2026-05-25 20:25:19,M1,89.86,2.63
2026-05-25 20:25:21,M1,74.93,4.92
2026-05-25 20:25:23,M3,55.1,1.97
2026-05-25 20:25:25,M2,87.38,1.68
2026-05-25 20:25:27,M2,93.92,3.64
2026-05-25 20:25:29,M2,77.51,2.85
2026-05-25 20:25:31,M3,71.58,2.13
2026-05-25 20:25:33,M2,88.73,2.52
2026-05-25 20:25:35,M2,68.61,4.69
2026-05-25 20:25:37,M2,90.26,2.5
2026-05-25 20:25:39,M1,62.85,2.8
2026-05-25 20:25:41,M3,74.6,2.18
2026-05-25 20:25:43,M2,59.17,1.78
2026-05-25 20:25:45,M2,60.33,1.69
2026-05-25 20:25:47,M1,84.37,2.42
2026-05-25 20:25:49,M3,78.35,4.13
2026-05-25 20:25:51,M1,68.82,2.73
2026-05-25 20:25:53,M2,69.95,2.26
2026-05-25 20:25:55,M1,70.45,4.92
2026-05-25 20:25:57,M3,61.9,4.4
2026-05-25 20:25:59,M2,94.24,3.14
2026-05-25 20:26:01,M1,58.55,2.6
2026-05-25 20:26:03,M2,66.42,3.99
2026-05-25 20:26:05,M3,71.49,3.38
2026-05-25 20:26:07,M1,94.32,3.89
2026-05-25 20:26:09,M1,82.89,3.5
2026-05-25 20:26:11,M2,89.97,1.71
2026-05-25 20:26:13,M1,74.55,2.68
2026-05-25 20:26:15,M3,70.2,2.71
2026-05-25 20:26:17,M1,62.59,4.04
2026-05-25 20:26:19,M2,86.76,2.83
2026-05-25 20:26:21,M3,69.45,4.16
2026-05-25 20:26:23,M1,78.71,2.68
2026-05-25 20:26:25,M1,81.78,1.65
2026-05-25 20:26:27,M2,67.66,1.37
2026-05-25 20:26:29,M1,76.09,2.96
2026-05-25 20:26:31,M1,66.23,4.33
2026-05-25 20:26:33,M3,58.86,1.39
2026-05-25 20:26:35,M2,76.3,3.47
2026-05-25 20:26:37,M2,93.3,2.61
2026-05-25 20:26:39,M3,60.3,3.5
2026-05-25 20:26:41,M3,81.98,3.56
2026-05-25 20:26:43,M2,83.68,3.37
2026-05-25 20:26:45,M3,63.6,3.04
2026-05-25 20:26:47,M1,85.91,1.08
2026-05-25 20:26:49,M2,69.25,4.66
2026-05-25 20:26:51,M3,62.73,4.89
2026-05-25 20:26:53,M2,83.06,4.94
2026-05-25 20:26:55,M1,72.2,2.51
2026-05-25 20:26:57,M1,63.17,3.83
2026-05-25 20:26:59,M2,88.96,1.03
2026-05-25 20:27:01,M3,64.27,3.47
2026-05-25 20:27:03,M3,58.81,4.29
2026-05-25 20:27:05,M2,71.15,2.56
2026-05-25 20:27:07,M2,55.08,3.1
2026-05-25 20:27:09,M3,77.89,1.5
2026-05-25 20:27:11,M1,61.7,1.39
2026-05-25 20:27:13,M1,58.12,3.84
2026-05-25 20:27:15,M2,58.81,3.95
2026-05-25 20:27:17,M3,76.65,1.47
2026-05-25 20:27:19,M2,92.92,2.59
2026-05-25 20:27:21,M2,65.17,3.27
2026-05-25 20:27:23,M1,94.46,3.3
2026-05-25 20:27:25,M1,55.67,1.8
2026-05-25 20:27:27,M1,58.01,3.22
2026-05-25 20:27:29,M2,76.74,1.02
2026-05-25 20:27:31,M2,92.13,4.18
2026-05-25 20:27:33,M1,66.01,3.74
2026-05-25 20:27:35,M1,60.84,4.45
2026-05-25 20:27:37,M2,87.74,2.72
2026-05-25 20:27:39,M2,76.31,3.99
2026-05-25 20:27:41,M2,88.55,1.19
2026-05-25 20:27:43,M3,89.61,2.95
2026-05-25 20:27:45,M1,83.21,3.54
2026-05-25 20:27:47,M1,72.08,1.63
2026-05-25 20:27:49,M2,82.35,4.01
2026-05-25 20:27:51,M1,83.72,2.51
2026-05-25 20:27:53,M1,86.37,3.18
2026-05-25 20:27:55,M3,83.8,4.67
2026-05-25 20:27:57,M3,63.97,4.17
2026-05-25 20:27:59,M3,60.69,2.01
2026-05-25 20:28:01,M3,68.14,4.96
2026-05-25 20:28:03,M2,77.82,2.66
2026-05-25 20:28:05,M1,79.76,4.56
2026-05-25 20:28:07,M3,87.43,1.79
2026-05-25 20:28:09,M3,69.48,4.09
2026-05-25 20:28:11,M3,72.3,1.36
2026-05-25 20:28:13,M2,89.17,2.8
2026-05-25 20:28:15,M1,82.59,2.56
2026-05-25 20:28:17,M1,74.12,2.51
2026-05-25 20:28:19,M3,55.22,3.11
2026-05-25 20:28:21,M2,64.64,1.69
2026-05-25 20:28:23,M3,89.38,3.62
2026-05-25 20:28:25,M3,81.12,3.32
2026-05-25 20:28:27,M3,76.69,3.11
2026-05-25 20:28:29,M3,92.52,1.5
2026-05-25 20:28:31,M3,86.93,3.1
2026-05-25 20:28:33,M1,84.94,2.01
2026-05-25 20:28:35,M2,78.15,3.83
2026-05-25 20:28:37,M3,72.4,3.95
2026-05-25 20:28:39,M1,81.87,1.55
2026-05-25 20:28:41,M3,59.6,4.82
2026-05-25 20:28:43,M2,64.08,1.89
2026-05-25 20:28:45,M2,92.21,1.72
2026-05-25 20:28:47,M3,85.7,2.93
2026-05-25 20:28:49,M1,60.38,4.18
2026-05-25 20:28:51,M2,87.74,2.54
2026-05-25 20:28:53,M1,94.06,4.35
2026-05-25 20:28:55,M2,61.22,2.88
2026-05-25 20:28:57,M3,57.03,3.49
2026-05-25 20:28:59,M3,80.96,4.0
2026-05-25 20:29:01,M2,91.77,3.92
2026-05-25 20:29:03,M2,89.32,1.81
2026-05-25 20:29:05,M1,66.63,2.31
2026-05-25 20:29:07,M3,78.59,2.16
2026-05-25 20:29:09,M2,55.36,3.56
2026-05-25 20:29:11,M2,64.4,4.2
2026-05-25 20:29:13,M2,80.58,3.96
2026-05-25 20:29:15,M3,57.17,3.31
2026-05-25 20:29:17,M1,62.93,3.69
2026-05-25 20:29:19,M1,61.31,4.77
2026-05-25 20:29:21,M2,76.34,1.99
2026-05-25 20:29:23,M2,81.65,1.85
2026-05-25 20:29:25,M2,82.11,2.21
2026-05-25 20:29:27,M2,75.15,1.78
2026-05-25 20:29:29,M1,93.85,1.92
2026-05-25 20:29:31,M3,64.82,2.46
2026-05-25 20:29:33,M1,77.16,4.25
2026-05-25 20:29:35,M2,59.44,4.81
2026-05-25 20:29:37,M2,76.18,3.56
2026-05-25 20:29:39,M3,61.61,1.01
2026-05-25 20:29:41,M2,65.86,4.76
2026-05-25 20:29:43,M1,70.78,1.81
2026-05-25 20:29:45,M3,57.06,3.24
2026-05-25 20:29:47,M1,83.9,1.3
2026-05-25 20:29:49,M2,89.3,3.13
2026-05-25 20:29:51,M3,60.83,4.75
2026-05-25 20:29:53,M2,66.43,3.86
2026-05-25 20:29:55,M2,75.79,5.0
2026-05-25 20:29:57,M3,76.25,1.88
2026-05-25 20:29:59,M2,78.51,1.42
2026-05-25 20:30:01,M2,60.28,4.15
2026-05-25 20:30:03,M3,56.42,4.38
2026-05-25 20:30:05,M3,89.12,3.52
2026-05-25 20:30:07,M2,69.94,4.83
2026-05-25 20:30:09,M2,73.13,3.81
2026-05-25 20:30:11,M2,63.58,3.73
2026-05-25 20:30:13,M3,67.35,2.56
2026-05-25 20:30:15,M1,57.25,3.19
2026-05-25 20:30:17,M2,77.5,2.89
2026-05-25 20:30:19,M2,69.42,3.9
2026-05-25 20:30:21,M3,76.51,3.22
2026-05-25 20:30:23,M3,77.09,4.69
2026-05-25 20:30:25,M1,57.89,4.12
2026-05-25 20:30:27,M1,82.97,3.99
2026-05-25 20:30:29,M2,91.86,1.55
2026-05-25 20:30:31,M3,72.1,3.98
2026-05-25 20:30:33,M1,70.11,2.85
2026-05-25 20:30:35,M1,75.93,1.78
2026-05-25 20:30:37,M2,63.79,1.1
2026-05-25 20:30:39,M2,63.76,4.18
2026-05-25 20:30:41,M3,85.53,1.41
2026-05-25 20:30:43,M3,85.83,4.37
2026-05-25 20:30:45,M3,61.77,1.55
2026-05-25 20:30:47,M2,85.54,3.53
2026-05-25 20:30:49,M1,78.68,2.93
2026-05-25 20:30:51,M1,91.6,1.09
2026-05-25 20:30:53,M1,62.78,4.75
2026-05-25 20:30:55,M1,63.88,4.35
2026-05-25 20:30:57,M2,89.22,3.62
2026-05-25 20:30:59,M2,66.81,4.3
2026-05-25 20:31:01,M2,68.59,3.11
2026-05-25 20:31:03,M3,60.78,3.5
2026-05-25 20:31:05,M1,57.22,1.88
2026-05-25 20:31:07,M3,82.06,1.01
2026-05-25 20:31:09,M3,75.96,1.53
2026-05-25 20:31:11,M3,58.11,2.1
2026-05-25 20:31:13,M1,57.39,1.89
2026-05-25 20:31:15,M1,55.77,1.22
2026-05-25 20:31:18,M2,93.57,2.52
2026-05-25 20:31:20,M2,89.53,4.24
2026-05-25 20:31:22,M2,75.93,1.16
2026-05-25 20:31:24,M1,76.2,1.24
2026-05-25 20:31:26,M3,68.55,2.54
2026-05-25 20:31:28,M3,72.71,2.94
2026-05-25 20:31:30,M2,69.86,1.41
2026-05-25 20:31:32,M3,76.86,4.66
2026-05-25 20:31:34,M1,93.03,4.46
2026-05-25 20:31:36,M2,94.96,4.55
2026-05-25 20:31:38,M3,89.53,2.21
2026-05-25 20:31:40,M3,71.26,1.53
2026-05-25 20:31:42,M3,56.46,2.61
2026-05-25 20:31:44,M3,81.49,1.52
2026-05-25 20:31:46,M2,85.79,4.26
2026-05-25 20:31:48,M2,94.94,1.37
2026-05-25 20:31:50,M1,74.17,4.11
2026-05-25 20:31:52,M3,56.24,4.03
2026-05-25 20:31:54,M1,62.26,1.59
2026-05-25 20:31:56,M2,88.12,3.32
2026-05-25 20:31:58,M1,87.88,4.03
2026-05-25 20:32:00,M3,75.62,3.1
2026-05-25 20:32:02,M1,57.25,2.59
2026-05-25 20:32:04,M2,60.68,1.22
2026-05-25 20:32:06,M1,93.66,2.73
2026-05-25 20:32:08,M1,61.87,4.83
2026-05-25 20:32:10,M3,88.87,3.94
2026-05-25 20:32:12,M3,90.93,3.04
2026-05-25 20:32:14,M3,83.52,3.54
2026-05-25 20:32:16,M2,76.1,3.53
2026-05-25 20:32:18,M3,89.56,3.71
2026-05-25 20:32:20,M2,75.07,2.84
2026-05-25 20:32:22,M1,60.94,3.51
2026-05-25 20:32:24,M1,82.58,3.77
2026-05-25 20:32:26,M3,93.59,3.47
2026-05-25 20:32:28,M3,75.79,4.0
2026-05-25 20:32:30,M2,62.33,3.64
2026-05-25 20:32:32,M1,84.42,3.48
2026-05-25 20:32:34,M1,61.98,4.1
2026-05-25 20:32:36,M1,62.94,4.5
2026-05-25 20:32:38,M3,59.31,4.23
2026-05-25 20:32:40,M2,89.09,3.31
2026-05-25 20:32:42,M3,72.9,1.07
2026-05-25 20:32:44,M3,72.31,4.23
2026-05-25 20:32:46,M2,60.05,2.19
2026-05-25 20:32:48,M2,80.53,2.28
2026-05-25 20:32:50,M3,86.78,2.77
2026-05-25 20:32:52,M3,83.57,1.67
2026-05-25 20:32:54,M3,73.1,1.67
2026-05-25 20:32:56,M2,73.81,4.03
2026-05-25 20:32:58,M2,72.19,4.52
2026-05-25 20:33:00,M1,75.71,3.84
2026-05-25 20:33:02,M1,55.31,3.76
2026-05-25 20:33:04,M3,56.82,4.74
2026-05-25 20:33:06,M3,66.72,1.53
2026-05-25 20:33:08,M2,62.88,4.97
2026-05-25 20:33:10,M3,92.62,3.98
2026-05-25 20:33:12,M2,75.87,2.41
2026-05-25 20:33:14,M1,75.77,4.54
2026-05-25 20:33:16,M2,89.93,4.45
2026-05-25 20:33:18,M2,69.04,3.83
2026-05-25 20:33:20,M1,80.35,2.05
2026-05-25 20:33:22,M2,69.31,2.37
2026-05-25 20:33:24,M1,74.94,3.61
2026-05-25 20:33:26,M1,84.95,2.12
2026-05-25 20:33:28,M1,72.29,2.69
2026-05-25 20:33:30,M3,66.15,3.93
2026-05-25 20:33:32,M3,61.58,2.04
2026-05-25 20:33:34,M1,72.07,3.45
2026-05-25 20:33:36,M3,64.56,3.14
2026-05-25 20:33:38,M1,74.38,1.07
2026-05-25 20:33:40,M2,82.28,1.06
2026-05-25 20:33:42,M2,92.42,1.05
2026-05-25 20:33:44,M1,81.61,3.39
2026-05-25 20:33:46,M3,76.23,1.33
2026-05-25 20:33:48,M2,80.05,1.04
2026-05-25 20:33:50,M1,92.66,2.36
2026-05-25 20:33:52,M2,86.99,3.01
2026-05-25 20:33:54,M2,69.06,3.01
2026-05-25 20:33:56,M2,62.53,1.63
2026-05-25 20:33:58,M1,88.88,4.88
2026-05-25 20:34:00,M2,84.07,2.5
2026-05-25 20:34:02,M1,89.07,4.36
2026-05-25 20:34:04,M1,68.57,4.26
2026-05-25 20:34:06,M2,94.78,2.27
2026-05-25 20:34:08,M1,78.85,3.41
2026-05-25 20:34:10,M1,59.22,1.76
2026-05-25 20:34:12,M2,76.98,4.42
2026-05-25 20:34:14,M1,75.54,4.06
2026-05-25 20:34:16,M3,78.48,1.94
2026-05-25 20:34:18,M3,78.25,1.46
2026-05-25 20:34:20,M3,74.36,1.28
2026-05-25 20:34:22,M2,62.91,1.38
2026-05-25 20:34:24,M1,87.51,3.12
2026-05-25 20:34:26,M2,60.53,4.46
2026-05-25 20:34:28,M2,81.16,3.0
2026-05-25 20:34:30,M3,71.94,4.82
2026-05-25 20:34:32,M2,84.9,1.57
2026-05-25 20:34:34,M3,55.03,2.8
2026-05-25 20:34:36,M1,82.29,2.29
2026-05-25 20:34:38,M1,78.3,2.98
2026-05-25 20:34:40,M1,80.01,1.19
2026-05-25 20:34:42,M1,58.24,1.56
2026-05-25 20:34:44,M1,89.46,1.39
2026-05-25 20:34:46,M1,69.6,3.42
2026-05-25 20:34:48,M1,81.09,1.07
2026-05-25 20:34:50,M2,82.75,4.21
2026-05-25 20:34:52,M3,55.07,3.98
2026-05-25 20:34:54,M3,67.68,1.66
2026-05-25 20:34:56,M1,75.16,2.32
2026-05-25 20:34:58,M1,62.94,3.32
2026-05-25 20:35:00,M1,84.33,2.76
2026-05-25 20:35:02,M3,79.24,4.14
2026-05-25 20:35:04,M2,90.92,3.85
2026-05-25 20:35:06,M2,92.89,2.06
2026-05-25 20:35:08,M1,57.75,2.36
2026-05-25 20:35:10,M2,81.76,3.52
2026-05-25 20:35:12,M3,90.7,2.13
2026-05-25 20:35:14,M1,78.54,2.62
2026-05-25 20:35:16,M1,71.51,3.23
2026-05-25 20:35:18,M3,87.44,2.27
2026-05-25 20:35:20,M3,63.66,1.74
2026-05-25 20:35:22,M1,57.35,3.21
2026-05-25 20:35:24,M3,62.96,3.99
2026-05-25 20:35:26,M1,89.97,4.43
2026-05-25 20:35:28,M1,59.53,1.54
2026-05-25 20:35:30,M1,92.58,1.84
2026-05-25 20:35:32,M2,85.31,2.86
2026-05-25 20:35:34,M3,92.31,3.95
2026-05-25 20:35:36,M1,75.18,4.51
2026-05-25 20:35:38,M1,78.97,4.57
2026-05-25 20:35:40,M3,79.82,2.98
2026-05-25 20:35:42,M3,55.86,3.69
2026-05-25 20:35:44,M2,73.47,1.92
2026-05-25 20:35:46,M3,75.81,4.51
2026-05-25 20:35:48,M1,58.57,2.97
2026-05-25 20:35:50,M2,94.98,1.14
2026-05-25 20:35:52,M3,75.27,1.98
2026-05-25 20:35:54,M3,69.47,2.83
2026-05-25 20:35:56,M2,80.62,1.64
2026-05-25 20:35:58,M2,91.53,4.69
2026-05-25 20:36:00,M3,86.13,2.54
2026-05-25 20:36:02,M2,81.58,4.63
2026-05-25 20:36:04,M1,73.01,4.1
2026-05-25 20:36:06,M1,79.08,3.71
2026-05-25 20:36:08,M1,67.3,2.89
2026-05-25 20:36:10,M3,72.55,2.67
2026-05-25 20:36:12,M1,60.11,2.08
2026-05-25 20:36:14,M2,89.64,2.09
2026-05-25 20:36:16,M2,56.47,2.54
2026-05-25 20:36:18,M1,72.76,2.6
2026-05-25 20:36:20,M2,69.62,1.48
2026-05-25 20:36:22,M3,82.45,1.92
2026-05-25 20:36:24,M2,83.31,1.48
2026-05-25 20:36:26,M2,82.32,1.16
2026-05-25 20:36:28,M2,90.83,1.25
2026-05-25 20:36:30,M3,69.25,2.93
2026-05-25 20:36:32,M2,71.27,3.26
2026-05-25 20:36:34,M1,68.46,2.8
2026-05-25 20:36:36,M1,69.49,4.14
2026-05-25 20:36:38,M1,77.49,2.16
2026-05-25 20:36:40,M1,65.77,3.99
2026-05-25 20:36:42,M3,60.0,1.97
2026-05-25 20:36:44,M1,59.77,1.21
2026-05-25 20:36:46,M3,58.57,3.47
2026-05-25 20:36:48,M2,61.98,1.43
2026-05-25 20:36:50,M2,71.82,4.14
2026-05-25 20:36:52,M3,94.39,4.2
2026-05-25 20:36:54,M3,92.77,2.24
2026-05-25 20:36:56,M3,92.23,1.66
2026-05-25 20:36:58,M1,60.51,4.56
2026-05-25 20:37:00,M3,66.87,3.47
2026-05-25 20:37:02,M2,84.51,2.31
2026-05-25 20:37:04,M3,88.46,1.3
2026-05-25 20:37:06,M3,72.56,1.39
2026-05-25 20:37:08,M2,81.43,2.98
2026-05-25 20:37:10,M3,64.96,4.61
2026-05-25 20:37:12,M2,81.76,4.19
2026-05-25 20:37:14,M3,85.3,3.11
2026-05-25 20:37:16,M2,90.85,2.77
2026-05-25 20:37:18,M2,92.13,3.94
2026-05-25 20:37:20,M1,91.01,3.64
2026-05-25 20:37:22,M2,63.25,3.63
2026-05-25 20:37:24,M2,64.76,2.34
2026-05-25 20:37:26,M3,74.65,4.33
2026-05-25 20:37:28,M1,61.09,2.25
2026-05-25 20:37:30,M2,70.89,2.29
2026-05-25 20:37:32,M1,65.86,4.73
2026-05-25 20:37:34,M2,83.8,4.33
2026-05-25 20:37:36,M1,85.08,4.91
2026-05-25 20:37:38,M3,88.35,3.88
2026-05-25 20:37:40,M3,61.3,3.46
2026-05-25 20:37:42,M1,76.33,4.21
2026-05-25 20:37:44,M1,55.41,3.12
2026-05-25 20:37:46,M1,75.29,2.56
2026-05-25 20:37:48,M3,94.8,4.79
2026-05-25 20:37:50,M1,62.47,2.12
2026-05-25 20:37:52,M3,80.25,3.14
2026-05-25 20:37:54,M3,86.42,3.66
2026-05-25 20:37:56,M1,79.11,2.08
2026-05-25 20:37:58,M3,88.95,2.07
2026-05-25 20:38:00,M1,92.89,2.89
2026-05-25 20:38:02,M1,59.3,4.6
2026-05-25 20:38:04,M1,89.74,1.47
2026-05-25 20:38:06,M3,89.93,3.03
2026-05-25 20:38:08,M1,80.18,2.7
2026-05-25 20:38:10,M2,61.78,4.86
2026-05-25 20:38:12,M3,76.46,2.94
2026-05-25 20:38:14,M1,72.74,4.74
2026-05-25 20:38:16,M2,92.29,2.17
2026-05-25 20:38:18,M1,74.06,1.14
2026-05-25 20:38:20,M3,89.19,2.52
2026-05-25 20:38:22,M1,61.46,1.93
2026-05-25 20:38:24,M2,78.97,1.26
2026-05-25 20:38:26,M2,87.85,3.43
2026-05-25 20:38:28,M2,77.48,1.65
2026-05-25 20:38:30,M2,62.55,1.47
2026-05-25 20:38:32,M1,55.12,4.24
2026-05-25 20:38:34,M2,75.39,2.56
2026-05-25 20:38:36,M2,62.35,4.73
2026-05-25 20:38:38,M3,84.15,3.94
2026-05-25 20:38:40,M2,63.82,4.62
2026-05-25 20:38:42,M3,83.09,1.45
2026-05-25 20:38:44,M2,68.26,1.06
2026-05-25 20:38:46,M3,68.02,2.23
2026-05-25 20:38:48,M1,83.95,2.54
2026-05-25 20:38:50,M3,73.28,4.25
2026-05-25 20:38:52,M1,74.28,3.46
2026-05-25 20:38:54,M1,92.54,3.21
2026-05-25 20:38:56,M1,60.29,3.03
2026-05-25 20:38:58,M3,71.63,1.92
2026-05-25 20:39:00,M1,65.96,1.92
2026-05-25 20:39:02,M1,84.5,4.14
2026-05-25 20:39:04,M1,70.72,2.46
2026-05-25 20:39:06,M3,72.67,1.13
2026-05-25 20:39:08,M2,68.95,3.16
2026-05-25 20:39:10,M2,65.55,2.79
2026-05-25 20:39:12,M3,55.51,1.23
2026-05-25 20:39:14,M2,84.26,1.68
2026-05-25 20:39:16,M2,84.95,3.68
2026-05-25 20:39:18,M3,76.81,4.37
2026-05-25 20:39:20,M2,68.69,4.85
2026-05-25 20:39:22,M1,81.8,3.82
2026-05-25 20:39:24,M1,56.18,2.76
2026-05-25 20:39:26,M2,82.76,4.52
2026-05-25 20:39:28,M2,70.18,1.8
2026-05-25 20:39:30,M2,61.1,1.64
2026-05-25 20:39:32,M1,76.62,2.48
2026-05-25 20:39:34,M3,72.82,1.6
2026-05-25 20:39:36,M1,73.14,1.28
2026-05-25 20:39:38,M1,87.7,1.3
2026-05-25 20:39:40,M3,92.06,4.53
2026-05-25 20:39:42,M1,92.42,4.7
2026-05-25 20:39:45,M2,60.84,3.69
2026-05-25 20:39:47,M1,69.96,2.25
2026-05-25 20:39:49,M1,87.37,1.15
2026-05-25 20:39:51,M3,58.67,4.67
2026-05-25 20:39:53,M2,73.3,2.32
2026-05-25 20:39:55,M1,87.84,2.03
2026-05-25 20:39:57,M1,55.7,4.9
2026-05-25 20:39:59,M2,64.03,3.94
2026-05-25 20:40:01,M1,92.86,2.55
2026-05-25 20:40:03,M3,79.98,1.79
2026-05-25 20:40:05,M1,69.8,2.7
2026-05-25 20:40:07,M3,58.23,4.3
2026-05-25 20:40:09,M1,69.25,2.36
2026-05-25 20:40:11,M1,59.57,2.63
2026-05-25 20:40:13,M1,77.58,4.52
2026-05-25 20:40:15,M1,88.37,1.98
2026-05-25 20:40:17,M3,91.96,1.69
2026-05-25 20:40:19,M2,77.63,2.62
2026-05-25 20:40:21,M2,58.88,4.25
2026-05-25 20:40:23,M2,91.72,4.38
2026-05-25 20:40:25,M1,83.53,4.22
2026-05-25 20:40:27,M1,91.29,1.5
2026-05-25 20:40:29,M1,68.3,3.34
2026-05-25 20:40:31,M1,72.91,4.08
2026-05-25 20:40:33,M3,71.21,3.93
2026-05-25 20:40:35,M1,87.49,2.31
2026-05-25 20:40:37,M2,57.88,3.69
2026-05-25 20:40:39,M1,80.35,3.39
2026-05-25 20:40:41,M3,64.67,3.18
2026-05-25 20:40:43,M1,71.1,1.67
2026-05-25 20:40:45,M3,65.87,1.15
2026-05-25 20:40:47,M3,93.85,1.32
2026-05-25 20:40:49,M1,93.55,4.57
2026-05-25 20:40:51,M3,63.28,2.55
2026-05-25 20:40:53,M1,77.11,1.94
2026-05-25 20:40:55,M1,66.21,4.26
2026-05-25 20:40:57,M2,62.88,4.25
2026-05-25 20:40:59,M2,75.92,4.36
2026-05-25 20:41:01,M1,83.17,2.65
2026-05-25 20:41:03,M1,70.69,4.16
2026-05-25 20:41:05,M1,80.93,2.93
2026-05-25 20:41:07,M1,89.27,4.91
2026-05-25 20:41:09,M1,88.04,4.02
2026-05-25 20:41:11,M2,65.37,2.27
2026-05-25 20:41:13,M3,65.01,1.63
2026-05-25 20:41:15,M3,60.21,2.81
2026-05-25 20:41:17,M3,85.85,1.45
2026-05-25 20:41:19,M1,85.74,1.71
2026-05-25 20:41:21,M2,73.4,4.64
2026-05-25 20:41:23,M1,94.25,3.5
2026-05-25 20:41:25,M3,67.78,4.99
2026-05-25 20:41:27,M1,87.78,4.18
2026-05-25 20:41:29,M3,82.79,2.44
2026-05-25 20:41:31,M2,59.08,2.04
2026-05-25 20:41:33,M3,89.14,2.14
2026-05-25 20:41:35,M3,74.49,4.41
2026-05-25 20:41:37,M2,75.05,4.95
2026-05-25 20:41:39,M2,55.86,2.17
2026-05-25 20:41:41,M1,84.95,4.94
2026-05-25 20:41:43,M3,76.09,3.23
2026-05-25 20:41:45,M1,57.14,4.75
2026-05-25 20:41:47,M2,84.97,2.41
2026-05-25 20:41:49,M3,78.16,1.45
2026-05-25 20:41:51,M2,88.87,4.32
2026-05-25 20:41:53,M2,74.94,3.64
2026-05-25 20:41:55,M3,82.29,4.99
2026-05-25 20:41:57,M3,78.36,1.54
2026-05-25 20:41:59,M2,72.67,3.31
2026-05-25 20:42:01,M1,65.49,4.47
2026-05-25 20:42:03,M1,93.88,2.76
2026-05-25 20:42:05,M1,79.52,2.92
2026-05-25 20:42:07,M3,62.25,1.15
2026-05-25 20:42:09,M3,89.02,4.21
2026-05-25 20:42:11,M2,57.33,3.56
2026-05-25 20:42:13,M2,93.84,4.87
2026-05-25 20:42:15,M2,61.34,2.56
2026-05-25 20:42:17,M3,75.24,1.62
2026-05-25 20:42:19,M2,80.18,3.94
2026-05-25 20:42:21,M3,77.72,1.44
2026-05-25 20:42:23,M2,76.15,3.96
2026-05-25 20:42:25,M1,63.59,3.58
2026-05-25 20:42:27,M3,90.49,1.78
2026-05-25 20:42:29,M1,69.82,4.11
2026-05-25 20:42:31,M1,59.06,4.57
2026-05-25 20:42:33,M3,94.3,3.22
2026-05-25 20:42:35,M1,77.39,3.47
2026-05-25 20:42:37,M3,90.93,4.54
2026-05-25 20:42:39,M2,94.35,1.89
2026-05-25 20:42:41,M1,74.36,3.37
2026-05-25 20:42:43,M2,87.76,1.3
2026-05-25 20:42:45,M1,88.74,3.77
2026-05-25 20:42:47,M1,69.57,2.11
2026-05-25 20:42:49,M2,81.56,3.08
2026-05-25 20:42:51,M3,59.15,2.43
2026-05-25 20:42:53,M1,92.6,2.32
2026-05-25 20:42:55,M2,73.42,3.04
2026-05-25 20:42:57,M2,78.56,4.37
2026-05-25 20:42:59,M1,82.88,3.1
2026-05-25 20:43:01,M2,90.55,1.84
2026-05-25 20:43:03,M2,92.45,1.7
2026-05-25 20:43:05,M2,92.68,4.7
2026-05-25 20:43:07,M1,60.03,1.74
2026-05-25 20:43:09,M1,87.13,3.45
2026-05-25 20:43:11,M1,90.18,1.2
2026-05-25 20:43:13,M1,76.94,2.31
2026-05-25 20:43:15,M1,77.78,1.34
2026-05-25 20:43:17,M2,78.51,1.3
2026-05-25 20:43:19,M2,91.95,3.1
2026-05-25 20:43:21,M3,87.65,2.83
2026-05-25 20:43:23,M2,59.44,3.91
2026-05-25 20:43:25,M3,93.95,1.69
2026-05-25 20:43:27,M1,70.16,3.51
2026-05-25 20:43:29,M3,90.74,3.24
2026-05-25 20:43:31,M3,84.62,1.23
2026-05-25 20:43:33,M1,60.49,3.51
2026-05-25 20:43:35,M1,57.98,4.76
2026-05-25 20:43:37,M3,77.05,2.71
2026-05-25 20:43:39,M3,79.19,2.06
2026-05-25 20:43:41,M3,59.08,2.89
2026-05-25 20:43:43,M1,84.35,1.86
2026-05-25 20:43:45,M1,69.17,4.28
2026-05-25 20:43:47,M3,62.3,3.6
2026-05-25 20:43:49,M3,72.01,3.93
2026-05-25 20:43:51,M1,64.94,3.65
2026-05-25 20:43:53,M3,66.83,2.54
2026-05-25 20:43:55,M2,60.62,4.57
2026-05-25 20:43:57,M2,68.19,4.82
2026-05-25 20:43:59,M1,90.25,3.66
2026-05-25 20:44:01,M2,90.16,3.03
2026-05-25 20:44:03,M1,90.37,2.15
2026-05-25 20:44:05,M1,65.19,2.21
2026-05-25 20:44:07,M1,68.25,2.91
2026-05-25 20:44:09,M1,63.87,3.6
2026-05-25 20:44:11,M3,69.95,3.04
2026-05-25 20:44:13,M1,84.84,1.87
2026-05-25 20:44:15,M1,84.18,1.76
2026-05-25 20:44:17,M1,69.27,1.34
2026-05-25 20:44:19,M1,62.7,4.21
2026-05-25 20:44:21,M3,59.46,1.52
2026-05-25 20:44:23,M2,87.57,2.82
2026-05-25 20:44:25,M3,85.98,1.99
2026-05-25 20:44:27,M1,61.99,4.72
2026-05-25 20:44:29,M2,57.42,1.62
2026-05-25 20:44:31,M1,61.56,3.64
2026-05-25 20:44:33,M2,71.92,1.2
2026-05-25 20:44:35,M3,87.8,4.54
2026-05-25 20:44:37,M3,77.24,1.86
2026-05-25 20:44:39,M2,92.4,3.12
2026-05-25 20:44:41,M1,93.91,4.21
2026-05-25 20:44:43,M1,87.14,2.85
2026-05-25 20:44:45,M2,55.18,2.02
2026-05-25 20:44:47,M3,87.74,4.4
2026-05-25 20:44:49,M3,83.41,2.16
2026-05-25 20:44:51,M3,67.45,2.57
2026-05-25 20:44:53,M2,78.4,4.19
2026-05-25 20:44:55,M2,75.8,3.48
2026-05-25 20:44:57,M3,86.42,2.47
2026-05-25 20:44:59,M1,72.31,3.92
2026-05-25 20:45:01,M3,80.54,3.34
2026-05-25 20:45:03,M1,81.57,4.03
2026-05-25 20:45:05,M3,73.27,4.95
2026-05-25 20:45:07,M3,62.26,3.33
2026-05-25 20:45:09,M2,81.57,1.83
2026-05-25 20:45:11,M3,63.19,1.95
2026-05-25 20:45:13,M2,87.75,1.28
2026-05-25 20:45:15,M3,74.0,3.63
2026-05-25 20:45:18,M2,55.45,1.57
2026-05-25 20:45:20,M1,55.47,3.25
2026-05-25 20:45:22,M1,94.7,1.69
2026-05-25 20:45:24,M3,62.64,3.49
2026-05-25 20:45:26,M2,87.51,1.8
2026-05-25 20:45:28,M3,64.12,3.03
2026-05-25 20:45:30,M1,88.05,4.0
2026-05-25 20:45:32,M3,83.8,4.94
2026-05-25 20:45:34,M2,93.14,3.61
2026-05-25 20:45:36,M3,72.82,3.82
2026-05-25 20:45:38,M1,84.22,3.86
2026-05-25 20:45:40,M3,80.62,1.97
2026-05-25 20:45:42,M3,76.45,3.87
2026-05-25 20:45:44,M1,81.84,4.42
2026-05-25 20:45:46,M3,94.7,1.8
2026-05-25 20:45:48,M1,56.51,2.53
2026-05-25 20:45:50,M2,77.64,4.82
2026-05-25 20:45:52,M3,88.31,2.93
2026-05-25 20:45:54,M3,71.82,3.97
2026-05-25 20:45:56,M1,88.73,4.46
2026-05-25 20:45:58,M2,77.48,4.25
2026-05-25 20:46:00,M2,81.12,2.57
2026-05-25 20:46:02,M2,80.53,2.47
2026-05-25 20:46:04,M3,93.48,4.04
2026-05-25 20:46:06,M3,55.33,2.91
2026-05-25 20:46:08,M3,74.0,4.66
2026-05-25 20:46:10,M2,86.07,2.15
2026-05-25 20:46:12,M2,94.39,2.01
2026-05-25 20:46:14,M3,91.87,4.24
2026-05-25 20:46:16,M3,81.18,1.06
2026-05-25 20:46:18,M2,89.53,1.09
2026-05-25 20:46:20,M3,62.38,1.63
2026-05-25 20:46:22,M3,60.24,4.28
2026-05-25 20:46:24,M1,87.09,3.27
2026-05-25 20:46:26,M3,61.33,4.24
2026-05-25 20:46:28,M1,71.53,4.54
2026-05-25 20:46:30,M1,91.98,3.05
2026-05-25 20:46:32,M2,90.48,1.12
2026-05-25 20:46:34,M3,57.6,3.32
2026-05-25 20:46:36,M3,91.56,3.44
2026-05-25 20:46:38,M1,67.15,4.12
2026-05-25 20:46:40,M1,79.61,2.01
2026-05-25 20:46:42,M2,82.7,3.06
2026-05-25 20:46:44,M2,84.34,4.33
2026-05-25 20:46:46,M2,79.75,2.67
2026-05-25 20:46:48,M2,56.67,4.85
2026-05-25 20:46:50,M2,63.33,4.21
2026-05-25 20:46:52,M1,89.53,1.07
2026-05-25 20:46:54,M2,82.86,2.26
2026-05-25 20:46:56,M2,81.81,1.19
2026-05-25 20:46:58,M2,71.45,1.84
2026-05-25 20:47:00,M2,89.02,4.36
2026-05-25 20:47:02,M1,74.42,2.74
2026-05-25 20:47:04,M3,91.3,4.25
2026-05-25 20:47:06,M2,67.85,4.18
2026-05-25 20:47:08,M3,94.59,2.66
2026-05-25 20:47:10,M1,73.17,2.47
2026-05-25 20:47:12,M3,75.95,1.21
2026-05-25 20:47:14,M2,67.98,4.78
2026-05-25 20:47:16,M3,69.66,4.95
2026-05-25 20:47:18,M1,75.01,3.69
2026-05-25 20:47:20,M3,56.26,3.81
2026-05-25 20:47:22,M2,89.55,4.99
2026-05-25 20:47:24,M2,81.88,4.81
2026-05-25 20:47:26,M1,79.16,3.92
2026-05-25 20:47:28,M1,66.35,2.99
2026-05-25 20:47:30,M1,60.62,3.4
2026-05-25 20:47:32,M3,61.18,3.17
2026-05-25 20:47:34,M2,76.29,4.72
2026-05-25 20:47:36,M2,65.46,1.73
2026-05-25 20:47:38,M1,82.73,4.16
2026-05-25 20:47:40,M2,67.87,2.71
2026-05-25 20:47:42,M3,83.73,3.18
2026-05-25 20:47:44,M1,73.8,2.53
2026-05-25 20:47:46,M2,58.91,1.5
2026-05-25 20:47:48,M1,84.84,1.44
2026-05-25 20:47:50,M1,58.77,4.73
2026-05-25 20:47:52,M2,57.65,2.58
2026-05-25 20:47:54,M3,81.82,3.95
2026-05-25 20:47:56,M3,93.84,1.63
2026-05-25 20:47:58,M2,91.0,3.76
2026-05-25 20:48:00,M2,92.47,4.57
2026-05-25 20:48:02,M2,70.44,3.41
2026-05-25 20:48:04,M1,71.82,3.62
2026-05-25 20:48:06,M2,87.71,2.61
2026-05-25 20:48:08,M3,92.11,3.48
2026-05-25 20:48:10,M3,85.17,4.51
2026-05-25 20:48:12,M3,92.38,2.01
2026-05-25 20:48:14,M3,90.49,4.6
2026-05-25 20:48:16,M1,74.81,1.33
2026-05-25 20:48:18,M3,71.75,2.1
2026-05-25 20:48:20,M3,81.02,4.12
2026-05-25 20:48:22,M1,67.72,1.47
2026-05-25 20:48:24,M3,70.01,3.14
2026-05-25 20:48:26,M3,84.13,1.75
2026-05-25 20:48:28,M3,94.91,4.19
2026-05-25 20:48:30,M2,55.45,3.09
2026-05-25 20:48:32,M2,91.42,4.72
2026-05-25 20:48:34,M1,94.68,2.33
2026-05-25 20:48:36,M2,58.53,4.53
2026-05-25 20:48:38,M3,73.69,4.75
2026-05-25 20:48:40,M1,56.39,2.04
2026-05-25 20:48:42,M1,87.43,1.22
2026-05-25 20:48:44,M2,63.03,2.86
2026-05-25 20:48:46,M3,69.74,4.43
2026-05-25 20:48:48,M1,77.88,2.23
2026-05-25 20:48:50,M3,62.2,3.7
2026-05-25 20:48:52,M2,92.82,3.0
2026-05-25 20:48:54,M1,73.44,4.36
2026-05-25 20:48:56,M1,69.01,3.04
2026-05-25 20:48:58,M2,55.73,1.83
2026-05-25 20:49:00,M2,87.14,3.85
2026-05-25 20:49:02,M3,55.0,1.87
2026-05-25 20:49:04,M2,55.58,1.81
2026-05-25 20:49:06,M3,81.27,3.59
2026-05-25 20:49:08,M2,83.66,2.77
2026-05-25 20:49:10,M2,64.87,2.99
2026-05-25 20:49:12,M1,77.93,1.78
2026-05-25 20:49:14,M2,58.62,2.63
2026-05-25 20:49:16,M2,79.4,2.52
2026-05-25 20:49:18,M3,91.83,1.38
2026-05-25 20:49:20,M2,57.91,1.9
2026-05-25 20:49:22,M2,60.35,4.16
2026-05-25 20:49:24,M3,57.22,1.82
2026-05-25 20:49:26,M1,74.58,4.92
2026-05-25 20:49:28,M2,63.43,4.15
2026-05-25 20:49:30,M2,61.84,4.7
2026-05-25 20:49:32,M1,85.24,4.42
2026-05-25 20:49:34,M3,86.37,1.16
2026-05-25 20:49:36,M1,75.03,3.88
2026-05-25 20:49:38,M1,55.79,4.27
2026-05-25 20:49:40,M3,90.25,4.6
2026-05-25 20:49:42,M2,61.12,1.16
2026-05-25 20:49:44,M2,91.23,3.12
2026-05-25 20:49:46,M1,63.73,1.26
2026-05-25 20:49:48,M1,77.78,1.18
2026-05-25 20:49:50,M3,57.96,3.01
2026-05-25 20:49:52,M2,68.05,3.77
2026-05-25 20:49:54,M3,82.45,1.87
2026-05-25 20:49:56,M1,57.98,3.54
2026-05-25 20:49:58,M2,70.84,2.73
2026-05-25 20:50:00,M2,63.44,4.64
2026-05-25 20:50:02,M1,73.87,4.01
2026-05-25 20:50:04,M3,87.97,2.85
2026-05-25 20:50:06,M1,85.74,4.35
2026-05-25 20:50:08,M2,85.01,2.99
2026-05-25 20:50:10,M2,82.71,3.07
2026-05-25 20:50:12,M1,83.0,1.22
2026-05-25 20:50:14,M3,83.87,1.79
2026-05-25 20:50:16,M2,61.8,4.94
2026-05-25 20:50:18,M2,55.37,2.43
2026-05-25 20:50:20,M1,66.71,1.06
2026-05-25 20:50:22,M3,74.82,3.05
2026-05-25 20:50:24,M2,72.67,3.12
2026-05-25 20:50:26,M1,67.15,3.19
2026-05-25 20:50:28,M2,74.21,1.5
2026-05-25 20:50:30,M2,77.02,4.35
2026-05-25 20:50:32,M1,62.96,3.51
2026-05-25 20:50:34,M2,81.21,2.81
2026-05-25 20:50:36,M3,82.09,3.61
2026-05-25 20:50:38,M1,75.14,1.77
2026-05-25 20:50:40,M2,60.0,1.76
2026-05-25 20:50:42,M1,92.67,1.47
2026-05-25 20:50:44,M2,62.48,3.12
2026-05-25 20:50:46,M1,56.82,2.24
2026-05-25 20:50:48,M2,76.88,3.64
2026-05-25 20:50:50,M3,59.5,4.73
2026-05-25 20:50:52,M2,94.2,4.36
2026-05-25 20:50:54,M3,94.06,3.86
2026-05-25 20:50:56,M3,71.17,2.26
2026-05-25 20:50:58,M1,57.6,4.32
2026-05-25 20:51:00,M1,55.33,2.08
2026-05-25 20:51:02,M2,92.0,1.35
2026-05-25 20:51:04,M2,93.28,4.38
2026-05-25 20:51:06,M3,55.16,2.0
2026-05-25 20:51:08,M1,67.56,2.29
2026-05-25 20:51:10,M1,61.98,3.53
2026-05-25 20:51:12,M3,80.71,4.54
2026-05-25 20:51:14,M2,76.02,3.43
2026-05-25 20:51:16,M3,75.01,2.31
2026-05-25 20:51:18,M1,59.08,4.05
2026-05-25 20:51:20,M1,56.13,2.94
2026-05-25 20:51:22,M2,70.37,4.53
2026-05-25 20:51:24,M2,78.8,3.38
2026-05-25 20:51:26,M1,84.2,1.16
2026-05-25 20:51:28,M2,94.95,2.89
2026-05-25 20:51:30,M3,85.09,3.45
2026-05-25 20:51:32,M3,64.04,2.04
2026-05-25 20:51:34,M1,86.08,4.62
2026-05-25 20:51:36,M3,69.93,2.67
2026-05-25 20:51:38,M2,60.43,1.28
2026-05-25 20:51:40,M3,74.45,2.49
2026-05-25 20:51:42,M1,90.92,2.53
2026-05-25 20:51:44,M2,92.17,4.04
2026-05-25 20:51:46,M2,56.04,2.61
2026-05-25 20:51:48,M3,91.74,1.42
2026-05-25 20:51:50,M1,90.21,2.66
2026-05-25 20:51:52,M2,89.78,1.43
2026-05-25 20:51:54,M1,72.19,1.68
2026-05-25 20:51:56,M3,65.4,1.21
2026-05-25 20:51:58,M3,56.95,3.72
2026-05-25 20:52:00,M1,89.65,2.4
2026-05-25 20:52:02,M3,93.45,1.49
2026-05-25 20:52:04,M2,72.7,3.37
2026-05-25 20:52:06,M3,55.03,2.33
2026-05-25 20:52:08,M2,93.57,2.19
2026-05-25 20:52:10,M3,89.43,3.44
2026-05-25 20:52:12,M2,65.39,2.84
2026-05-25 20:52:14,M3,81.09,2.33
2026-05-25 20:52:16,M3,80.5,4.14
2026-05-25 20:52:18,M3,70.41,2.86
2026-05-25 20:52:20,M3,74.53,3.02
2026-05-25 20:52:22,M1,57.64,1.38
2026-05-25 20:52:24,M3,88.96,3.76
2026-05-25 20:52:26,M3,74.71,3.9
2026-05-25 20:52:28,M1,93.75,2.15
2026-05-25 20:52:30,M3,56.68,2.32
2026-05-25 20:52:32,M3,88.7,3.58
2026-05-25 20:52:34,M1,63.1,4.02
2026-05-25 20:52:36,M1,70.24,4.57
2026-05-25 20:52:38,M3,74.7,3.83
2026-05-25 20:52:40,M3,91.61,3.87
2026-05-25 20:52:42,M2,93.05,2.56
2026-05-25 20:52:44,M3,88.59,2.7
2026-05-25 20:52:46,M2,67.91,1.13
2026-05-25 20:52:48,M3,63.3,1.65
2026-05-25 20:52:50,M3,72.49,3.06
2026-05-25 20:52:52,M3,72.55,2.3
2026-05-25 20:52:54,M3,62.82,3.75
2026-05-25 20:52:56,M2,69.49,3.74
2026-05-25 20:52:58,M2,83.0,1.99
2026-05-25 20:53:00,M1,69.88,1.86
2026-05-25 20:53:02,M3,60.22,1.66
2026-05-25 20:53:04,M1,91.28,4.06
2026-05-25 20:53:06,M1,84.0,2.15
2026-05-25 20:53:08,M1,77.97,2.18
2026-05-25 20:53:10,M3,63.25,4.94
2026-05-25 20:53:12,M3,56.2,4.44
2026-05-25 20:53:14,M2,81.16,1.04
2026-05-25 20:53:16,M1,76.1,3.6
2026-05-25 20:53:18,M3,61.16,3.71
2026-05-25 20:53:20,M2,90.46,3.0
2026-05-25 20:53:22,M1,72.83,1.49
2026-05-25 20:53:24,M2,66.45,3.74
2026-05-25 20:53:26,M1,69.78,2.37
2026-05-25 20:53:28,M1,57.28,4.12
2026-05-25 20:53:30,M3,86.12,3.13
2026-05-25 20:53:32,M2,83.84,2.35
2026-05-25 20:53:34,M2,57.94,4.02
2026-05-25 20:53:36,M1,61.67,4.99
2026-05-25 20:53:39,M2,71.22,1.29
2026-05-25 20:53:41,M1,91.91,3.64
2026-05-25 20:53:43,M3,72.29,3.75
2026-05-25 20:53:45,M2,56.5,3.79
2026-05-25 20:53:47,M1,78.45,3.27
2026-05-25 20:53:49,M2,87.41,2.9
2026-05-25 20:53:51,M3,57.48,3.04
2026-05-25 20:53:53,M1,75.69,1.77
2026-05-25 20:53:55,M3,90.83,2.89
2026-05-25 20:53:57,M2,66.33,1.49
2026-05-25 20:53:59,M3,77.39,1.31
2026-05-25 20:54:01,M1,90.83,4.18
2026-05-25 20:54:03,M3,89.79,3.55
2026-05-25 20:54:05,M1,86.82,2.33
2026-05-25 20:54:07,M1,58.34,4.09
2026-05-25 20:54:09,M3,69.74,4.17
2026-05-25 20:54:11,M3,87.2,3.49
2026-05-25 20:54:13,M2,63.9,1.23
2026-05-25 20:54:15,M2,61.39,2.39
2026-05-25 20:54:17,M1,89.09,4.7
2026-05-25 20:54:19,M2,89.95,3.11
2026-05-25 20:54:21,M2,66.56,3.83
2026-05-25 20:54:23,M2,74.9,3.44
2026-05-25 20:54:25,M1,62.08,3.34
2026-05-25 20:54:27,M3,72.98,3.57
2026-05-25 20:54:29,M3,92.38,3.58
2026-05-25 20:54:31,M3,92.38,1.93
2026-05-25 20:54:33,M1,67.93,2.97
2026-05-25 20:54:35,M1,90.88,3.0
2026-05-25 20:54:37,M2,89.64,1.68
2026-05-25 20:54:39,M3,78.39,2.64
2026-05-25 20:54:41,M2,91.05,4.22
2026-05-25 20:54:43,M3,65.51,4.2
2026-05-25 20:54:45,M3,92.04,3.68
2026-05-25 20:54:47,M3,87.8,2.73
2026-05-25 20:54:49,M2,92.13,1.47
2026-05-25 20:54:51,M2,67.52,1.73
2026-05-25 20:54:53,M2,57.42,4.4
2026-05-25 20:54:55,M2,72.28,1.27
2026-05-25 20:54:57,M3,66.52,1.51
2026-05-25 20:54:59,M3,57.99,3.31
2026-05-25 20:55:01,M2,60.74,1.16
2026-05-25 20:55:03,M2,72.14,3.09
2026-05-25 20:55:05,M3,64.89,1.7
2026-05-25 20:55:07,M1,85.22,4.86
2026-05-25 20:55:09,M2,64.7,2.94
2026-05-25 20:55:11,M2,93.83,3.37
2026-05-25 20:55:13,M1,56.35,4.85
2026-05-25 20:55:15,M2,67.97,1.17
2026-05-25 20:55:17,M2,85.66,1.79
2026-05-25 20:55:19,M3,55.97,3.08
2026-05-25 20:55:21,M1,81.7,2.09
2026-05-25 20:55:23,M2,75.8,3.85
2026-05-25 20:55:25,M2,68.57,1.69
2026-05-25 20:55:27,M2,75.05,1.84
2026-05-25 20:55:29,M1,57.31,3.04
2026-05-25 20:55:31,M2,58.96,1.62
2026-05-25 20:55:33,M2,65.64,1.16
2026-05-25 20:55:35,M1,64.57,2.45
2026-05-25 20:55:37,M2,69.21,1.6
2026-05-25 20:55:39,M3,89.91,2.87
2026-05-25 20:55:41,M1,94.64,1.42
2026-05-25 20:55:43,M2,91.39,4.16
2026-05-25 20:55:45,M1,82.45,4.7
2026-05-25 20:55:47,M3,75.72,2.14
2026-05-25 20:55:49,M2,74.98,2.85
2026-05-25 20:55:51,M1,86.01,3.14
2026-05-25 20:55:53,M2,80.05,2.78
2026-05-25 20:55:55,M2,61.05,1.84
2026-05-25 20:55:57,M1,59.86,2.45
2026-05-25 20:55:59,M2,73.64,3.33
2026-05-25 20:56:01,M3,94.6,3.41
2026-05-25 20:56:03,M2,91.88,1.36
2026-05-25 20:56:05,M2,86.94,2.8
2026-05-25 20:56:07,M1,77.24,4.64
2026-05-25 20:56:09,M1,55.78,1.08
2026-05-25 20:56:11,M3,70.37,2.57
2026-05-25 20:56:13,M2,79.73,4.48
2026-05-25 20:56:15,M2,81.33,4.46
2026-05-25 20:56:17,M1,80.67,2.72
2026-05-25 20:56:19,M2,78.26,1.55
2026-05-25 20:56:21,M1,85.44,4.26
2026-05-25 20:56:23,M2,64.97,1.6
2026-05-25 20:56:25,M2,61.82,1.37
2026-05-25 20:56:27,M2,55.93,4.42
2026-05-25 20:56:29,M3,93.8,2.45
2026-05-25 20:56:31,M3,86.95,3.33
2026-05-25 20:56:33,M3,85.99,1.95
2026-05-25 20:56:35,M1,71.47,2.31
2026-05-25 20:56:37,M2,92.16,3.98
2026-05-25 20:56:39,M1,92.13,3.9
2026-05-25 20:56:41,M3,88.31,1.32
2026-05-25 20:56:43,M3,92.08,2.04
2026-05-25 20:56:45,M2,76.81,3.28
2026-05-25 20:56:47,M1,86.32,4.61
2026-05-25 20:56:49,M1,66.49,3.6
2026-05-25 20:56:51,M1,66.15,4.1
2026-05-25 20:56:53,M2,57.11,2.59
2026-05-25 20:56:55,M3,77.71,3.94
2026-05-25 20:56:57,M3,74.98,2.84
2026-05-25 20:56:59,M2,66.56,4.57
2026-05-25 20:57:01,M3,87.77,2.75
2026-05-25 20:57:03,M3,83.72,3.77
2026-05-25 20:57:05,M3,85.54,1.94
2026-05-25 20:57:07,M1,58.2,4.63
2026-05-25 20:57:09,M1,62.29,1.04
2026-05-25 20:57:11,M2,85.57,2.15
2026-05-25 20:57:13,M1,84.96,3.56
2026-05-25 20:57:15,M3,74.27,1.55
2026-05-25 20:57:17,M2,58.02,2.26
2026-05-25 20:57:19,M1,62.1,3.54
2026-05-25 20:57:21,M1,69.48,3.02
2026-05-25 20:57:23,M1,82.84,1.84
2026-05-25 20:57:25,M1,62.35,1.79
2026-05-25 20:57:27,M2,66.76,4.14
2026-05-25 20:57:29,M2,59.69,3.18
2026-05-25 20:57:31,M1,89.2,2.22
2026-05-25 20:57:33,M3,62.13,1.96
2026-05-25 20:57:35,M3,77.47,3.93
2026-05-25 20:57:37,M1,69.15,4.1
2026-05-25 20:57:39,M3,64.87,1.24
2026-05-25 20:57:41,M2,56.82,1.12
2026-05-25 20:57:43,M3,87.88,2.76
2026-05-25 20:57:45,M2,78.57,4.83
2026-05-25 20:57:47,M3,65.39,1.42
2026-05-25 20:57:49,M2,60.59,4.13
2026-05-25 20:57:51,M3,69.17,2.58
2026-05-25 20:57:53,M3,60.7,2.77
2026-05-25 20:57:55,M2,73.4,1.92
2026-05-25 20:57:57,M3,87.64,2.2
2026-05-25 20:57:59,M1,55.68,2.13
2026-05-25 20:58:01,M3,66.57,1.69
2026-05-25 20:58:03,M2,65.51,1.27
2026-05-25 20:58:05,M2,67.46,1.91
2026-05-25 20:58:07,M1,86.69,2.26
2026-05-25 20:58:09,M3,94.84,2.79
2026-05-25 20:58:11,M3,80.93,3.88
2026-05-25 20:58:13,M3,72.24,2.35
2026-05-25 20:58:15,M1,81.01,4.69
2026-05-25 20:58:17,M3,79.76,2.89
2026-05-25 20:58:19,M2,94.63,1.48
2026-05-25 20:58:21,M2,65.89,1.88
2026-05-25 20:58:23,M2,74.12,3.83
2026-05-25 20:58:25,M3,88.31,1.58
2026-05-25 20:58:27,M3,82.97,2.24
2026-05-25 20:58:29,M3,68.89,2.04
2026-05-25 20:58:31,M3,73.63,1.65
2026-05-25 20:58:33,M3,66.11,4.12
2026-05-25 20:58:35,M2,93.66,3.25
2026-05-25 20:58:37,M3,71.99,4.46
2026-05-25 20:58:39,M1,69.61,2.8
2026-05-25 20:58:41,M2,88.88,2.85
2026-05-25 20:58:43,M3,93.4,3.04
2026-05-25 20:58:45,M1,59.98,1.64
2026-05-25 20:59:16,M1,87.66,1.66
2026-05-25 20:59:18,M1,92.84,1.36
2026-05-25 20:59:20,M2,63.82,3.07
2026-05-25 20:59:22,M3,84.79,3.84
2026-05-25 20:59:24,M3,78.2,4.02
2026-05-25 20:59:26,M3,94.67,2.35
2026-05-25 20:59:28,M2,76.51,3.8
2026-05-25 20:59:30,M2,84.51,3.9
2026-05-25 20:59:32,M2,81.67,2.49
2026-05-25 20:59:34,M3,92.18,4.92
2026-05-25 20:59:36,M3,68.48,2.08
2026-05-25 20:59:38,M2,78.1,2.02
2026-05-25 20:59:40,M2,59.54,4.31
2026-05-25 20:59:42,M2,72.1,4.77
2026-05-25 20:59:44,M2,80.86,3.3
2026-05-25 20:59:46,M1,65.67,2.28
2026-05-25 20:59:48,M2,83.06,4.31
2026-05-25 20:59:50,M2,90.6,3.67
2026-05-25 20:59:52,M1,90.3,2.35
2026-05-25 20:59:54,M1,74.71,3.11
2026-05-25 20:59:56,M2,74.76,4.27
2026-05-25 20:59:58,M1,93.33,3.09
2026-05-25 21:00:00,M2,85.53,3.79
2026-05-25 21:00:02,M3,75.74,3.46
2026-05-25 21:00:04,M1,83.2,1.95
2026-05-25 21:00:06,M2,64.7,2.85
2026-05-25 21:00:08,M3,80.66,4.55
2026-05-25 21:00:10,M3,87.22,3.92
2026-05-25 21:00:12,M3,63.92,3.18
2026-05-25 21:00:14,M3,75.34,4.75
2026-05-25 21:00:16,M1,65.15,3.44
2026-05-25 21:00:18,M3,75.0,4.02
2026-05-25 21:00:20,M1,58.64,4.28
2026-05-25 21:00:22,M2,80.97,1.32
2026-05-25 21:00:24,M3,67.84,4.2
2026-05-25 21:00:26,M2,68.85,4.48
2026-05-25 21:00:28,M2,73.9,1.89
2026-05-25 21:00:30,M3,76.49,4.49
2026-05-25 21:00:32,M1,57.27,1.85
2026-05-25 21:00:34,M2,55.77,3.86
2026-05-25 21:00:36,M3,57.46,4.55
2026-05-25 21:00:38,M3,80.45,4.43
2026-05-25 21:00:40,M1,91.0,3.63
2026-05-25 21:00:42,M3,64.12,1.69
2026-05-25 21:00:44,M2,89.76,3.23
2026-05-25 21:00:46,M3,94.78,4.46
2026-05-25 21:00:48,M1,77.07,4.77
2026-05-25 21:00:50,M3,74.33,4.98
2026-05-25 21:00:52,M2,89.53,4.61
2026-05-25 21:00:54,M1,76.07,3.82
2026-05-25 21:00:56,M2,74.32,4.43
2026-05-25 21:00:58,M3,82.88,2.23
2026-05-25 21:01:00,M2,73.14,3.44
2026-05-25 21:01:02,M3,77.84,1.53
2026-05-25 21:01:04,M2,90.74,2.87
2026-05-25 21:01:06,M2,76.49,2.76
2026-05-25 21:01:08,M2,59.51,3.75
2026-05-25 21:01:10,M1,65.07,1.91
2026-05-25 21:01:12,M1,73.03,4.8
2026-05-25 21:01:14,M1,85.71,3.63
2026-05-25 21:01:16,M3,85.26,4.05
2026-05-25 21:01:18,M3,65.71,1.27
2026-05-25 21:01:20,M2,63.05,1.28
2026-05-25 21:01:22,M2,79.7,3.64
2026-05-25 21:01:24,M1,70.55,4.33
2026-05-25 21:01:26,M1,94.21,3.44
2026-05-25 21:01:28,M3,77.01,3.85
2026-05-25 21:01:30,M1,83.13,2.16
2026-05-25 21:01:32,M1,88.51,1.17
2026-05-25 21:01:34,M2,83.37,1.3
2026-05-25 21:01:37,M1,91.8,1.67
2026-05-25 21:01:39,M1,60.8,4.9
2026-05-25 21:01:41,M2,90.49,4.89
2026-05-25 21:01:43,M3,74.47,3.85
2026-05-25 21:01:45,M2,62.03,4.36
2026-05-25 21:01:47,M3,92.41,1.57
2026-05-25 21:01:49,M3,89.76,2.56
2026-05-25 21:01:51,M1,73.54,4.8
2026-05-25 21:01:53,M3,93.75,2.99
2026-05-25 21:01:55,M3,86.3,1.74
2026-05-25 21:01:57,M1,61.41,4.49
2026-05-25 21:01:59,M2,59.02,4.93
2026-05-25 21:02:01,M3,69.25,4.75
2026-05-25 21:02:03,M1,71.63,1.14
2026-05-25 21:02:05,M1,74.13,3.09
2026-05-25 21:02:07,M2,60.69,2.86
2026-05-25 21:02:09,M3,72.82,4.34
2026-05-25 21:02:11,M3,63.55,3.99
2026-05-25 21:02:13,M3,65.74,4.49
2026-05-25 21:02:15,M3,71.2,3.92
2026-05-25 21:02:17,M3,92.47,4.42
2026-05-25 21:02:19,M1,80.12,1.95
2026-05-25 21:02:21,M2,83.4,1.96
2026-05-25 21:02:23,M1,93.05,2.59
2026-05-25 21:02:25,M3,81.57,2.72
2026-05-25 21:02:27,M3,81.71,4.12
2026-05-25 21:02:29,M1,62.33,4.58
2026-05-25 21:02:31,M3,69.75,3.97
2026-05-25 21:02:33,M2,79.97,3.71
2026-05-25 21:02:35,M3,66.92,3.36
2026-05-25 21:02:37,M2,87.94,3.76
2026-05-25 21:02:39,M3,82.13,1.15
2026-05-25 21:02:41,M3,70.73,4.68
2026-05-25 21:02:43,M2,56.4,2.07
2026-05-25 21:02:45,M3,56.92,3.88
2026-05-25 21:02:47,M1,74.03,3.28
2026-05-25 21:02:49,M1,68.75,4.9
2026-05-25 21:02:51,M2,83.28,2.68
2026-05-25 21:02:53,M2,73.08,3.55
2026-05-25 21:02:55,M3,74.09,2.43
2026-05-25 21:02:57,M1,55.81,4.24
2026-05-25 21:02:59,M1,89.83,1.93
2026-05-25 21:03:01,M2,80.8,3.1
2026-05-25 21:03:03,M2,78.19,3.8
2026-05-25 21:03:05,M2,66.9,1.47
2026-05-25 21:03:07,M3,68.75,1.99
2026-05-25 21:03:09,M1,63.02,3.77
2026-05-25 21:03:11,M2,74.69,3.27
2026-05-25 21:03:13,M2,88.83,1.86
2026-05-25 21:03:15,M3,87.84,2.4
2026-05-25 21:03:17,M2,69.94,4.38
2026-05-25 21:03:19,M3,73.0,1.58
2026-05-25 21:03:21,M3,60.61,1.9
2026-05-25 21:03:23,M2,74.84,3.95
2026-05-25 21:03:25,M3,79.6,2.61
2026-05-25 21:03:27,M2,65.16,2.87
2026-05-25 21:03:29,M2,86.14,2.95
2026-05-25 21:03:31,M2,65.38,1.01
2026-05-25 21:03:33,M3,83.47,3.08
2026-05-25 21:03:35,M3,74.46,4.01
2026-05-25 21:03:37,M3,64.6,4.85
2026-05-25 21:03:39,M2,76.23,3.61
2026-05-25 21:03:41,M2,69.8,1.61
2026-05-25 21:03:43,M1,72.13,3.13
2026-05-25 21:03:45,M1,92.03,3.39
2026-05-25 21:03:47,M2,85.57,2.28
2026-05-25 21:03:49,M2,81.34,1.03
2026-05-25 21:03:51,M2,76.47,1.05
2026-05-25 21:03:53,M3,84.98,2.41
2026-05-25 21:03:55,M2,56.12,2.78
2026-05-25 21:03:57,M1,89.12,1.36
2026-05-25 21:03:59,M1,76.15,4.34
2026-05-25 21:04:01,M3,68.53,1.47
2026-05-25 21:04:03,M2,70.41,2.37
2026-05-25 21:04:05,M3,85.11,2.03
2026-05-25 21:04:07,M2,93.61,3.88
2026-05-25 21:04:09,M3,87.98,1.44
2026-05-25 21:04:11,M2,63.34,4.8
2026-05-25 21:04:13,M3,88.76,1.99
2026-05-25 21:04:15,M2,82.41,3.76
2026-05-25 21:04:17,M3,86.45,1.51
2026-05-25 21:04:19,M1,55.66,4.2
2026-05-25 21:04:21,M2,77.0,3.93
2026-05-25 21:04:23,M1,83.16,3.11
2026-05-25 21:04:25,M1,78.25,2.04
2026-05-25 21:04:27,M2,79.11,1.68
2026-05-25 21:04:29,M2,80.75,3.64
2026-05-25 21:04:31,M2,77.88,2.91
2026-05-25 21:04:33,M3,72.42,3.07
2026-05-25 21:04:35,M3,76.2,2.29
2026-05-25 21:04:37,M3,85.31,3.83
2026-05-25 21:04:39,M3,65.62,1.56
2026-05-25 21:04:41,M2,85.39,1.28
2026-05-25 21:04:43,M1,84.39,4.89
2026-05-25 21:04:45,M1,72.26,1.05
2026-05-25 21:04:47,M3,65.39,3.66
2026-05-25 21:04:49,M2,79.13,1.42
2026-05-25 21:04:51,M3,91.17,3.7
2026-05-25 21:04:53,M2,63.6,3.5
2026-05-25 21:04:55,M1,70.95,2.82
2026-05-25 21:04:57,M3,72.25,2.22
2026-05-25 21:04:59,M3,76.37,1.53
2026-05-25 21:05:01,M2,87.05,2.05
2026-05-25 21:05:03,M3,86.26,3.65
2026-05-25 21:05:05,M2,89.43,1.93
2026-05-25 21:05:07,M2,78.51,1.22
2026-05-25 21:05:09,M2,75.23,1.8
2026-05-25 21:05:11,M2,64.98,4.82
2026-05-25 21:05:13,M2,62.06,1.97
2026-05-25 21:05:15,M3,58.1,3.58
2026-05-25 21:05:17,M1,76.41,2.98
2026-05-25 21:05:19,M3,85.08,4.46
2026-05-25 21:05:21,M3,84.25,4.26
2026-05-25 21:05:23,M1,90.08,1.81
2026-05-25 21:05:25,M2,94.41,2.24
2026-05-25 21:05:27,M1,94.83,4.09
2026-05-25 21:05:29,M3,57.31,1.75
2026-05-25 21:05:31,M1,94.09,1.14
2026-05-25 21:05:33,M2,86.18,2.66
2026-05-25 21:05:35,M1,76.2,1.02
2026-05-25 21:05:37,M3,86.71,2.04
2026-05-25 21:05:39,M1,60.95,4.14
2026-05-25 21:05:41,M1,76.61,1.81
2026-05-25 21:05:43,M3,77.16,4.55
2026-05-25 21:05:45,M3,59.31,4.28
2026-05-25 21:05:47,M1,62.26,2.36
2026-05-25 21:05:49,M3,59.02,4.7
2026-05-25 21:05:51,M2,63.23,2.63
2026-05-25 21:05:53,M1,93.75,2.01
2026-05-25 21:05:55,M2,69.94,3.37
2026-05-25 21:05:57,M3,79.16,3.84
2026-05-25 21:05:59,M2,85.37,3.92
2026-05-25 21:06:01,M1,60.52,1.09
2026-05-25 21:06:03,M2,68.03,2.57
2026-05-25 21:06:05,M3,58.68,4.27
2026-05-25 21:06:07,M1,86.53,3.34
2026-05-25 21:06:09,M1,64.99,1.53
2026-05-25 21:06:11,M3,76.1,4.17
2026-05-25 21:06:13,M2,57.33,1.03
2026-05-25 21:06:15,M2,67.96,3.16
2026-05-25 21:06:17,M1,91.79,3.39
2026-05-25 21:06:19,M1,77.72,2.24
2026-05-25 21:06:21,M1,93.58,4.48
2026-05-25 21:06:23,M2,89.27,4.1
2026-05-25 21:06:25,M3,89.21,2.09
2026-05-25 21:06:27,M2,71.36,3.4
2026-05-25 21:06:29,M2,56.17,2.69
2026-05-25 21:06:31,M1,74.53,2.56
2026-05-25 21:06:33,M2,76.91,3.7
2026-05-25 21:06:36,M2,73.1,3.26
2026-05-25 21:06:38,M1,62.92,1.86
2026-05-25 21:06:40,M3,82.96,2.55
2026-05-25 21:06:42,M1,65.6,4.55
2026-05-25 21:06:44,M3,88.85,1.39
2026-05-25 21:06:46,M2,68.53,4.71
2026-05-25 21:06:48,M3,73.69,4.98
2026-05-25 21:06:50,M2,67.55,3.59
2026-05-25 21:06:52,M1,61.29,2.55
2026-05-25 21:06:54,M2,55.58,2.83
2026-05-25 21:06:56,M2,88.91,4.7
2026-05-25 21:06:58,M1,75.74,3.27
2026-05-25 21:07:00,M1,75.07,1.67
2026-05-25 21:07:02,M1,66.49,4.77
2026-05-25 21:07:04,M2,69.18,1.08
2026-05-25 21:07:06,M3,91.17,2.46
2026-05-25 21:07:08,M3,91.84,2.29
2026-05-25 21:07:10,M3,67.75,1.2
2026-05-25 21:07:12,M1,78.4,4.13
2026-05-25 21:07:14,M2,77.21,4.35
2026-05-25 21:07:16,M3,69.59,4.83
2026-05-25 21:07:18,M2,60.94,3.25
2026-05-25 21:07:20,M1,87.74,2.45
2026-05-25 21:07:22,M2,74.69,1.01
2026-05-25 21:07:24,M3,58.28,3.59
2026-05-25 21:07:26,M1,77.82,4.58
2026-05-25 21:07:28,M2,64.82,1.96
2026-05-25 21:07:30,M1,79.37,4.15
2026-05-25 21:07:32,M3,71.68,2.25
2026-05-25 21:07:34,M1,69.46,3.83
2026-05-25 21:07:36,M3,74.92,2.0
2026-05-25 21:07:38,M2,84.0,2.74
2026-05-25 21:07:40,M2,91.01,4.62
2026-05-25 21:07:42,M3,86.68,3.36
2026-05-25 21:07:44,M3,62.09,3.7
2026-05-25 21:07:46,M2,77.24,3.34
2026-05-25 21:07:48,M1,81.65,1.06
2026-05-25 21:07:50,M1,94.59,4.57
2026-05-25 21:07:52,M3,74.95,4.24
2026-05-25 21:07:54,M2,63.01,3.48
2026-05-25 21:07:56,M1,76.65,3.75
2026-05-25 21:07:58,M2,79.24,3.43
2026-05-25 21:08:00,M1,85.92,1.69
2026-05-25 21:08:02,M2,85.89,2.58
2026-05-25 21:08:04,M2,69.41,2.55
2026-05-25 21:08:06,M3,62.51,3.24
2026-05-25 21:08:08,M1,87.97,3.33
2026-05-25 21:08:10,M3,72.71,3.37
2026-05-25 21:08:12,M1,86.62,2.64
2026-05-25 21:08:14,M2,70.59,4.03
2026-05-25 21:08:16,M3,88.83,2.32
2026-05-25 21:08:18,M2,90.93,2.37
2026-05-25 21:08:20,M1,86.85,4.9
2026-05-25 21:08:22,M2,72.18,1.24
2026-05-25 21:08:24,M2,93.74,1.84
2026-05-25 21:08:26,M1,93.0,2.89
2026-05-25 21:08:28,M2,59.11,3.18
2026-05-25 21:08:30,M2,73.42,2.19
2026-05-25 21:08:32,M3,91.68,1.56
2026-05-25 21:08:34,M1,89.19,1.74
2026-05-25 21:08:36,M2,71.63,1.09
2026-05-25 21:08:38,M2,55.91,1.68
2026-05-25 21:08:40,M3,60.51,4.46
2026-05-25 21:08:42,M1,65.26,4.54
2026-05-25 21:08:44,M2,79.65,4.3
2026-05-25 21:08:46,M3,77.9,4.97
2026-05-25 21:08:48,M1,70.58,3.62
2026-05-25 21:08:50,M1,80.93,3.32
2026-05-25 21:08:52,M1,94.15,3.53
2026-05-25 21:08:54,M2,78.11,4.17
2026-05-25 21:08:56,M1,55.08,3.52
2026-05-25 21:08:58,M3,92.35,4.86
2026-05-25 21:09:00,M3,58.2,3.56
2026-05-25 21:09:02,M2,70.75,2.01
2026-05-25 21:09:04,M2,79.25,3.3
2026-05-25 21:09:06,M2,73.85,3.17
2026-05-25 21:09:08,M2,73.08,2.62
2026-05-25 21:09:10,M2,55.44,3.53
2026-05-25 21:09:12,M2,72.55,2.02
2026-05-25 21:09:14,M1,84.35,1.83
2026-05-25 21:09:16,M2,92.35,1.54
2026-05-25 21:09:18,M1,91.2,3.56
2026-05-25 21:09:20,M2,89.65,4.23
2026-05-25 21:09:22,M2,58.92,1.51
2026-05-25 21:09:24,M2,77.03,4.98
2026-05-25 21:09:26,M1,78.58,4.24
2026-05-25 21:09:28,M1,80.72,1.17
2026-05-25 21:09:30,M1,55.26,2.49
2026-05-25 21:09:32,M3,68.5,3.54
2026-05-25 21:09:34,M3,58.07,2.17
2026-05-25 21:09:36,M3,68.05,3.1
2026-05-25 21:09:38,M3,75.69,3.44
2026-05-25 21:09:40,M3,86.45,1.46
2026-05-25 21:09:42,M1,90.99,2.62
2026-05-25 21:09:44,M1,90.87,1.64
2026-05-25 21:09:46,M2,82.27,2.84
2026-05-25 21:09:48,M3,78.19,2.23
2026-05-25 21:09:50,M2,55.25,2.12
2026-05-25 21:09:52,M1,75.65,4.18
2026-05-25 21:09:54,M3,63.54,2.98
2026-05-25 21:09:56,M3,82.94,1.77
2026-05-25 21:09:58,M3,87.97,3.05
2026-05-25 21:10:00,M2,69.53,4.19
2026-05-25 21:10:02,M3,81.73,3.35
2026-05-25 21:10:04,M2,68.31,3.69
2026-05-25 21:10:06,M2,60.26,4.24
2026-05-25 21:10:08,M3,64.51,2.7
2026-05-25 21:10:10,M2,75.37,2.6
2026-05-25 21:10:12,M2,74.34,1.13
2026-05-25 21:10:14,M1,87.72,3.7
2026-05-25 21:10:16,M2,82.13,2.89
2026-05-25 21:10:18,M2,87.76,4.15
2026-05-25 21:10:20,M2,73.69,2.56
2026-05-25 21:10:22,M2,91.8,3.69
2026-05-25 21:10:24,M2,58.33,1.51
2026-05-25 21:10:26,M2,60.72,2.34
2026-05-25 21:10:28,M1,86.52,3.59
2026-05-25 21:10:30,M1,73.84,4.02
2026-05-25 21:10:32,M1,74.54,3.99
2026-05-25 21:10:34,M2,71.51,2.63
2026-05-25 21:10:36,M1,65.29,4.44
2026-05-25 21:10:38,M3,85.52,3.47
2026-05-25 21:10:40,M1,70.53,1.6
2026-05-25 21:10:42,M3,69.49,1.23
2026-05-25 21:10:44,M3,83.26,2.87
2026-05-25 21:10:46,M2,62.56,4.66
2026-05-25 21:10:48,M1,75.92,4.91
2026-05-25 21:10:50,M3,83.95,4.31
2026-05-25 21:10:52,M3,65.88,1.34
2026-05-25 21:10:54,M1,73.93,4.84
2026-05-25 21:10:56,M3,56.38,2.51
2026-05-25 21:10:58,M1,80.36,4.58
2026-05-25 21:11:00,M1,92.31,2.52
2026-05-25 21:11:02,M1,58.94,3.2
2026-05-25 21:11:04,M2,57.38,3.7
2026-05-25 21:11:06,M1,90.08,1.57
2026-05-25 21:11:08,M2,70.46,1.97
2026-05-25 21:11:10,M3,79.73,2.48
2026-05-25 21:11:12,M1,57.95,2.98
2026-05-25 21:11:14,M3,73.95,3.23
2026-05-25 21:11:16,M2,68.08,2.53
2026-05-25 21:11:18,M1,76.82,1.88
2026-05-25 21:11:20,M1,92.81,3.68
2026-05-25 21:11:22,M1,60.16,2.08
2026-05-25 21:11:24,M2,59.02,1.31
2026-05-25 21:11:26,M2,63.39,1.68
2026-05-25 21:11:28,M2,81.41,2.34
2026-05-25 21:11:30,M2,91.94,2.89
2026-05-25 21:11:32,M2,81.9,2.97
2026-05-25 21:11:34,M2,78.14,1.23
2026-05-25 21:11:36,M1,59.48,3.67
2026-05-25 21:11:38,M3,72.89,3.48
2026-05-25 21:11:40,M2,91.02,4.1
2026-05-25 21:11:42,M2,93.06,1.93
2026-05-25 21:11:44,M3,60.25,4.89
2026-05-25 21:11:46,M3,86.48,2.64
2026-05-25 21:11:48,M3,64.15,2.35
2026-05-25 21:11:50,M2,80.03,2.3
2026-05-25 21:11:52,M3,73.32,2.56
2026-05-25 21:11:54,M1,68.13,4.53
2026-05-25 21:11:56,M3,92.55,2.46
2026-05-25 21:11:58,M3,93.22,3.16
2026-05-25 21:12:00,M1,61.63,3.05
2026-05-25 21:12:02,M3,60.1,3.63
2026-05-25 21:12:04,M2,82.88,1.06
2026-05-25 21:12:06,M3,73.55,2.63
2026-05-25 21:12:08,M3,73.61,1.03
2026-05-25 21:12:10,M2,59.1,2.14
2026-05-25 21:12:12,M1,72.8,2.52
2026-05-25 21:12:14,M2,73.82,2.49
2026-05-25 21:12:16,M1,63.98,1.98
2026-05-25 21:12:18,M2,86.64,1.01
2026-05-25 21:12:20,M1,75.17,1.29
2026-05-25 21:12:22,M3,91.61,4.82
2026-05-25 21:12:24,M2,68.0,4.21
2026-05-25 21:12:26,M2,86.81,3.45
2026-05-25 21:12:28,M3,73.11,2.96
2026-05-25 21:12:30,M2,83.83,1.13
2026-05-25 21:12:32,M2,92.25,1.17
2026-05-25 21:12:34,M2,56.18,3.39
2026-05-25 21:12:36,M2,92.76,2.48
2026-05-25 21:12:38,M1,64.4,2.24
2026-05-25 21:12:40,M3,90.06,2.49
2026-05-25 21:12:42,M3,68.66,2.77
2026-05-25 21:12:44,M2,76.73,2.98
2026-05-25 21:12:46,M2,76.42,3.68
2026-05-25 21:12:48,M1,56.43,4.42
2026-05-25 21:12:50,M3,87.04,3.2
2026-05-25 21:12:52,M3,64.18,2.98
2026-05-25 21:12:54,M3,85.42,1.68
2026-05-25 21:12:56,M1,56.31,2.33
2026-05-25 21:12:58,M3,73.01,4.47
2026-05-25 21:13:00,M3,65.84,2.52
2026-05-25 21:13:02,M1,64.84,1.88
2026-05-25 21:13:04,M3,60.54,4.41
2026-05-25 21:13:06,M3,89.46,4.57
2026-05-25 21:13:08,M1,87.19,2.01
2026-05-25 21:13:10,M3,71.36,2.28
2026-05-25 21:13:12,M1,65.95,2.24
2026-05-25 21:13:14,M1,94.31,2.16
2026-05-25 21:13:16,M2,82.33,1.98
2026-05-25 21:13:18,M2,63.6,4.3
2026-05-25 21:13:20,M2,78.99,1.97
2026-05-25 21:13:22,M3,84.3,2.94
2026-05-25 21:13:24,M1,80.39,4.5
2026-05-25 21:13:26,M2,58.3,2.63
2026-05-25 21:13:28,M2,57.64,3.08
2026-05-25 21:13:30,M3,66.5,2.93
2026-05-25 21:13:32,M2,94.4,3.84
2026-05-25 21:13:34,M1,81.16,2.94
2026-05-25 21:13:36,M2,69.34,2.99
2026-05-25 21:13:38,M2,76.46,3.3
2026-05-25 21:13:40,M2,93.94,4.17
2026-05-25 21:13:42,M2,74.78,2.25
2026-05-25 21:13:44,M2,62.26,4.15
2026-05-25 21:13:46,M2,77.32,3.62
2026-05-25 21:13:48,M3,66.29,1.08
2026-05-25 21:13:50,M2,70.01,3.36
2026-05-25 21:13:52,M3,75.88,4.64
2026-05-25 21:13:54,M3,86.26,2.53
2026-05-25 21:13:56,M1,92.96,1.44
2026-05-25 21:13:58,M3,86.47,4.64
2026-05-25 21:14:00,M2,86.93,2.4
2026-05-25 21:14:03,M2,66.03,1.86
2026-05-25 21:14:05,M2,91.96,3.9
2026-05-25 21:14:07,M1,83.4,2.79
2026-05-25 21:14:09,M3,78.67,3.65
2026-05-25 21:14:11,M3,83.63,4.37
2026-05-25 21:14:13,M2,59.08,4.48
2026-05-25 21:14:15,M2,86.71,1.63
2026-05-25 21:14:17,M2,72.21,1.04
2026-05-25 21:14:19,M1,58.26,1.59
2026-05-25 21:14:21,M3,63.0,3.2
2026-05-25 21:14:23,M2,76.49,3.87
2026-05-25 21:14:25,M2,66.15,2.1
2026-05-25 21:14:27,M1,87.92,3.0
2026-05-25 21:14:29,M1,75.63,4.71
2026-05-25 21:14:31,M1,57.13,1.05
2026-05-25 21:14:33,M3,67.63,1.24
2026-05-25 21:14:35,M2,81.02,2.39
2026-05-25 21:14:37,M2,85.43,2.98
2026-05-25 21:14:39,M3,79.71,3.05
2026-05-25 21:14:41,M3,57.6,1.51
2026-05-25 21:14:43,M2,77.7,3.59
2026-05-25 21:14:45,M2,75.24,1.75
2026-05-25 21:14:47,M2,73.64,1.25
2026-05-25 21:14:49,M3,88.53,4.58
2026-05-25 21:14:51,M1,56.49,3.8
2026-05-25 21:14:53,M2,81.96,3.21
2026-05-25 21:14:55,M1,89.49,3.25
2026-05-25 21:14:57,M1,58.71,1.16
2026-05-25 21:14:59,M3,88.26,2.02
2026-05-25 21:15:01,M1,90.59,2.04
2026-05-25 21:15:03,M3,70.73,1.76
2026-05-25 21:15:05,M2,74.09,2.94
2026-05-25 21:15:07,M2,88.62,1.23
2026-05-25 21:15:09,M2,60.28,1.38
2026-05-25 21:15:11,M3,73.14,4.48
2026-05-25 21:15:13,M3,65.99,2.55
2026-05-25 21:15:15,M2,84.49,3.43
2026-05-25 21:15:17,M3,86.02,3.48
2026-05-25 21:15:19,M2,82.83,4.7
2026-05-25 21:15:21,M2,89.96,3.53
2026-05-25 21:15:23,M1,67.2,4.32
2026-05-25 21:15:25,M1,82.09,1.5
2026-05-25 21:15:27,M1,80.37,2.52
2026-05-25 21:15:29,M3,61.32,3.9
2026-05-25 21:15:31,M3,86.33,2.77
2026-05-25 21:15:33,M1,83.19,3.33
2026-05-25 21:15:35,M3,60.12,4.92
2026-05-25 21:15:37,M3,63.01,1.77
2026-05-25 21:15:39,M2,72.38,4.88
2026-05-25 21:15:41,M1,56.54,4.63
2026-05-25 21:15:43,M2,92.21,1.82
2026-05-25 21:15:45,M3,63.73,1.81
2026-05-25 21:15:47,M3,71.72,1.54
2026-05-25 21:15:49,M2,67.97,1.51
2026-05-25 21:15:51,M2,69.2,2.7
2026-05-25 21:15:53,M3,92.49,4.96
2026-05-25 21:15:55,M2,81.84,2.12
2026-05-25 21:15:57,M2,74.01,1.81
2026-05-25 21:15:59,M2,67.35,2.58
2026-05-25 21:16:01,M3,89.76,2.79
2026-05-25 21:16:03,M1,90.94,4.26
2026-05-25 21:16:05,M2,73.88,3.2
2026-05-25 21:16:07,M3,70.57,3.86
2026-05-25 21:16:09,M3,92.96,1.04
2026-05-25 21:16:11,M3,68.54,4.44
2026-05-25 21:16:13,M3,71.73,4.53
2026-05-25 21:16:15,M2,68.26,3.13
2026-05-25 21:16:17,M1,62.98,2.68
2026-05-25 21:16:19,M1,73.83,1.36
2026-05-25 21:16:21,M3,68.59,2.46
2026-05-25 21:16:23,M2,93.84,3.14
2026-05-25 21:16:25,M3,70.4,3.39
2026-05-25 21:16:27,M1,68.38,1.07
2026-05-25 21:16:29,M1,78.94,3.11
2026-05-25 21:16:31,M3,81.19,1.92
2026-05-25 21:16:33,M1,63.57,1.32
2026-05-25 21:16:35,M3,84.92,2.68
2026-05-25 21:16:37,M2,94.92,3.16
2026-05-25 21:16:39,M3,83.1,3.77
2026-05-25 21:16:41,M3,70.11,3.35
2026-05-25 21:16:43,M3,80.58,1.16
2026-05-25 21:16:45,M2,62.21,1.32
2026-05-25 21:16:47,M1,55.9,3.29
2026-05-25 21:16:49,M1,71.44,2.21
2026-05-25 21:16:51,M2,64.31,4.91
2026-05-25 21:16:53,M2,76.99,3.24
2026-05-25 21:16:55,M2,84.69,4.25
2026-05-25 21:16:57,M3,94.63,3.34
2026-05-25 21:16:59,M2,92.07,3.72
2026-05-25 21:17:01,M2,80.42,1.32
2026-05-25 21:17:03,M3,92.54,4.32
2026-05-25 21:17:05,M2,62.92,4.27
2026-05-25 21:17:07,M1,64.26,3.64
2026-05-25 21:17:09,M2,58.48,3.01
2026-05-25 21:17:11,M1,85.21,1.71
2026-05-25 21:17:13,M1,91.88,4.88
2026-05-25 21:17:15,M1,90.21,1.58
2026-05-25 21:17:17,M2,57.27,2.33
2026-05-25 21:17:19,M2,78.83,3.87
2026-05-25 21:17:21,M1,78.81,2.43
2026-05-25 21:17:23,M2,76.13,4.09
2026-05-25 21:17:25,M3,80.76,3.92
2026-05-25 21:17:27,M2,56.75,3.41
2026-05-25 21:17:29,M3,79.17,2.28
2026-05-25 21:17:31,M1,69.8,4.84
2026-05-25 21:17:33,M2,60.05,4.95
2026-05-25 21:17:35,M2,73.58,2.24
2026-05-25 21:17:37,M3,84.26,4.21
2026-05-25 21:17:39,M1,72.45,2.95
2026-05-25 21:17:41,M1,78.18,1.17
2026-05-25 21:17:43,M1,68.93,2.72
2026-05-25 21:17:45,M1,93.32,3.34
2026-05-25 21:17:47,M3,68.03,4.16
2026-05-25 21:17:49,M1,78.1,2.12
2026-05-25 21:17:51,M3,93.5,3.45
2026-05-25 21:17:53,M1,81.17,1.8
2026-05-25 21:17:55,M3,91.25,4.95
2026-05-25 21:17:57,M1,94.59,3.43
2026-05-25 21:17:59,M2,55.55,4.33
2026-05-25 21:18:01,M2,81.45,3.74
2026-05-25 21:18:03,M2,86.01,4.19
2026-05-25 21:18:05,M1,70.93,3.64
2026-05-25 21:18:07,M2,87.9,3.58
2026-05-25 21:18:09,M3,62.95,2.23
2026-05-25 21:18:11,M1,87.36,4.57
2026-05-25 21:18:13,M1,71.44,4.88
2026-05-25 21:18:15,M1,75.99,2.23
2026-05-25 21:18:17,M2,64.59,1.82
2026-05-25 21:18:19,M2,83.45,3.35
2026-05-25 21:18:21,M2,66.68,4.45
2026-05-25 21:18:23,M1,55.5,4.45
2026-05-25 21:18:25,M1,83.49,4.0
2026-05-25 21:18:27,M2,91.94,3.19
2026-05-25 21:18:29,M3,70.24,4.28
2026-05-25 21:18:31,M2,70.35,4.19
2026-05-25 21:18:33,M1,90.95,4.15
2026-05-25 21:18:35,M1,75.05,4.93
2026-05-25 21:18:37,M3,82.91,3.72
2026-05-25 21:18:39,M1,73.75,1.98
2026-05-25 21:18:41,M3,90.89,3.76
2026-05-25 21:18:43,M2,89.72,2.25
2026-05-25 21:18:45,M2,84.94,3.46
2026-05-25 21:18:47,M3,70.82,2.54
2026-05-25 21:18:49,M3,57.28,2.77
2026-05-25 21:18:51,M1,94.51,1.81
2026-05-25 21:18:53,M2,79.71,3.98
2026-05-25 21:18:55,M1,60.91,4.83
2026-05-25 21:18:57,M1,93.35,3.24
2026-05-25 21:18:59,M2,93.83,3.27
2026-05-25 21:19:01,M3,77.03,2.05
2026-05-25 21:19:03,M1,87.33,1.9
2026-05-25 21:19:05,M3,58.79,3.79
2026-05-25 21:19:07,M2,66.18,1.54
2026-05-25 21:19:09,M2,67.6,2.41
2026-05-25 21:19:11,M1,73.19,3.4
2026-05-25 21:19:13,M1,80.22,4.07
2026-05-25 21:19:15,M2,60.95,1.31
2026-05-25 21:19:17,M3,88.27,3.84
2026-05-25 21:19:19,M3,89.26,3.08
2026-05-25 21:19:21,M1,56.65,4.29
2026-05-25 21:19:23,M1,82.08,1.62
2026-05-25 21:19:25,M3,56.82,1.87
2026-05-25 21:19:27,M1,84.18,1.2
2026-05-25 21:19:29,M3,82.86,2.02
2026-05-25 21:19:31,M3,71.99,3.46
2026-05-25 21:19:33,M3,80.49,2.42
2026-05-25 21:19:35,M3,67.78,4.57
2026-05-25 21:19:37,M1,67.55,3.77
2026-05-25 21:19:39,M3,86.75,2.32
2026-05-25 21:19:41,M3,87.99,2.38
2026-05-25 21:19:43,M1,74.5,2.61
2026-05-25 21:19:45,M3,86.19,1.29
2026-05-25 21:19:47,M3,58.36,4.56
2026-05-25 21:19:49,M2,89.72,3.06
2026-05-25 21:19:51,M3,87.8,3.64
2026-05-25 21:19:53,M1,79.52,3.2
2026-05-25 21:19:55,M2,61.31,3.57
2026-05-25 21:19:57,M3,89.56,2.68
2026-05-25 21:19:59,M3,91.18,2.94
2026-05-25 21:20:01,M2,77.81,2.59
2026-05-25 21:20:03,M2,81.32,2.53
2026-05-25 21:20:05,M2,94.37,4.84
2026-05-25 21:20:07,M3,68.83,3.51
2026-05-25 21:20:09,M2,67.47,4.92
2026-05-25 21:20:11,M1,75.28,1.98
2026-05-25 21:20:13,M3,73.2,4.39
2026-05-25 21:20:15,M3,69.84,2.91
2026-05-25 21:20:17,M3,66.57,1.57
2026-05-25 21:20:19,M2,56.28,1.98
2026-05-25 21:20:21,M3,77.19,4.21
2026-05-25 21:20:23,M1,91.72,1.23
2026-05-25 21:20:25,M2,63.53,3.2
2026-05-25 21:20:28,M1,86.4,1.65
2026-05-25 21:20:30,M3,64.39,3.97
2026-05-25 21:20:32,M2,74.73,4.19
2026-05-25 21:20:34,M2,72.91,3.31
2026-05-25 21:20:36,M2,92.76,4.31
2026-05-25 21:20:38,M2,78.31,1.59
2026-05-25 21:20:40,M1,93.33,4.99
2026-05-25 21:20:42,M2,89.11,3.61
2026-05-25 21:20:44,M3,56.85,1.22
2026-05-25 21:20:46,M2,91.22,3.63
2026-05-25 21:20:48,M3,65.54,2.29
2026-05-25 21:20:50,M2,65.91,3.42
2026-05-25 21:20:52,M2,71.27,1.08
2026-05-25 21:20:54,M1,90.97,4.76
2026-05-25 21:20:56,M1,70.68,2.87
2026-05-25 21:20:58,M3,66.71,3.77
2026-05-25 21:21:00,M1,84.22,4.74
2026-05-25 21:21:02,M3,72.16,3.58
2026-05-25 21:21:04,M3,69.74,4.84
2026-05-25 21:21:06,M3,83.29,4.9
2026-05-25 21:21:08,M3,87.02,2.61
2026-05-25 21:21:10,M1,87.65,2.13
2026-05-25 21:21:12,M1,56.92,3.08
2026-05-25 21:21:14,M2,94.9,4.6
2026-05-25 21:21:16,M2,65.57,3.53
2026-05-25 21:21:18,M3,80.33,1.5
2026-05-25 21:21:20,M1,83.79,4.7
2026-05-25 21:21:22,M1,60.1,4.63
2026-05-25 21:21:24,M2,68.32,3.91
2026-05-25 21:21:26,M1,55.99,4.3
2026-05-25 21:21:28,M1,91.77,4.22
2026-05-25 21:21:30,M3,78.32,4.41
2026-05-25 21:21:32,M3,76.92,1.45
2026-05-25 21:21:34,M2,75.94,2.65
2026-05-25 21:21:36,M3,71.56,1.32
2026-05-25 21:21:38,M3,61.42,4.19
2026-05-25 21:21:40,M3,72.11,4.85
2026-05-25 21:21:42,M3,59.32,2.79
2026-05-25 21:21:44,M2,56.72,4.96
2026-05-25 21:21:46,M3,89.76,1.36
2026-05-25 21:21:48,M2,65.21,4.41
2026-05-25 21:21:50,M2,55.84,4.23
2026-05-25 21:21:52,M2,70.04,2.34
2026-05-25 21:21:54,M1,57.76,2.75
2026-05-25 21:21:56,M2,94.98,4.97
2026-05-25 21:21:58,M3,61.52,4.53
2026-05-25 21:22:00,M1,62.76,3.01
2026-05-25 21:22:02,M1,92.81,3.75
2026-05-25 21:22:04,M1,76.95,1.89
2026-05-25 21:22:06,M1,82.59,3.5
2026-05-25 21:22:08,M2,62.45,3.24
2026-05-25 21:22:10,M3,66.76,3.48
2026-05-25 21:22:12,M3,80.35,2.84
2026-05-25 21:22:14,M3,88.14,3.36
2026-05-25 21:22:16,M1,82.29,2.49
2026-05-25 21:22:18,M3,82.17,1.82
2026-05-25 21:22:20,M1,82.11,3.82
2026-05-25 21:22:22,M3,72.82,1.07
2026-05-25 21:22:24,M2,89.64,1.18
2026-05-25 21:22:26,M1,92.39,1.15
2026-05-25 21:22:28,M2,82.63,4.52
2026-05-25 21:22:30,M1,84.44,1.73
2026-05-25 21:22:32,M2,78.27,3.61
2026-05-25 21:22:34,M1,81.96,1.85
2026-05-25 21:22:36,M2,93.86,4.67
2026-05-25 21:22:38,M1,84.08,2.89
2026-05-25 21:22:40,M2,82.44,2.25
2026-05-25 21:22:42,M1,67.63,2.57
2026-05-25 21:22:44,M3,73.65,3.86
2026-05-25 21:22:46,M3,84.3,1.74
2026-05-25 21:22:48,M2,68.91,3.51
2026-05-25 21:22:50,M1,88.5,4.66
2026-05-25 21:22:52,M1,58.64,4.97
2026-05-25 21:22:54,M3,65.86,4.34
2026-05-25 21:22:56,M2,59.73,3.94
2026-05-25 21:22:58,M2,88.47,2.2
2026-05-25 21:23:00,M3,61.74,1.81
2026-05-25 21:23:02,M3,77.49,1.06
2026-05-25 21:23:04,M1,73.11,4.7
2026-05-25 21:23:06,M1,76.36,1.1
2026-05-25 21:23:08,M2,81.41,4.71
2026-05-25 21:23:10,M3,55.84,2.54
2026-05-25 21:23:12,M2,87.51,2.64
2026-05-25 21:23:14,M2,94.85,4.24
2026-05-25 21:23:16,M1,76.47,2.11
2026-05-25 21:23:18,M1,70.84,3.2
2026-05-25 21:23:20,M1,76.21,3.17
2026-05-25 21:23:22,M3,82.51,1.26
2026-05-25 21:23:24,M1,91.58,4.93
2026-05-25 21:23:26,M1,77.88,2.09
2026-05-25 21:23:28,M3,85.63,1.7
2026-05-25 21:23:30,M1,85.22,3.41
2026-05-25 21:23:32,M3,66.37,2.8
2026-05-25 21:23:34,M3,84.51,4.48
2026-05-25 21:23:36,M1,91.96,1.7
2026-05-25 21:23:38,M2,71.93,1.27
2026-05-25 21:23:40,M3,93.8,3.3
2026-05-25 21:23:42,M3,87.4,3.25
2026-05-25 21:23:44,M3,68.28,2.33
2026-05-25 21:23:46,M3,69.09,4.52
2026-05-25 21:23:48,M3,78.47,3.19
2026-05-25 21:23:50,M2,60.61,4.55
2026-05-25 21:23:52,M3,91.24,1.0
2026-05-25 21:23:54,M3,79.4,3.89
2026-05-25 21:23:56,M2,68.39,4.11
2026-05-25 21:23:58,M1,85.31,4.54
2026-05-25 21:24:00,M2,73.39,2.01
2026-05-25 21:24:02,M3,66.15,3.93
2026-05-25 21:24:04,M1,85.72,1.58
2026-05-25 21:24:06,M3,60.12,3.73
2026-05-25 21:24:08,M1,89.74,3.78
2026-05-25 21:24:10,M3,71.19,1.06
2026-05-25 21:24:12,M1,63.41,2.26
2026-05-25 21:24:14,M1,90.46,1.02
2026-05-25 21:24:16,M2,75.77,1.34
2026-05-25 21:24:18,M2,81.85,2.53
2026-05-25 21:24:20,M2,89.94,3.98
2026-05-25 21:24:22,M3,59.77,3.3
2026-05-25 21:24:24,M3,72.62,4.58
2026-05-25 21:24:26,M3,86.69,1.3
2026-05-25 21:24:28,M3,76.12,2.6
2026-05-25 21:24:30,M3,56.1,3.64
2026-05-25 21:24:32,M1,79.91,4.89
2026-05-25 21:24:34,M1,86.15,3.87
2026-05-25 21:24:36,M1,64.69,3.28
2026-05-25 21:24:38,M2,58.06,4.98
2026-05-25 21:24:40,M1,71.29,4.35
2026-05-25 21:24:42,M3,82.87,3.25
2026-05-25 21:24:44,M2,77.93,2.64
2026-05-25 21:24:46,M3,61.95,2.27
2026-05-25 21:24:48,M2,75.75,1.36
2026-05-25 21:24:50,M3,56.24,4.95
2026-05-25 21:24:52,M2,74.9,2.47
2026-05-25 21:24:54,M1,85.53,2.78
2026-05-25 21:24:56,M2,55.91,1.27
2026-05-25 21:24:58,M2,83.03,2.55
2026-05-25 21:25:00,M2,55.72,1.38
2026-05-25 21:25:02,M1,59.05,1.94
2026-05-25 21:25:04,M2,84.61,4.98
2026-05-25 21:25:06,M1,68.58,4.24
2026-05-25 21:25:08,M3,93.08,1.58
2026-05-25 21:25:10,M1,85.37,4.97
2026-05-25 21:25:12,M2,87.79,3.39
2026-05-25 21:25:14,M1,60.3,3.19
2026-05-25 21:25:16,M3,66.73,2.15
2026-05-25 21:25:18,M2,87.49,2.5
2026-05-25 21:25:20,M3,83.3,1.53
2026-05-25 21:25:22,M3,59.47,2.0
2026-05-25 21:25:24,M2,90.69,1.85
2026-05-25 21:25:26,M1,57.29,1.14
2026-05-25 21:25:28,M2,59.22,2.65
2026-05-25 21:25:30,M1,87.41,3.92
2026-05-25 21:25:32,M2,76.31,4.44
2026-05-25 21:25:34,M1,82.75,4.22
2026-05-25 21:25:36,M3,74.88,1.33
2026-05-25 21:25:38,M1,55.84,1.12
2026-05-25 21:25:40,M1,59.51,2.87
2026-05-25 21:25:42,M1,83.49,2.04
2026-05-25 21:25:44,M2,58.62,2.07
2026-05-25 21:25:46,M3,73.82,3.59
2026-05-25 21:25:48,M2,57.45,2.08
2026-05-25 21:25:50,M3,75.41,2.78
2026-05-25 21:25:52,M3,70.05,2.33
2026-05-25 21:25:54,M1,78.76,4.23
2026-05-25 21:25:56,M2,57.83,4.66
2026-05-25 21:25:58,M3,64.13,3.83
2026-05-25 21:26:00,M1,55.85,2.66
2026-05-25 21:26:02,M2,83.5,3.52
2026-05-25 21:26:04,M3,63.02,3.38
2026-05-25 21:26:06,M2,63.29,4.36
2026-05-25 21:26:08,M3,82.86,1.45
2026-05-25 21:26:10,M2,79.09,4.14
2026-05-25 21:26:12,M2,86.75,3.21
2026-05-25 21:26:14,M1,93.12,4.68
2026-05-25 21:26:16,M3,69.27,1.79
2026-05-25 21:26:18,M2,78.78,2.11
2026-05-25 21:26:20,M3,86.63,2.78
2026-05-25 21:26:22,M2,81.0,1.08
2026-05-25 21:26:24,M3,79.85,4.5
2026-05-25 21:26:26,M2,61.69,3.31
2026-05-25 21:26:28,M2,92.85,2.05
2026-05-25 21:26:30,M1,77.1,4.08
2026-05-25 21:26:32,M1,83.14,3.74
2026-05-25 21:26:34,M3,72.51,1.43
2026-05-25 21:26:36,M1,69.16,1.67
2026-05-25 21:26:38,M2,90.44,4.31
2026-05-25 21:26:40,M2,80.2,3.16
2026-05-25 21:26:42,M2,75.3,3.02
2026-05-25 21:26:44,M3,68.5,4.29
2026-05-25 21:26:46,M3,86.22,2.76
2026-05-25 21:26:48,M1,62.88,3.59
2026-05-25 21:26:50,M1,82.42,3.28
2026-05-25 21:26:52,M1,74.14,3.89
2026-05-25 21:26:54,M1,82.42,1.61
2026-05-25 21:26:56,M2,89.25,4.58
2026-05-25 21:26:58,M1,77.86,1.35
2026-05-25 21:27:00,M1,91.09,2.73
2026-05-25 21:27:02,M3,58.0,4.89
2026-05-25 21:27:04,M1,81.18,1.01
2026-05-25 21:27:06,M1,59.73,2.29
2026-05-25 21:27:08,M1,66.2,3.45
2026-05-25 21:27:10,M1,67.42,3.06
2026-05-25 21:27:12,M1,89.92,3.68
2026-05-25 21:27:14,M3,74.01,1.26
2026-05-25 21:27:16,M2,73.28,4.92
2026-05-25 21:27:18,M3,72.03,3.32
2026-05-25 21:27:20,M2,89.05,2.75
2026-05-25 21:27:22,M3,57.51,2.62
2026-05-25 21:27:24,M2,80.96,2.28
2026-05-25 21:27:26,M3,57.34,1.5
2026-05-25 21:27:28,M1,59.92,2.91
2026-05-25 21:27:30,M2,77.77,2.27
2026-05-25 21:27:32,M3,68.58,1.25
2026-05-25 21:27:34,M1,86.24,4.93
2026-05-25 21:27:36,M3,60.53,3.97
2026-05-25 21:27:38,M3,55.42,3.01
2026-05-25 21:27:40,M2,65.08,1.57
2026-05-25 21:27:42,M2,63.75,2.32
2026-05-25 21:27:44,M3,86.31,2.23
2026-05-25 21:27:46,M1,58.0,3.9
2026-05-25 21:27:48,M1,83.23,4.98
2026-05-25 21:27:50,M2,68.46,3.98
2026-05-25 21:27:52,M1,75.35,1.96
2026-05-25 21:27:54,M3,72.99,2.16
2026-05-25 21:27:56,M1,61.88,4.31
2026-05-25 21:27:58,M3,85.37,4.66
2026-05-25 21:28:00,M2,73.9,1.37
2026-05-25 21:28:02,M1,82.81,1.6
2026-05-25 21:28:04,M2,59.18,4.03
2026-05-25 21:28:06,M2,57.21,4.65
2026-05-25 21:28:08,M3,83.16,3.46
2026-05-25 21:28:10,M3,65.0,1.66
2026-05-25 21:28:12,M2,80.82,4.96
2026-05-25 21:28:14,M3,89.97,3.6
2026-05-25 21:28:16,M3,86.65,1.49
2026-05-25 21:28:18,M1,69.88,2.83
2026-05-25 21:28:20,M3,79.91,2.0
2026-05-25 21:28:22,M3,82.07,3.33
2026-05-25 21:28:24,M2,92.93,2.31
2026-05-25 21:28:26,M2,85.75,1.59
2026-05-25 21:28:28,M1,58.51,1.2
2026-05-25 21:28:30,M3,74.86,1.72
2026-05-25 21:28:32,M1,86.13,4.85
2026-05-25 21:28:34,M1,86.32,3.64
2026-05-25 21:28:36,M1,92.09,2.31
2026-05-25 21:28:38,M1,55.74,4.18
2026-05-25 21:28:40,M1,91.58,2.94
2026-05-25 21:28:42,M2,60.3,4.69
2026-05-25 21:28:45,M2,60.76,1.14
2026-05-25 21:28:47,M1,92.22,2.84
2026-05-25 21:28:49,M2,94.86,1.74
2026-05-25 21:28:51,M3,62.29,4.16
2026-05-25 21:28:53,M1,93.25,4.19
2026-05-25 21:28:55,M2,69.83,4.65
2026-05-25 21:28:57,M3,82.87,4.35
2026-05-25 21:28:59,M3,88.29,3.79
2026-05-25 21:29:01,M2,59.68,1.43
2026-05-25 21:29:03,M2,94.27,3.15
2026-05-25 21:29:05,M1,87.3,4.58
2026-05-25 21:29:07,M2,71.58,3.84
2026-05-25 21:29:09,M2,86.54,2.31
2026-05-25 21:29:11,M3,89.62,1.54
2026-05-25 21:29:13,M2,80.04,2.51
2026-05-25 21:29:15,M1,55.61,1.58
2026-05-25 21:29:17,M1,67.56,1.16
2026-05-25 21:29:19,M1,80.54,4.96
2026-05-25 21:29:21,M3,68.27,4.23
2026-05-25 21:29:23,M1,60.21,3.01
2026-05-25 21:29:25,M1,61.85,4.24
2026-05-25 21:29:27,M2,92.1,2.36
2026-05-25 21:29:29,M3,58.98,2.74
2026-05-25 21:29:31,M2,81.71,3.92
2026-05-25 21:29:33,M1,73.79,2.83
2026-05-25 21:29:35,M1,77.28,2.41
2026-05-25 21:29:37,M2,66.54,3.59
2026-05-25 21:29:39,M1,79.81,4.78
2026-05-25 21:29:41,M2,60.98,3.27
2026-05-25 21:29:43,M2,60.96,1.74
2026-05-25 21:29:45,M3,57.89,3.44
2026-05-25 21:29:47,M3,57.13,3.28
2026-05-25 21:29:49,M3,82.49,4.34
2026-05-25 21:29:51,M1,93.68,4.01
2026-05-25 21:29:53,M2,82.52,3.36
2026-05-25 21:29:55,M3,64.96,1.06
2026-05-25 21:29:57,M2,81.53,1.25
2026-05-25 21:29:59,M1,68.4,2.28
2026-05-25 21:30:01,M1,61.79,4.84
2026-05-25 21:30:03,M3,66.05,1.66
2026-05-25 21:30:05,M3,93.79,1.8
2026-05-25 21:30:07,M2,71.25,3.61
2026-05-25 21:30:09,M2,89.17,2.89
2026-05-25 21:30:11,M1,83.33,2.83
2026-05-25 21:30:13,M3,78.51,2.3
2026-05-25 21:30:15,M2,76.37,4.51
2026-05-25 21:30:17,M2,66.52,3.3
2026-05-25 21:30:19,M1,59.53,4.68
2026-05-25 21:30:21,M1,57.49,2.73
2026-05-25 21:30:23,M3,55.25,1.48
2026-05-25 21:30:25,M2,62.24,3.77
2026-05-25 21:30:27,M1,76.39,1.63
2026-05-25 21:30:29,M3,72.3,2.09
2026-05-25 21:30:31,M3,60.81,1.64
2026-05-25 21:30:33,M3,89.9,1.63
2026-05-25 21:30:35,M1,73.06,4.48
2026-05-25 21:30:37,M2,58.59,4.66
2026-05-25 21:30:39,M3,92.64,1.79
2026-05-25 21:30:41,M1,61.26,2.5
2026-05-25 21:30:43,M2,58.15,1.28
2026-05-25 21:30:45,M3,57.29,1.52
2026-05-25 21:30:47,M3,68.57,4.03
2026-05-25 21:30:49,M3,91.97,1.64
2026-05-25 21:30:51,M2,60.98,4.44
2026-05-25 21:30:53,M1,61.2,3.3
2026-05-25 21:30:55,M3,74.92,3.6
2026-05-25 21:30:57,M1,87.36,3.27
2026-05-25 21:30:59,M3,80.63,1.54
2026-05-25 21:31:01,M1,58.72,4.54
2026-05-25 21:31:03,M3,63.81,2.1
2026-05-25 21:31:05,M3,68.89,3.95
2026-05-25 21:31:07,M2,84.83,4.31
2026-05-25 21:31:09,M1,77.55,4.01
2026-05-25 21:31:11,M1,88.64,4.04
2026-05-25 21:31:13,M2,92.58,1.61
2026-05-25 21:31:15,M1,59.56,4.47
2026-05-25 21:31:17,M2,57.33,4.07
2026-05-25 21:31:19,M1,89.98,2.99
2026-05-25 21:31:21,M2,83.19,3.91
2026-05-25 21:31:23,M3,82.5,2.69
2026-05-25 21:31:25,M2,72.45,3.23
2026-05-25 21:31:27,M1,57.7,3.65
2026-05-25 21:31:29,M3,57.73,2.13
2026-05-25 21:31:31,M2,71.66,1.62
2026-05-25 21:31:33,M3,88.42,4.14
2026-05-25 21:31:35,M3,63.99,1.89
2026-05-25 21:31:37,M1,72.12,1.42
2026-05-25 21:31:39,M1,74.41,3.28
2026-05-25 21:31:41,M2,94.58,3.61
2026-05-25 21:31:43,M2,66.59,3.39
2026-05-25 21:31:45,M3,89.5,4.94
2026-05-25 21:31:47,M1,72.9,2.32
2026-05-25 21:31:49,M3,75.03,3.68
2026-05-25 21:31:51,M1,81.44,2.72
2026-05-25 21:31:53,M2,64.03,1.67
2026-05-25 21:31:55,M1,56.79,1.69
2026-05-25 21:31:57,M3,56.46,3.4
2026-05-25 21:31:59,M1,79.4,3.09
2026-05-25 21:32:01,M3,56.68,3.43
2026-05-25 21:32:03,M3,71.76,2.84
2026-05-25 21:32:05,M1,70.11,3.55
2026-05-25 21:32:07,M1,91.95,1.47
2026-05-25 21:32:09,M2,89.8,1.34
2026-05-25 21:32:11,M3,82.35,3.25
2026-05-25 21:32:13,M2,56.37,1.58
2026-05-25 21:32:15,M1,92.55,3.8
2026-05-25 21:32:17,M2,92.85,3.65
2026-05-25 21:32:19,M3,57.48,1.84
2026-05-25 21:32:21,M3,82.49,1.09
2026-05-25 21:32:23,M2,77.4,2.96
2026-05-25 21:32:25,M3,56.47,4.93
2026-05-25 21:32:27,M3,68.48,2.06
2026-05-25 21:32:29,M1,65.7,2.77
2026-05-25 21:32:31,M2,77.57,2.98
2026-05-25 21:32:33,M2,74.62,4.19
2026-05-25 21:32:35,M3,72.99,2.12
2026-05-25 21:32:37,M2,77.34,4.07
2026-05-25 21:32:39,M1,59.7,1.02
2026-05-25 21:32:41,M3,63.13,4.29
2026-05-25 21:32:43,M3,71.5,3.5
2026-05-25 21:32:45,M2,79.72,3.22
2026-05-25 21:32:47,M1,82.1,4.88
2026-05-25 21:32:49,M3,81.43,4.56
2026-05-25 21:32:51,M2,71.89,4.26
2026-05-25 21:32:53,M3,87.98,1.33
2026-05-25 21:32:55,M1,70.89,1.29
2026-05-25 21:32:57,M3,57.22,2.26
2026-05-25 21:32:59,M2,82.45,3.77
2026-05-25 21:33:01,M2,75.65,4.22
2026-05-25 21:33:03,M2,72.66,3.26
2026-05-25 21:33:05,M1,65.99,4.23
2026-05-25 21:33:07,M3,89.15,4.65
2026-05-25 21:33:09,M3,62.78,3.15
2026-05-25 21:33:11,M1,78.41,1.98
2026-05-25 21:33:13,M1,92.78,4.84
2026-05-25 21:33:15,M3,60.91,1.83
2026-05-25 21:33:17,M1,67.87,2.12
2026-05-25 21:33:19,M2,75.88,3.22
2026-05-25 21:33:21,M3,72.9,1.59
2026-05-25 21:33:23,M1,76.1,3.41
2026-05-25 21:33:25,M3,88.47,2.07
2026-05-25 21:33:27,M3,76.56,2.53
2026-05-25 21:33:29,M3,68.73,4.01
2026-05-25 21:33:31,M2,67.41,4.37
2026-05-25 21:33:33,M1,87.77,3.89
2026-05-25 21:33:35,M1,93.88,2.07
2026-05-25 21:33:37,M2,91.91,2.21
2026-05-25 21:33:39,M2,64.3,2.48
2026-05-25 21:33:41,M3,63.09,1.83
2026-05-25 21:33:43,M3,77.97,1.88
2026-05-25 21:33:45,M1,81.36,2.89
2026-05-25 21:33:47,M3,78.42,1.31
2026-05-25 21:33:49,M1,77.56,3.85
2026-05-25 21:33:51,M1,60.13,4.93
2026-05-25 21:33:53,M2,84.61,1.01
2026-05-25 21:33:55,M1,69.18,4.31
2026-05-25 21:33:57,M2,57.49,2.38
2026-05-25 21:33:59,M1,84.69,1.32
2026-05-25 21:34:01,M2,84.62,1.7
2026-05-25 21:34:03,M1,77.7,3.46
2026-05-25 21:34:05,M3,58.03,2.46
2026-05-25 21:34:07,M1,71.73,1.96
2026-05-25 21:34:09,M2,61.88,4.42
2026-05-25 21:34:11,M1,83.89,3.65
2026-05-25 21:34:13,M3,63.64,1.33
2026-05-25 21:34:15,M1,71.33,2.68
2026-05-25 21:34:17,M2,90.74,3.47
2026-05-25 21:34:19,M1,69.29,4.07
2026-05-25 21:34:21,M1,67.04,3.18
2026-05-25 21:34:23,M3,75.98,1.35
2026-05-25 21:34:25,M1,73.54,1.35
2026-05-25 21:34:27,M3,83.7,3.3
2026-05-25 21:34:29,M1,62.69,4.53
2026-05-25 21:34:31,M1,83.21,1.8
2026-05-25 21:34:33,M2,83.9,2.62
2026-05-25 21:34:35,M2,59.29,2.66
2026-05-25 21:34:37,M2,92.22,2.92
2026-05-25 21:34:39,M3,66.19,1.67
2026-05-25 21:34:41,M1,68.59,2.74
2026-05-25 21:34:43,M2,82.62,4.05
2026-05-25 21:34:45,M1,72.11,4.44
2026-05-25 21:34:47,M1,81.99,4.3
2026-05-25 21:34:49,M2,56.33,3.81
2026-05-25 21:34:51,M2,81.86,1.67
2026-05-25 21:34:53,M1,90.09,1.73
2026-05-25 21:34:55,M3,64.49,4.77
2026-05-25 21:34:57,M3,57.74,4.03
2026-05-25 21:34:59,M3,69.51,2.21
2026-05-25 21:35:01,M1,80.75,1.06
2026-05-25 21:35:03,M2,72.97,3.63
2026-05-25 21:35:05,M2,82.91,2.54
2026-05-25 21:35:07,M3,83.08,3.06
2026-05-25 21:35:09,M3,60.71,1.58
2026-05-25 21:35:11,M2,68.8,4.34
2026-05-25 21:35:13,M3,70.52,1.12
2026-05-25 21:35:15,M2,60.32,4.1
2026-05-25 21:35:17,M1,74.52,2.1
2026-05-25 21:35:19,M3,77.9,3.76
2026-05-25 21:35:21,M2,61.25,4.62
2026-05-25 21:35:23,M3,90.24,3.2
2026-05-25 21:35:25,M1,64.87,2.77
2026-05-25 21:35:27,M1,91.75,2.22
2026-05-25 21:35:29,M3,84.81,4.5
2026-05-25 21:35:31,M3,84.41,1.02
2026-05-25 21:35:33,M3,84.25,1.35
2026-05-25 21:35:35,M1,75.96,2.98
2026-05-25 21:35:37,M1,58.54,4.62
2026-05-25 21:35:39,M3,55.28,2.42
2026-05-25 21:35:41,M2,55.82,1.82
2026-05-25 21:35:43,M1,72.74,2.44
2026-05-25 21:35:45,M1,67.35,3.59
2026-05-25 21:35:47,M2,59.28,4.14
2026-05-25 21:35:49,M2,91.91,1.66
2026-05-25 21:35:51,M1,78.92,3.25
2026-05-25 21:35:53,M1,55.09,2.21
2026-05-25 21:35:55,M2,71.73,4.21
2026-05-25 21:35:57,M3,55.84,4.94
2026-05-25 21:35:59,M1,79.81,3.63
2026-05-25 21:36:01,M3,69.89,2.52
2026-05-25 21:36:03,M2,74.04,1.69
2026-05-25 21:36:05,M1,63.59,3.13
2026-05-25 21:36:07,M1,89.29,3.12
2026-05-25 21:36:09,M3,85.03,2.73
2026-05-25 21:36:11,M1,67.88,4.6
2026-05-25 21:36:13,M2,84.46,3.34
2026-05-25 21:36:15,M2,94.23,4.12
2026-05-25 21:36:17,M3,91.52,1.85
2026-05-25 21:36:19,M2,64.51,3.34
2026-05-25 21:36:21,M2,82.86,3.72
2026-05-25 21:36:23,M3,69.16,2.45
2026-05-25 21:36:25,M2,59.97,3.5
2026-05-25 21:36:27,M2,75.39,1.04
2026-05-25 21:36:29,M2,87.06,2.68
2026-05-25 21:36:31,M3,72.23,1.23
2026-05-25 21:36:33,M3,65.31,3.65
2026-05-25 21:36:35,M1,63.85,2.69
2026-05-25 21:36:37,M2,65.81,1.02
2026-05-25 21:36:39,M2,84.61,3.03
2026-05-25 21:36:41,M1,71.98,3.57
2026-05-25 21:36:43,M1,61.8,1.12
2026-05-25 21:36:45,M3,57.76,1.22
2026-05-25 21:36:47,M2,94.84,2.65
2026-05-25 21:36:49,M3,66.11,1.38
2026-05-25 21:36:51,M2,67.63,4.77
2026-05-25 21:36:53,M1,67.17,1.82
2026-05-25 21:36:55,M1,68.04,3.48
2026-05-25 21:36:57,M2,58.47,3.24
2026-05-25 21:36:59,M2,63.52,1.67
2026-05-25 21:37:01,M1,57.78,1.25
2026-05-25 21:37:03,M1,78.58,3.45
2026-05-25 21:37:05,M1,65.83,2.63
2026-05-25 21:37:07,M1,65.81,3.93
2026-05-25 21:37:09,M3,76.47,2.12
2026-05-25 21:37:11,M1,72.85,4.07
2026-05-25 21:37:13,M3,82.63,4.77
2026-05-25 21:37:15,M1,92.73,3.85
2026-05-25 21:37:17,M1,88.57,4.14
2026-05-25 21:37:19,M2,55.41,3.09
2026-05-25 21:37:21,M3,62.85,2.87
2026-05-25 21:37:23,M3,61.76,1.26
2026-05-25 21:37:25,M1,94.14,4.42
2026-05-25 21:37:27,M3,82.72,4.33
2026-05-25 21:37:29,M1,83.48,3.26
2026-05-25 21:37:32,M3,76.04,3.32
2026-05-25 21:37:34,M2,65.82,4.51
2026-05-25 21:37:36,M1,69.91,2.38
2026-05-25 21:37:38,M2,59.62,2.12
2026-05-25 21:37:40,M2,61.16,2.08
2026-05-25 21:37:42,M3,81.26,3.32
2026-05-25 21:37:44,M1,83.39,2.8
2026-05-25 21:37:46,M2,68.79,3.22
2026-05-25 21:37:48,M1,81.39,2.41
2026-05-25 21:37:50,M3,74.75,2.89
2026-05-25 21:37:52,M1,90.96,4.35
2026-05-25 21:37:54,M3,80.0,1.96
2026-05-25 21:37:56,M3,65.17,3.18
2026-05-25 21:37:58,M1,94.19,2.37
2026-05-25 21:38:00,M2,74.18,2.28
2026-05-25 21:38:02,M2,66.96,4.75
2026-05-25 21:38:04,M3,57.64,3.54
2026-05-25 21:38:06,M1,63.87,3.83
2026-05-25 21:38:08,M2,76.05,3.72
2026-05-25 21:38:10,M2,56.68,4.46
2026-05-25 21:38:12,M1,91.84,3.83
2026-05-25 21:38:14,M1,84.84,2.38
2026-05-25 21:38:16,M2,80.87,4.69
2026-05-25 21:38:18,M3,69.66,2.17
2026-05-25 21:38:20,M3,77.02,3.18
2026-05-25 21:38:22,M2,84.02,2.17
2026-05-25 21:38:24,M2,62.63,3.51
2026-05-25 21:38:26,M1,91.52,3.16
2026-05-25 21:38:28,M2,86.47,1.68
2026-05-25 21:38:30,M2,83.56,3.63
2026-05-25 21:38:32,M2,60.31,3.93
2026-05-25 21:38:34,M1,67.56,3.34
2026-05-25 21:38:36,M3,66.62,3.48
2026-05-25 21:38:38,M1,76.18,3.7
2026-05-25 21:38:40,M3,85.26,3.5
2026-05-25 21:38:42,M2,78.58,3.4
2026-05-25 21:38:44,M1,83.96,2.2
2026-05-25 21:38:46,M3,69.8,4.95
2026-05-25 21:38:48,M3,94.63,2.21
2026-05-25 21:38:50,M1,61.38,4.77
2026-05-25 21:38:52,M1,78.77,2.16
2026-05-25 21:38:54,M1,88.32,1.25
2026-05-25 21:38:56,M3,83.62,1.56
2026-05-25 21:38:58,M2,66.01,4.46
2026-05-25 21:39:00,M1,89.47,1.76
2026-05-25 21:39:02,M3,86.53,4.76
2026-05-25 21:39:04,M3,57.54,2.81
2026-05-25 21:39:06,M2,86.98,4.99
2026-05-25 21:39:08,M3,74.64,2.84
2026-05-25 21:39:10,M3,90.27,2.27
2026-05-25 21:39:12,M2,90.05,3.79
2026-05-25 21:39:14,M2,55.06,2.18
2026-05-25 21:39:16,M1,92.69,2.32
2026-05-25 21:39:18,M2,85.96,1.46
2026-05-25 21:39:20,M1,64.68,4.02
2026-05-25 21:39:22,M3,93.71,1.73
2026-05-25 21:39:24,M1,73.21,1.88
2026-05-25 21:39:26,M2,83.6,2.12
2026-05-25 21:39:28,M2,67.38,4.45
2026-05-25 21:39:30,M1,76.98,1.47
2026-05-25 21:39:32,M3,92.43,4.85
2026-05-25 21:39:34,M2,89.42,1.92
2026-05-25 21:39:36,M3,81.37,4.69
2026-05-25 21:39:38,M3,89.96,1.99
2026-05-25 21:39:40,M2,91.93,1.31
2026-05-25 21:39:42,M2,93.99,2.28
2026-05-25 21:39:44,M3,55.1,4.93
2026-05-25 21:39:46,M1,64.74,3.45
2026-05-25 21:39:48,M1,60.12,4.03
2026-05-25 21:39:50,M2,93.5,3.61
2026-05-25 21:39:52,M3,86.77,1.91
2026-05-25 21:39:54,M3,58.0,4.84
2026-05-25 21:39:56,M1,77.56,3.07
2026-05-25 21:39:58,M2,58.86,3.83
2026-05-25 21:40:00,M2,65.46,2.22
2026-05-25 21:40:02,M3,80.58,2.66
2026-05-25 21:40:04,M2,70.8,4.55
2026-05-25 21:40:06,M3,69.19,1.47
2026-05-25 21:40:08,M3,61.75,3.1
2026-05-25 21:40:10,M3,89.68,4.55
2026-05-25 21:40:12,M1,88.93,2.85
2026-05-25 21:40:14,M1,89.33,1.09
2026-05-25 21:40:16,M1,68.23,2.36
2026-05-25 21:40:18,M3,84.2,1.54
2026-05-25 21:40:20,M3,85.0,4.52
2026-05-25 21:40:22,M1,79.08,1.68
2026-05-25 21:40:24,M2,83.99,4.16
2026-05-25 21:40:26,M2,93.31,4.5
2026-05-25 21:40:28,M2,75.75,1.01
2026-05-25 21:40:30,M1,79.3,2.39
2026-05-25 21:40:32,M1,88.59,3.97
2026-05-25 21:40:34,M1,64.18,4.05
2026-05-25 21:40:36,M1,62.71,2.79
2026-05-25 21:40:38,M1,94.0,3.15
2026-05-25 21:40:40,M2,82.29,1.69
2026-05-25 21:40:42,M2,88.02,1.05
2026-05-25 21:40:44,M3,88.76,3.21
2026-05-25 21:40:46,M2,57.13,1.54
2026-05-25 21:40:48,M3,81.14,1.51
2026-05-25 21:40:50,M1,76.82,3.48
2026-05-25 21:40:52,M3,69.77,4.69
2026-05-25 21:40:54,M3,68.44,2.58
2026-05-25 21:40:56,M1,79.14,1.01
2026-05-25 21:40:58,M1,64.96,1.23
2026-05-25 21:41:00,M1,90.31,3.5
2026-05-25 21:41:02,M3,56.91,1.77
2026-05-25 21:41:04,M2,78.92,4.93
2026-05-25 21:41:06,M1,85.33,4.57
2026-05-25 21:41:08,M1,82.69,4.21
2026-05-25 21:41:10,M2,82.24,1.87
2026-05-25 21:41:12,M3,84.54,3.46
2026-05-25 21:41:14,M2,94.54,4.13
2026-05-25 21:41:16,M1,59.47,2.44
2026-05-25 21:41:18,M3,81.85,4.45
2026-05-25 21:41:20,M3,89.95,2.08
2026-05-25 21:41:22,M2,88.02,2.11
2026-05-25 21:41:24,M2,84.68,2.18
2026-05-25 21:41:26,M3,84.18,4.89
2026-05-25 21:41:28,M3,83.67,2.94
2026-05-25 21:41:30,M2,66.62,2.46
2026-05-25 21:41:32,M3,56.48,3.38
2026-05-25 21:41:34,M2,93.17,3.91
2026-05-25 21:41:36,M1,63.78,4.17
2026-05-25 21:41:38,M2,87.59,1.99
2026-05-25 21:41:40,M3,57.02,1.72
2026-05-25 21:41:42,M3,77.61,4.01
2026-05-25 21:41:44,M3,87.65,3.73
2026-05-25 21:41:46,M1,93.16,4.01
2026-05-25 21:41:48,M3,58.36,3.32
2026-05-25 21:41:50,M1,55.32,2.03
2026-05-25 21:41:52,M2,76.2,1.59
2026-05-25 21:41:54,M3,70.25,3.36
2026-05-25 21:41:56,M2,59.77,3.75
2026-05-25 21:41:58,M2,57.3,4.51
2026-05-25 21:42:00,M2,89.71,1.79
2026-05-25 21:42:02,M2,73.76,1.07
2026-05-25 21:42:04,M1,68.71,4.04
2026-05-25 21:42:06,M1,64.92,2.12
2026-05-25 21:42:08,M1,88.77,1.84
2026-05-25 21:42:10,M2,91.01,4.98
2026-05-25 21:42:12,M2,64.54,1.41
2026-05-25 21:42:14,M3,70.98,2.31
2026-05-25 21:42:16,M2,86.68,3.87
2026-05-25 21:42:18,M3,83.79,3.04
2026-05-25 21:42:20,M2,68.33,2.58
2026-05-25 21:42:22,M3,58.54,1.05
2026-05-25 21:42:24,M1,69.72,1.73
2026-05-25 21:42:26,M3,90.05,1.84
2026-05-25 21:42:28,M1,80.25,3.69
2026-05-25 21:42:30,M1,79.28,4.68
2026-05-25 21:42:32,M2,83.22,1.18
2026-05-25 21:42:34,M3,89.39,3.42
2026-05-25 21:42:36,M2,77.21,1.06
2026-05-25 21:42:38,M1,73.98,3.91
2026-05-25 21:42:40,M3,94.7,3.42
2026-05-25 21:42:42,M3,75.28,3.97
2026-05-25 21:42:44,M1,59.16,2.05
2026-05-25 21:42:46,M2,72.14,4.97
2026-05-25 21:42:48,M1,87.09,4.83
2026-05-25 21:42:50,M2,58.36,4.81
2026-05-25 21:42:52,M1,71.47,4.25
2026-05-25 21:42:54,M1,60.7,4.89
2026-05-25 21:42:56,M2,80.7,2.56
2026-05-25 21:42:58,M2,77.94,3.24
2026-05-25 21:43:00,M1,82.2,2.35
2026-05-25 21:43:02,M2,72.93,2.9
2026-05-25 21:43:04,M2,60.58,2.9
2026-05-25 21:43:06,M1,88.12,4.72
2026-05-25 21:43:08,M2,71.08,1.4
2026-05-25 21:43:10,M2,59.85,3.25
2026-05-25 21:43:12,M1,87.38,4.17
2026-05-25 21:43:14,M3,93.22,4.1
2026-05-25 21:43:16,M2,71.05,3.52
2026-05-25 21:43:18,M2,68.57,1.11
2026-05-25 21:43:20,M3,70.72,2.22
2026-05-25 21:43:22,M1,85.01,2.21
2026-05-25 21:43:24,M3,77.21,1.91
2026-05-25 21:43:26,M3,57.97,4.57
2026-05-25 21:43:28,M1,78.73,2.48
2026-05-25 21:43:30,M2,92.58,3.87
2026-05-25 21:43:32,M2,76.09,1.85
2026-05-25 21:43:34,M1,61.17,1.24
2026-05-25 21:43:36,M1,55.38,4.12
2026-05-25 21:43:38,M1,84.57,1.06
2026-05-25 21:43:40,M2,67.24,1.03
2026-05-25 21:43:42,M1,91.66,4.46
2026-05-25 21:43:44,M2,87.48,3.63
2026-05-25 21:43:46,M3,70.68,2.08
2026-05-25 21:43:48,M3,59.82,3.22
2026-05-25 21:43:50,M2,73.21,4.15
2026-05-25 21:43:52,M2,67.81,2.1
2026-05-25 21:43:54,M2,64.98,4.71
2026-05-25 21:43:56,M1,66.48,2.18
2026-05-25 21:43:58,M2,68.53,3.61
2026-05-25 21:44:00,M1,57.34,3.0
2026-05-25 21:44:02,M1,94.16,3.67
2026-05-25 21:44:04,M3,67.93,2.52
2026-05-25 21:44:06,M3,70.29,4.04
2026-05-25 21:44:08,M2,91.96,3.16
2026-05-25 21:44:10,M3,65.14,4.0
2026-05-25 21:44:12,M3,83.73,4.44
2026-05-25 21:44:14,M3,56.36,4.34
2026-05-25 21:44:16,M2,88.61,4.79
2026-05-25 21:44:18,M2,81.11,1.75
2026-05-25 21:44:20,M3,62.27,3.51
2026-05-25 21:44:22,M3,92.8,1.34
2026-05-25 21:44:24,M1,74.42,3.77
2026-05-25 21:44:26,M2,86.34,1.31
2026-05-25 21:44:28,M3,71.13,4.28
2026-05-25 21:44:30,M1,64.93,2.74
2026-05-25 21:44:32,M2,85.31,2.56
2026-05-25 21:44:34,M3,88.07,1.3
2026-05-25 21:44:36,M2,91.02,1.14
2026-05-25 21:44:38,M1,58.56,4.64
2026-05-25 21:44:40,M2,69.13,4.54
2026-05-25 21:44:42,M2,64.15,2.41
2026-05-25 21:44:44,M1,76.55,1.09
2026-05-25 21:44:46,M2,71.27,4.66
2026-05-25 21:44:48,M1,56.69,1.84
2026-05-25 21:44:50,M2,85.44,2.43
2026-05-25 21:44:52,M3,79.54,4.47
2026-05-25 21:44:54,M2,88.96,1.67
2026-05-25 21:44:56,M2,75.26,1.35
2026-05-25 21:44:58,M3,63.41,2.02
2026-05-25 21:45:00,M2,68.52,1.31
2026-05-25 21:45:09,M3,65.48,4.0
2026-05-25 21:45:12,M1,77.45,3.68
2026-05-25 21:45:14,M3,65.04,4.87
2026-05-25 21:45:16,M1,59.5,4.51
2026-05-25 21:45:18,M1,70.56,4.71
2026-05-25 21:45:20,M2,91.87,1.34
2026-05-25 21:45:22,M1,63.91,2.34
2026-05-25 21:45:24,M3,60.03,2.09
2026-05-25 21:45:26,M1,81.72,1.74
2026-05-25 21:45:28,M1,76.77,4.5
2026-05-25 21:45:30,M2,92.96,1.59
2026-05-25 21:45:32,M3,62.6,1.54
2026-05-25 21:45:34,M3,68.83,4.94
2026-05-25 21:45:36,M3,94.59,3.56
2026-05-25 21:45:38,M3,78.09,4.35
2026-05-25 21:45:40,M3,77.41,4.4
2026-05-25 21:45:42,M2,81.65,1.66
2026-05-25 21:45:44,M3,85.07,2.32
2026-05-25 21:45:46,M3,92.42,1.09
2026-05-25 21:45:48,M1,80.96,4.73
2026-05-25 21:45:50,M3,85.44,2.85
2026-05-25 21:45:52,M1,77.93,3.12
2026-05-25 21:45:54,M2,83.19,3.8
2026-05-25 21:45:56,M1,65.38,3.04
2026-05-25 21:45:58,M1,89.33,2.03
2026-05-25 21:46:00,M3,93.63,1.08
2026-05-25 21:46:02,M3,62.25,3.55
2026-05-25 21:46:04,M1,61.96,2.74
2026-05-25 21:46:06,M1,66.93,4.54
2026-05-25 21:46:08,M1,75.86,2.74
2026-05-25 21:46:10,M1,64.14,3.13
2026-05-25 21:46:12,M3,58.44,4.93
2026-05-25 21:46:14,M2,69.1,3.55
2026-05-25 21:46:16,M1,85.48,3.93
2026-05-25 21:46:18,M2,62.13,4.66
2026-05-25 21:46:20,M3,72.51,4.56
2026-05-25 21:46:22,M3,94.96,4.49
2026-05-25 21:46:24,M1,81.05,4.91
2026-05-25 21:46:26,M1,78.45,1.65
2026-05-25 21:46:28,M1,93.54,4.7
2026-05-25 21:46:30,M3,92.82,4.27
2026-05-25 21:46:32,M3,90.69,3.87
2026-05-25 21:46:34,M1,81.55,2.84
2026-05-25 21:46:36,M1,55.2,4.76
2026-05-25 21:46:46,M1,87.29,4.13
2026-05-25 21:46:48,M2,79.69,2.62
2026-05-25 21:46:50,M2,61.33,1.09
2026-05-25 21:46:52,M1,65.69,2.11
2026-05-25 21:46:54,M1,87.78,1.86
2026-05-25 21:46:56,M3,75.43,2.39
2026-05-25 21:46:58,M2,67.17,3.38
2026-05-25 21:47:00,M2,65.93,2.47
2026-05-25 21:47:02,M1,91.97,4.2
2026-05-25 21:47:04,M2,81.57,4.57
2026-05-25 21:47:06,M3,61.3,4.28
2026-05-25 21:47:08,M2,91.77,1.42
2026-05-25 21:47:10,M2,72.82,4.17
2026-05-25 21:47:12,M1,87.67,4.59
2026-05-25 21:47:14,M1,55.73,3.94
2026-05-25 21:47:16,M3,82.53,2.13
2026-05-25 21:47:18,M2,76.4,2.75
2026-05-25 21:47:20,M1,58.01,4.28
2026-05-25 21:47:22,M1,74.84,1.63
2026-05-25 21:47:24,M3,74.89,3.22
2026-05-25 21:47:26,M2,81.97,4.38
2026-05-25 21:47:28,M1,64.33,4.95
2026-05-25 21:47:30,M3,65.58,4.24
2026-05-25 21:47:32,M2,57.41,1.76
2026-05-25 21:47:34,M1,69.32,3.45
2026-05-25 21:47:36,M2,89.38,1.98
2026-05-25 21:47:38,M1,72.45,2.04
2026-05-25 21:47:40,M2,73.21,1.47
2026-05-25 21:47:42,M1,91.64,4.2
2026-05-25 21:47:44,M2,86.73,1.23
2026-05-25 21:47:46,M2,61.65,4.01
2026-05-25 21:47:48,M3,93.32,1.62
2026-05-25 21:47:50,M1,77.78,2.28
2026-05-25 21:47:52,M2,74.86,1.9
2026-05-25 21:47:54,M2,76.45,3.13
2026-05-25 21:47:56,M1,58.68,4.32
2026-05-25 21:47:58,M1,72.42,4.99
2026-05-25 21:48:00,M3,83.74,2.21
2026-05-25 21:48:02,M2,77.06,1.56
2026-05-25 21:48:04,M3,78.48,3.81
2026-05-25 21:48:06,M3,74.92,4.09
2026-05-25 21:48:08,M3,77.14,3.09
2026-05-25 21:48:10,M3,94.61,1.29
2026-05-25 21:48:12,M1,78.09,1.66
2026-05-25 21:48:14,M2,74.97,3.99
2026-05-25 21:48:16,M1,81.23,4.72
2026-05-25 21:48:18,M1,62.46,3.39
2026-05-25 21:48:20,M1,59.8,2.99
2026-05-25 21:48:22,M2,90.13,4.58
2026-05-25 21:48:24,M2,92.78,4.63
2026-05-25 21:48:26,M3,68.0,4.01
2026-05-25 21:48:28,M2,87.77,1.37
2026-05-25 21:48:30,M1,64.63,1.67
2026-05-25 21:48:32,M2,74.54,2.14
2026-05-25 21:48:34,M2,92.77,4.04
2026-05-25 21:48:36,M2,67.95,1.03
2026-05-25 21:48:38,M2,92.38,3.66
2026-05-25 21:48:40,M1,72.75,3.93
2026-05-25 21:48:42,M1,88.98,1.63
2026-05-25 21:48:44,M1,61.14,3.56
2026-05-25 21:48:46,M1,62.89,2.69
2026-05-25 21:48:48,M2,61.15,4.1
2026-05-25 21:48:50,M1,83.81,2.87
2026-05-25 21:48:52,M1,79.91,4.62
2026-05-25 21:48:54,M3,67.41,1.29
2026-05-25 21:48:56,M3,93.34,2.42
2026-05-25 21:48:58,M1,58.55,3.51
2026-05-25 21:49:00,M3,67.55,2.31
2026-05-25 21:49:02,M3,91.15,3.07
2026-05-25 21:49:04,M2,91.32,2.89
2026-05-25 21:49:06,M3,67.85,2.57
2026-05-25 21:49:08,M2,90.41,1.68
2026-05-25 21:49:10,M2,89.26,3.89
2026-05-25 21:49:12,M2,87.61,1.48
2026-05-25 21:49:14,M1,84.01,2.35
2026-05-25 21:49:16,M1,77.52,4.5
2026-05-25 21:49:18,M2,64.8,1.32
2026-05-25 21:49:20,M1,93.51,1.85
2026-05-25 21:49:22,M2,89.32,4.99
2026-05-25 21:49:24,M1,61.39,1.62
2026-05-25 21:49:26,M1,92.34,4.22
2026-05-25 21:49:28,M3,76.01,2.73
2026-05-25 21:49:30,M1,63.57,1.74
2026-05-25 21:49:32,M1,80.83,3.35
2026-05-25 21:49:34,M3,89.6,1.42
2026-05-25 21:49:36,M3,67.08,4.79
2026-05-25 21:49:38,M3,69.28,4.43
2026-05-25 21:49:40,M2,89.33,4.13
2026-05-25 21:49:42,M2,86.71,3.37
2026-05-25 21:49:44,M2,78.21,1.04
2026-05-25 21:49:46,M2,83.91,3.7
2026-05-25 21:49:48,M1,74.82,3.47
2026-05-25 21:49:50,M3,74.41,2.08
2026-05-25 21:49:52,M3,88.98,2.52
2026-05-25 21:49:54,M3,59.9,2.15
2026-05-25 21:49:56,M3,57.59,1.2
2026-05-25 21:49:58,M3,70.33,1.34
2026-05-25 21:50:00,M3,66.13,3.32
2026-05-25 21:50:02,M1,71.15,3.55
2026-05-25 21:50:04,M3,76.21,4.77
2026-05-25 21:50:06,M3,91.6,1.31
2026-05-25 21:50:08,M3,73.75,2.91
2026-05-25 21:50:10,M2,71.67,4.54
2026-05-25 21:50:12,M3,72.81,4.63
2026-05-25 21:50:14,M2,94.12,1.04
2026-05-25 21:50:16,M3,88.68,1.97
2026-05-25 21:50:19,M2,93.83,2.53
2026-05-25 21:50:21,M3,83.54,2.94
2026-05-25 21:50:23,M1,60.49,1.63
2026-05-25 21:50:25,M3,78.06,4.32
2026-05-25 21:50:27,M2,77.97,2.84
2026-05-25 21:50:29,M1,88.38,1.73
2026-05-25 21:50:31,M3,64.27,1.79
2026-05-25 21:50:33,M1,56.19,3.05
2026-05-25 21:50:35,M3,71.64,2.99
2026-05-25 21:50:37,M3,83.07,2.06
2026-05-25 21:50:39,M2,87.73,3.16
2026-05-25 21:50:41,M3,90.25,4.98
2026-05-25 21:50:43,M2,75.07,4.89
2026-05-25 21:50:45,M3,88.05,3.3
2026-05-25 21:50:47,M3,94.75,2.89
2026-05-25 21:50:49,M2,76.21,1.52
2026-05-25 21:50:51,M1,56.28,3.93
2026-05-25 21:50:53,M3,94.74,3.12
2026-05-25 21:50:55,M2,88.09,1.83
2026-05-25 21:50:57,M3,77.02,3.56
2026-05-25 21:50:59,M2,75.5,1.79
2026-05-25 21:51:01,M1,58.59,2.54
2026-05-25 21:51:03,M2,69.5,3.75
2026-05-25 21:51:05,M2,84.78,2.85
2026-05-25 21:51:07,M2,62.71,3.42
2026-05-25 21:51:09,M3,64.11,3.31
2026-05-25 21:51:11,M2,91.1,1.27
2026-05-25 21:51:13,M2,77.01,2.6
2026-05-25 21:51:15,M2,94.82,4.73
2026-05-25 21:51:17,M2,61.01,3.87
2026-05-25 21:51:19,M1,75.64,1.5
2026-05-25 21:51:21,M3,82.98,2.92
2026-05-25 21:51:23,M3,74.66,1.37
2026-05-25 21:51:25,M3,63.84,3.03
2026-05-25 21:51:27,M3,92.34,4.77
2026-05-25 21:51:29,M2,76.32,4.66
2026-05-25 21:51:31,M3,57.14,3.96
2026-05-25 21:51:33,M3,71.46,4.81
2026-05-25 21:51:35,M3,93.86,4.44
2026-05-25 21:51:37,M2,70.03,2.02
2026-05-25 21:51:39,M1,70.25,2.51
2026-05-25 21:51:41,M3,94.91,1.11
2026-05-25 21:51:43,M3,72.76,1.7
2026-05-25 21:51:45,M1,59.51,4.1
2026-05-25 21:51:47,M1,94.09,3.52
2026-05-25 21:51:49,M3,91.91,1.75
2026-05-25 21:51:51,M2,68.51,4.26
2026-05-25 21:51:53,M3,55.0,2.06
2026-05-25 21:51:55,M2,91.76,3.52
2026-05-25 21:51:57,M1,83.42,4.53
2026-05-25 21:51:59,M2,73.16,3.25
2026-05-25 21:52:01,M2,63.57,4.11
2026-05-25 21:52:03,M2,68.2,2.81
2026-05-25 21:52:05,M2,59.39,4.06
2026-05-25 21:52:07,M2,87.88,1.16
2026-05-25 21:52:09,M1,86.78,2.97
2026-05-25 21:52:11,M3,77.84,3.96
2026-05-25 21:52:13,M1,75.72,4.93
2026-05-25 21:52:15,M2,65.22,4.51
2026-05-25 21:52:17,M3,74.57,4.83
2026-05-25 21:52:19,M3,90.52,2.55
2026-05-25 21:52:21,M3,84.81,4.16
2026-05-25 21:52:23,M3,79.32,4.37
2026-05-25 21:52:25,M2,94.21,2.96
2026-05-25 21:52:27,M3,71.46,2.86
2026-05-25 21:52:29,M1,71.11,2.07
2026-05-25 21:52:31,M3,69.26,3.63
2026-05-25 21:52:33,M1,78.98,1.03
2026-05-25 21:52:35,M3,76.24,4.85
2026-05-25 21:52:37,M1,89.73,2.44
2026-05-25 21:52:39,M1,86.69,2.51
2026-05-25 21:52:41,M1,68.94,4.88
2026-05-25 21:52:43,M3,85.45,1.57
2026-05-25 21:52:45,M1,61.86,3.39
2026-05-25 21:52:47,M1,80.81,2.75
2026-05-25 21:52:49,M2,92.53,1.62
2026-05-25 21:52:51,M1,61.83,1.99
2026-05-25 21:52:53,M2,86.06,2.47
2026-05-25 21:52:55,M2,90.28,3.97
2026-05-25 21:52:57,M1,94.58,1.56
2026-05-25 21:52:59,M1,72.38,1.01
2026-05-25 21:53:01,M2,75.79,1.64
2026-05-25 21:53:03,M2,86.93,3.2
2026-05-25 21:53:05,M2,78.18,2.04
2026-05-25 21:53:07,M2,71.1,2.41
2026-05-25 21:53:09,M2,57.54,4.65
2026-05-25 21:53:11,M1,80.98,4.73
2026-05-25 21:53:13,M1,70.11,3.25
2026-05-25 21:53:15,M2,76.39,3.5
2026-05-25 21:53:17,M3,55.93,3.06
2026-05-25 21:53:19,M1,75.35,1.22
2026-05-25 21:53:21,M1,74.66,3.17
2026-05-25 21:53:23,M1,91.34,3.0
2026-05-25 21:53:25,M2,67.61,1.36
2026-05-25 21:53:27,M1,60.57,1.01
2026-05-25 21:53:29,M2,72.95,1.35
2026-05-25 21:53:31,M2,62.75,1.45
2026-05-25 21:53:33,M3,82.72,2.96
2026-05-25 21:53:35,M2,62.13,4.21
2026-05-25 21:53:37,M2,82.6,2.44
2026-05-25 21:53:39,M2,66.56,2.45
2026-05-25 21:53:41,M1,63.05,1.32
2026-05-25 21:53:43,M1,56.06,3.64
2026-05-25 21:53:45,M3,85.89,4.18
2026-05-25 21:53:47,M3,87.73,3.76
2026-05-25 21:53:49,M1,79.39,1.43
2026-05-25 21:53:51,M3,66.67,4.47
2026-05-25 21:53:53,M1,76.54,4.54
2026-05-25 21:53:55,M2,71.65,2.68
2026-05-25 21:53:57,M3,82.81,2.18
2026-05-25 21:53:59,M1,60.67,3.09
2026-05-25 21:54:01,M3,63.42,2.22
2026-05-25 21:54:03,M2,81.14,1.33
2026-05-25 21:54:05,M3,69.11,4.55
2026-05-25 21:54:07,M3,94.01,3.85
2026-05-25 21:54:09,M2,69.34,1.41
2026-05-25 21:54:11,M3,80.26,1.82
2026-05-25 21:54:13,M3,81.4,3.42
2026-05-25 21:54:15,M3,62.54,3.56
2026-05-25 21:54:17,M1,65.46,3.62
2026-05-25 21:54:19,M1,73.37,3.44
2026-05-25 21:54:21,M2,59.68,4.8
2026-05-25 21:54:23,M3,94.8,2.58
2026-05-25 21:54:25,M2,82.79,1.89
2026-05-25 21:54:27,M1,75.47,1.09
2026-05-25 21:54:29,M2,74.23,4.41
2026-05-25 21:54:31,M2,64.22,4.75
2026-05-25 21:54:33,M3,81.78,1.74
2026-05-25 21:54:35,M2,90.32,3.7
2026-05-25 21:54:37,M1,78.35,3.08
2026-05-25 21:54:39,M3,70.3,1.96
2026-05-25 21:54:41,M1,86.36,1.97
2026-05-25 21:54:43,M3,57.91,4.18
2026-05-25 21:54:45,M2,65.83,1.24
2026-05-25 21:54:47,M2,57.17,3.25
2026-05-25 21:54:49,M3,94.21,1.18
2026-05-25 21:54:51,M1,86.71,2.21
2026-05-25 21:54:53,M2,77.32,1.67
2026-05-25 21:54:55,M1,82.35,1.06
2026-05-25 21:54:57,M2,76.4,2.77
2026-05-25 21:54:59,M3,85.05,1.46
2026-05-25 21:55:01,M2,94.95,3.08
2026-05-25 21:55:03,M2,55.77,4.29
2026-05-25 21:55:05,M1,69.05,4.3
2026-05-25 21:55:07,M3,60.96,1.91
2026-05-25 21:55:09,M3,74.95,2.43
2026-05-25 21:55:11,M3,76.65,2.04
2026-05-25 21:55:13,M1,91.03,1.15
2026-05-25 21:55:15,M2,89.08,3.45
2026-05-25 21:55:17,M1,84.5,1.57
2026-05-25 21:55:19,M2,85.88,1.64
2026-05-25 21:55:21,M2,71.13,2.07
2026-05-25 21:55:23,M3,72.17,2.94
2026-05-25 21:55:25,M2,90.87,4.25
2026-05-25 21:55:27,M1,66.66,3.42
2026-05-25 21:55:29,M3,58.29,4.19
2026-05-25 21:55:31,M2,70.91,1.61
2026-05-25 21:55:33,M3,63.3,2.05
2026-05-25 21:55:35,M3,85.49,3.15
2026-05-25 21:55:37,M3,92.9,3.34
2026-05-25 21:55:39,M3,70.84,4.15
2026-05-25 21:55:41,M3,78.38,4.67
2026-05-25 21:55:43,M2,81.24,4.82
2026-05-25 21:55:45,M3,74.13,1.13
2026-05-25 21:55:47,M3,90.2,2.18
2026-05-25 21:55:49,M3,62.7,2.53
2026-05-25 21:55:51,M1,92.17,2.07
2026-05-25 21:55:53,M2,79.41,4.42
2026-05-25 21:55:55,M3,63.36,4.62
2026-05-25 21:55:57,M3,93.2,4.23
2026-05-25 21:55:59,M2,56.28,3.09
2026-05-25 21:56:01,M2,68.47,4.75
2026-05-25 21:56:03,M2,56.81,1.35
2026-05-25 21:56:05,M1,61.81,1.1
2026-05-25 21:56:07,M2,82.05,3.88
2026-05-25 21:56:09,M2,73.36,2.77
2026-05-25 21:56:11,M3,80.46,4.35
2026-05-25 21:56:13,M3,77.98,1.56
2026-05-25 21:56:15,M2,88.3,3.7
2026-05-25 21:56:17,M3,63.42,1.83
2026-05-25 21:56:19,M2,90.33,2.39
2026-05-25 21:56:21,M2,82.95,1.3
2026-05-25 21:56:23,M1,76.59,4.72
2026-05-25 21:56:25,M1,69.14,2.28
2026-05-25 21:56:27,M2,82.97,1.89
2026-05-25 21:56:29,M3,85.65,3.09
2026-05-25 21:56:32,M1,82.04,2.45
2026-05-25 21:56:34,M3,68.46,3.59
2026-05-25 21:56:36,M1,80.97,2.39
2026-05-25 21:56:38,M1,78.14,1.85
2026-05-25 21:56:40,M3,65.99,3.01
2026-05-25 21:56:42,M3,75.89,2.22
2026-05-25 21:56:44,M2,64.78,2.78
2026-05-25 21:56:46,M2,84.48,1.95
2026-05-25 21:56:48,M3,66.45,3.1
2026-05-25 21:56:50,M3,64.18,2.81
2026-05-25 21:56:52,M3,78.18,1.27
2026-05-25 21:56:54,M3,71.78,2.19
2026-05-25 21:56:56,M3,56.24,4.47
2026-05-25 21:56:58,M3,81.58,2.74
2026-05-25 21:57:00,M1,84.07,1.1
2026-05-25 21:57:02,M3,72.72,2.26
2026-05-25 21:57:04,M3,86.55,1.26
2026-05-25 21:57:06,M3,89.45,4.87
2026-05-25 21:57:08,M1,91.85,1.82
2026-05-25 21:57:10,M1,93.05,3.36
2026-05-25 21:57:12,M3,72.47,1.15
2026-05-25 21:57:14,M3,90.14,1.39
2026-05-25 21:57:16,M1,82.33,4.35
2026-05-25 21:57:18,M1,77.63,3.16
2026-05-25 21:57:20,M3,80.38,3.53
2026-05-25 21:57:22,M3,69.68,4.42
2026-05-25 21:57:24,M2,57.07,1.64
2026-05-25 21:57:26,M3,74.96,4.85
2026-05-25 21:57:28,M3,57.05,4.28
2026-05-25 21:57:30,M1,60.33,3.18
2026-05-25 21:57:32,M3,66.76,2.27
2026-05-25 21:57:34,M2,67.09,1.1
2026-05-25 21:57:36,M1,58.3,4.64
2026-05-25 21:57:38,M1,63.45,4.36
2026-05-25 21:57:40,M3,78.29,4.9
2026-05-25 21:57:42,M3,61.1,2.48
2026-05-25 21:57:44,M3,63.28,3.42
2026-05-25 21:57:46,M1,56.37,4.81
2026-05-25 21:57:48,M1,65.63,2.91
2026-05-25 21:57:50,M1,61.18,4.58
2026-05-25 21:57:52,M2,67.93,4.95
2026-05-25 21:57:54,M2,82.02,3.63
2026-05-25 21:57:56,M3,60.25,3.9
2026-05-25 21:57:58,M1,75.11,4.69
2026-05-25 21:58:00,M2,82.43,4.82
2026-05-25 21:58:02,M2,65.19,3.98
2026-05-25 21:58:04,M3,65.28,1.4
2026-05-25 21:58:06,M2,66.81,4.79
2026-05-25 21:58:08,M1,75.32,4.75
2026-05-25 21:58:10,M3,61.5,1.18
2026-05-25 21:58:12,M3,93.82,3.2
2026-05-25 21:58:14,M1,92.5,1.72
2026-05-25 21:58:16,M1,62.98,4.92
2026-05-25 21:58:18,M1,80.43,3.9
2026-05-25 21:58:20,M1,80.45,3.32
2026-05-25 21:58:22,M2,90.38,1.74
2026-05-25 21:58:24,M1,64.61,1.11
2026-05-25 21:58:26,M2,58.81,4.99
2026-05-25 21:58:28,M3,81.44,3.02
2026-05-25 21:58:30,M3,63.78,2.68
2026-05-25 21:58:32,M3,65.36,2.47
2026-05-25 21:58:34,M3,66.91,2.67
2026-05-25 21:58:36,M3,88.18,1.65
2026-05-25 21:58:38,M3,90.34,4.6
2026-05-25 21:58:40,M2,88.8,4.55
2026-05-25 21:58:42,M3,87.91,3.47
2026-05-25 21:58:44,M2,81.15,1.25
2026-05-25 21:58:46,M1,78.48,4.8
2026-05-25 21:58:48,M1,77.17,4.86
2026-05-25 21:58:50,M2,94.38,1.93
2026-05-25 21:58:52,M3,65.71,1.49
2026-05-25 21:58:54,M1,80.42,4.39
2026-05-25 21:58:56,M1,60.35,1.35
2026-05-25 21:58:58,M2,74.56,2.16
2026-05-25 21:59:00,M3,85.42,4.91
2026-05-25 21:59:02,M3,89.48,3.26
2026-05-25 21:59:04,M1,58.28,1.83
2026-05-25 21:59:06,M1,90.97,4.53
2026-05-25 21:59:08,M3,90.2,4.45
2026-05-25 21:59:10,M3,74.0,1.91
2026-05-25 21:59:12,M1,92.99,1.47
2026-05-25 21:59:14,M2,66.86,1.38
2026-05-25 21:59:16,M3,91.41,2.57
2026-05-25 21:59:18,M2,64.82,1.84
2026-05-25 21:59:20,M2,72.19,4.61
2026-05-25 21:59:22,M1,78.09,2.39
2026-05-25 21:59:24,M3,67.43,4.56
2026-05-25 21:59:26,M3,94.63,2.8
2026-05-25 21:59:28,M3,58.16,3.48
2026-05-25 21:59:30,M2,85.23,4.54
2026-05-25 21:59:32,M1,59.8,1.59
2026-05-25 21:59:34,M2,69.1,1.57
2026-05-25 21:59:36,M3,75.96,4.84
2026-05-25 21:59:38,M2,68.81,2.12
2026-05-25 21:59:40,M1,58.28,3.27
2026-05-25 21:59:42,M1,80.58,2.8
2026-05-25 21:59:44,M3,59.52,2.09
2026-05-25 21:59:46,M1,56.07,2.65
2026-05-25 21:59:48,M2,77.91,1.58
2026-05-25 21:59:50,M3,81.34,2.2
2026-05-25 21:59:52,M2,65.3,1.83
2026-05-25 21:59:54,M2,79.39,1.03
2026-05-25 21:59:56,M2,93.2,3.31
2026-05-25 21:59:58,M2,84.92,3.34
2026-05-25 22:00:00,M3,71.14,2.26
2026-05-25 22:00:02,M2,66.34,3.52
2026-05-25 22:00:04,M3,55.83,4.55
2026-05-25 22:00:06,M2,92.3,3.34
2026-05-25 22:00:08,M2,80.37,4.4
2026-05-25 22:00:10,M3,66.99,2.2
2026-05-25 22:00:12,M1,59.94,4.53
2026-05-25 22:00:14,M2,63.68,2.92
2026-05-25 22:00:16,M3,88.54,1.36
2026-05-25 22:00:18,M1,61.0,1.5
2026-05-25 22:00:20,M2,83.96,2.03
2026-05-25 22:00:22,M1,66.33,1.83
2026-05-25 22:00:24,M2,83.84,3.51
2026-05-25 22:00:26,M1,93.01,2.74
2026-05-25 22:00:28,M1,88.33,3.78
2026-05-25 22:00:30,M2,84.58,3.7
2026-05-25 22:00:32,M2,73.74,3.46
2026-05-25 22:00:34,M3,55.77,4.72
2026-05-25 22:00:36,M3,88.0,2.17
2026-05-25 22:00:38,M2,74.39,3.09
2026-05-25 22:00:40,M2,68.99,1.12
2026-05-25 22:00:42,M1,74.07,3.06
2026-05-25 22:00:44,M3,67.12,2.29
2026-05-25 22:00:46,M3,91.08,3.81
2026-05-25 22:00:48,M3,70.63,3.03
2026-05-25 22:00:50,M2,94.29,3.09
2026-05-25 22:00:52,M2,86.06,1.06
2026-05-25 22:00:54,M1,67.22,3.22
2026-05-25 22:00:56,M3,60.4,2.15
2026-05-25 22:00:58,M1,91.89,2.87
2026-05-25 22:01:00,M2,77.52,2.99
2026-05-25 22:01:02,M3,78.77,2.42
2026-05-25 22:01:04,M2,59.02,1.22
2026-05-25 22:01:06,M1,72.23,2.08
2026-05-25 22:01:08,M1,78.4,4.42
2026-05-25 22:01:10,M1,90.3,4.06
2026-05-25 22:01:12,M1,64.09,2.94
2026-05-25 22:01:14,M3,64.93,1.58
2026-05-25 22:01:16,M1,73.38,4.9
2026-05-25 22:01:18,M2,57.49,1.74
2026-05-25 22:01:20,M3,61.99,4.74
2026-05-25 22:01:22,M3,71.55,2.53
2026-05-25 22:01:24,M2,90.87,3.9
2026-05-25 22:01:26,M3,64.31,1.56
2026-05-25 22:01:28,M1,67.49,1.59
2026-05-25 22:01:30,M3,76.96,3.94
2026-05-25 22:01:32,M2,79.89,4.78
2026-05-25 22:01:34,M1,61.32,3.37
2026-05-25 22:01:36,M3,56.08,2.88
2026-05-25 22:01:38,M3,84.81,1.79
2026-05-25 22:01:40,M1,77.28,2.42
2026-05-25 22:01:42,M2,61.01,3.13
2026-05-25 22:01:44,M2,92.85,3.11
2026-05-25 22:01:46,M1,79.44,4.33
2026-05-25 22:01:48,M2,70.0,1.96
2026-05-25 22:01:50,M3,93.47,4.91
2026-05-25 22:01:52,M2,60.44,2.5
2026-05-25 22:01:54,M1,80.1,1.53
2026-05-25 22:01:56,M1,71.12,3.55
2026-05-25 22:01:58,M3,55.12,1.71
2026-05-25 22:02:00,M3,62.5,3.78
2026-05-25 22:02:02,M1,63.42,4.84
2026-05-25 22:02:04,M2,82.92,4.36
2026-05-26 01:02:04,M1,92.97,3.3
2026-05-26 01:02:06,M1,80.83,4.8
2026-05-26 01:02:08,M1,66.31,1.81
2026-05-26 01:02:10,M1,70.61,4.59
2026-05-26 01:02:12,M2,88.43,3.44
2026-05-26 09:30:33,M2,76.47,1.47
2026-05-26 09:30:35,M1,94.17,1.32
2026-05-26 09:30:37,M3,58.02,1.1
2026-05-26 09:30:39,M3,57.01,1.76
2026-05-26 09:30:41,M2,93.34,1.82
2026-05-26 09:30:43,M1,90.43,2.32
2026-05-26 09:30:45,M1,55.96,1.8
2026-05-26 09:30:47,M1,67.0,1.76
2026-05-26 09:30:49,M1,79.68,2.46
2026-05-26 09:30:51,M3,73.59,4.01
2026-05-26 09:30:53,M1,80.33,3.93
2026-05-26 09:30:55,M3,90.04,1.47
2026-05-26 09:30:57,M2,58.41,4.79
2026-05-26 09:30:59,M1,91.92,3.5
2026-05-26 09:31:01,M3,85.02,1.32
2026-05-26 09:31:03,M1,56.31,2.63
2026-05-26 09:31:05,M2,82.11,1.82
2026-05-26 09:31:07,M3,83.69,1.28
2026-05-26 09:31:55,M2,89.03,4.85
2026-05-26 09:31:58,M3,68.99,2.9
2026-05-26 09:32:00,M3,77.46,3.15
2026-05-26 09:32:03,M3,80.13,1.98
2026-05-26 09:32:05,M3,57.6,3.14
2026-05-26 09:32:07,M2,67.14,3.7
2026-05-26 09:32:09,M3,81.17,3.97
2026-05-26 09:32:11,M3,62.52,3.2
2026-05-26 09:32:13,M3,63.07,1.66
2026-05-26 09:32:15,M3,88.9,4.66
2026-05-26 09:32:17,M3,80.86,3.79
2026-05-26 09:32:19,M1,72.86,2.45
